ID_CLIENTE;SAFRA_REF;PROBABILIDADE_INADIMPLENCIA
5058298901476893676;2021-07;0.010177131313992626
274692171162531764;2021-07;0.015651682157529212
274692171162531764;2021-07;0.01472144959938968
274692171162531764;2021-07;0.014044030244550969
465309249432033993;2021-07;0.005313417273783127
465309249432033993;2021-07;0.006005819234567441
465309249432033993;2021-07;0.00841390746986156
465309249432033993;2021-07;0.007372240803194891
5883155883105348987;2021-07;0.0165807433935615
5883155883105348987;2021-07;0.011722052668505876
4489904752023469353;2021-07;0.20514987441274077
3355881107559250653;2021-07;0.021680466076129327
3355881107559250653;2021-07;0.018776514291431148
3355881107559250653;2021-07;0.016752900725099565
3355881107559250653;2021-07;0.012266753924630436
3355881107559250653;2021-07;0.012278377678613416
3355881107559250653;2021-07;0.023854331505273205
3355881107559250653;2021-07;0.02840142918555756
6330043096034525408;2021-07;0.10228755114860708
6330043096034525408;2021-07;0.12133118474862942
6964108750473070287;2021-07;0.041232740370939075
6964108750473070287;2021-07;0.07558350123399514
6964108750473070287;2021-07;0.04658586126800848
6964108750473070287;2021-07;0.03173044875574424
6964108750473070287;2021-07;0.0334897080150035
6964108750473070287;2021-07;0.03324580557597911
6964108750473070287;2021-07;0.03324580557597911
6964108750473070287;2021-07;0.03311933764463313
6964108750473070287;2021-07;0.05658815288320333
6964108750473070287;2021-07;0.03311933764463313
6964108750473070287;2021-07;0.04797475015689738
6964108750473070287;2021-07;0.045203623244594
6964108750473070287;2021-07;0.07090830470868079
6964108750473070287;2021-07;0.03324580557597911
6964108750473070287;2021-07;0.03324580557597911
6964108750473070287;2021-07;0.07697239012288402
4008627434689715639;2021-07;0.24736465943867741
4008627434689715639;2021-07;0.3409916827023453
4008627434689715639;2021-07;0.16946727178297416
5757271354816214865;2021-07;0.8912950039898697
5757271354816214865;2021-07;0.829855375981498
5757271354816214865;2021-07;0.8807687463376733
5757271354816214865;2021-07;0.8870882390034438
5757271354816214865;2021-07;0.8912170646501264
5757271354816214865;2021-07;0.8218462635540656
5757271354816214865;2021-07;0.8877166760105777
5757271354816214865;2021-07;0.8850555725252011
5757271354816214865;2021-07;0.8184476852889219
5757271354816214865;2021-07;0.8498569037180763
5757271354816214865;2021-07;0.8950882276343592
5757271354816214865;2021-07;0.832536504376912
5757271354816214865;2021-07;0.8868653905039406
5757271354816214865;2021-07;0.8184476852889219
5757271354816214865;2021-07;0.8231428086906466
8909740532547211288;2021-07;0.004431487134492096
8909740532547211288;2021-07;0.006162770280462917
8909740532547211288;2021-07;0.00896253633960905
4045739494965095560;2021-07;0.004163687519704008
4045739494965095560;2021-07;0.00312683284457478
4045739494965095560;2021-07;0.004076260270355565
6759864637454708017;2021-07;0.012130172359274527
6759864637454708017;2021-07;0.01605582019099446
6759864637454708017;2021-07;0.016966364166054567
6759864637454708017;2021-07;0.014982087785885953
6759864637454708017;2021-07;0.00758366711297212
6759864637454708017;2021-07;0.014982087785885953
6134696632487351445;2021-07;0.012593341337240146
6134696632487351445;2021-07;0.007488265587796471
6134696632487351445;2021-07;0.012260008003906813
5373371196946859811;2021-07;0.023724903765677464
3095686599956852697;2021-07;0.0007392473118279569
3095686599956852697;2021-07;0.0018042521994134897
3095686599956852697;2021-07;0.0009090909090909091
1616952665234409442;2021-07;0.09330786277183854
1616952665234409442;2021-07;0.06427144198649469
1088521227159442264;2021-07;0.03102544201108933
1088521227159442264;2021-07;0.02411989949996848
1088521227159442264;2021-07;0.03111382097922595
8529899700094903171;2021-07;0.01331044820237471
8529899700094903171;2021-07;0.040730637416248223
8529899700094903171;2021-07;0.008851493458016413
8529899700094903171;2021-07;0.008851493458016413
8529899700094903171;2021-07;0.01331044820237471
8529899700094903171;2021-07;0.01447097668136783
8529899700094903171;2021-07;0.01447097668136783
499242942549937267;2021-07;0.16918429674715496
499242942549937267;2021-07;0.2363295523082099
499242942549937267;2021-07;0.2363295523082099
499242942549937267;2021-07;0.20291156528857102
499242942549937267;2021-07;0.19809675047375616
499242942549937267;2021-07;0.16963554573990275
499242942549937267;2021-07;0.19854799946650395
499242942549937267;2021-07;0.17790384821873156
499242942549937267;2021-07;0.15738127490165296
5897410907783139228;2021-07;0.0023171390013495274
5897410907783139228;2021-07;0.003996765556915933
5897410907783139228;2021-07;0.0027552342394447653
5897410907783139228;2021-07;0.0012731829573934836
2083323809219952960;2021-07;0.0071042788406461225
2083323809219952960;2021-07;0.009601561318925698
2083323809219952960;2021-07;0.009601561318925698
2083323809219952960;2021-07;0.009601561318925698
2083323809219952960;2021-07;0.0077927787935063286
2083323809219952960;2021-07;0.0030185495297646815
2083323809219952960;2021-07;0.006286103066435865
2083323809219952960;2021-07;0.025769569043930966
2083323809219952960;2021-07;0.032675643728729054
2083323809219952960;2021-07;0.02428378172076797
1953058402621337677;2021-07;0.004294587461482127
1953058402621337677;2021-07;0.0021212121212121214
1953058402621337677;2021-07;0.002939875554965069
1953058402621337677;2021-07;0.0029439822961659467
3408536439470975134;2021-07;0.0010087976539589442
3408536439470975134;2021-07;0.0010087976539589442
3408536439470975134;2021-07;0.0010087976539589442
3408536439470975134;2021-07;0.0010087976539589442
5687511145009775604;2021-07;0.1829600506065562
5687511145009775604;2021-07;0.6813922016667795
7485107528960607346;2021-07;0.017703351420198913
7485107528960607346;2021-07;0.03762666174878001
531805620371082364;2021-07;0.08218384947812744
5761480994209806499;2021-07;0.0009316770186335404
5761480994209806499;2021-07;0.002282051282051282
5761480994209806499;2021-07;0.002282051282051282
5761480994209806499;2021-07;0.002282051282051282
5761480994209806499;2021-07;0.0017142857142857142
5761480994209806499;2021-07;0.002282051282051282
5761480994209806499;2021-07;0.0017142857142857142
5761480994209806499;2021-07;0.0012820512820512818
5761480994209806499;2021-07;0.0014285714285714286
5761480994209806499;2021-07;0.0027365967365967363
5761480994209806499;2021-07;0.0
5761480994209806499;2021-07;0.0017142857142857142
5761480994209806499;2021-07;0.0003225806451612903
5761480994209806499;2021-07;0.0
5761480994209806499;2021-07;0.0033165340406719718
5761480994209806499;2021-07;0.0017142857142857142
4762256864594914240;2021-07;0.006450384926269772
8570963260597299378;2021-07;0.0033634330848326794
5974858472822751652;2021-07;0.012126968819025856
3421433989501830226;2021-07;0.5525202977356585
4327694790333781288;2021-07;0.007916180187333628
4327694790333781288;2021-07;0.0010618279569892472
8173830874846355280;2021-07;0.0008656174334140436
8173830874846355280;2021-07;0.0008656174334140436
8173830874846355280;2021-07;0.002132130490249681
8173830874846355280;2021-07;0.0005084745762711864
8173830874846355280;2021-07;0.0005084745762711864
8173830874846355280;2021-07;0.0044654638235830145
8173830874846355280;2021-07;0.0008656174334140436
8173830874846355280;2021-07;0.007061559576164697
8173830874846355280;2021-07;0.003582548650345261
8173830874846355280;2021-07;0.0005084745762711864
2347028805684088098;2021-07;0.009393279928131125
3632378524835692731;2021-07;0.002137107474568775
3632378524835692731;2021-07;0.002137107474568775
3632378524835692731;2021-07;0.002137107474568775
2033394215069562776;2021-07;0.054990815421771345
2033394215069562776;2021-07;0.055786269967225896
2033394215069562776;2021-07;0.055786269967225896
2033394215069562776;2021-07;0.055786269967225896
3285246914299291124;2021-07;0.010803872664962553
3285246914299291124;2021-07;0.007256749269897937
3285246914299291124;2021-07;0.008225400160875852
3285246914299291124;2021-07;0.008225400160875852
2929243640075785940;2021-07;0.008058151854240646
2929243640075785940;2021-07;0.008317582964181818
2929243640075785940;2021-07;0.006683439636786493
2929243640075785940;2021-07;0.008388613534084915
2929243640075785940;2021-07;0.007029590204473349
2407532237672094312;2021-07;0.0029944319164474263
2407532237672094312;2021-07;0.0019162640901771335
2407532237672094312;2021-07;0.009702743801006577
5635781225931111684;2021-07;0.00215044740498461
5635781225931111684;2021-07;0.003927996041009317
1235244772550233980;2021-07;0.010143062293474739
1235244772550233980;2021-07;0.007057188304070621
1235244772550233980;2021-07;0.0013921503722309845
4365965554261111250;2021-07;0.3286061091669993
5162636608292907782;2021-07;0.08695729760583637
8248484932270772248;2021-07;0.07041374098553291
924957821424248698;2021-07;0.002667830823318628
924957821424248698;2021-07;0.007559465382046026
924957821424248698;2021-07;0.007559465382046026
6828316696355015040;2021-07;0.007887108224215478
8409181491723988567;2021-07;0.01540039278776518
8409181491723988567;2021-07;0.01916726355921601
8409181491723988567;2021-07;0.08940352754176374
8409181491723988567;2021-07;0.01916726355921601
4532469127306079736;2021-07;0.012308822234344055
7664272163315705419;2021-07;0.005060292441286085
7664272163315705419;2021-07;0.004109333915141098
9206030810342980458;2021-07;0.013390861534720567
9206030810342980458;2021-07;0.0015607985480943737
9206030810342980458;2021-07;0.010716612332080018
5810778736737569699;2021-07;0.025571317602055686
5810778736737569699;2021-07;0.02485902944026808
1366416810235233769;2021-07;0.010049429770372386
1366416810235233769;2021-07;0.01337574136394476
1366416810235233769;2021-07;0.009440508605502735
1366416810235233769;2021-07;0.133848271838628
1366416810235233769;2021-07;0.00881662806345215
1366416810235233769;2021-07;0.009427910121964884
8067924767167570288;2021-07;0.01601573131550236
7908414709866823255;2021-07;0.022857310756788006
7908414709866823255;2021-07;0.018200208599685845
7908414709866823255;2021-07;0.022401911382999327
7908414709866823255;2021-07;0.022401911382999327
8994944800097997361;2021-07;0.026746384842987348
8994944800097997361;2021-07;0.02847729413334094
6950439982480713649;2021-07;0.10070196869675624
6950439982480713649;2021-07;0.11532819848562723
8901696535927078963;2021-07;0.016767650239762042
8901696535927078963;2021-07;0.014530142578341338
8901696535927078963;2021-07;0.014297458595657356
8901696535927078963;2021-07;0.016752238680218766
8901696535927078963;2021-07;0.022184656179326464
8901696535927078963;2021-07;0.008705988597650536
8901696535927078963;2021-07;0.015722927265826706
6204723742351094322;2021-07;0.033363632503081914
3095408468798675621;2021-07;0.0007692307692307692
3095408468798675621;2021-07;0.0010817307692307693
7722287846688771887;2021-07;0.017484642498393158
312543480920432545;2021-07;0.11377559827923686
312543480920432545;2021-07;0.009012812075663719
312543480920432545;2021-07;0.008436074021154667
6394935036014530592;2021-07;0.002234265734265734
6394935036014530592;2021-07;0.0021505376344086017
3281617395243454427;2021-07;0.034608256794126165
1115703227712697214;2021-07;0.03585926074228175
1115703227712697214;2021-07;0.02754943162344812
8185063234515056194;2021-07;0.0162722581636168
8185063234515056194;2021-07;0.010745148571461806
8185063234515056194;2021-07;0.009561737911912628
8185063234515056194;2021-07;0.007687962399918921
8185063234515056194;2021-07;0.024084468058537957
7492389223353246125;2021-07;0.11993049809574494
7492389223353246125;2021-07;0.2996457247026908
7492389223353246125;2021-07;0.12487717488355424
6217788509719675691;2021-07;0.012823413437953712
6217788509719675691;2021-07;0.0021285335755923994
8716163053080758848;2021-07;0.0027636562998405102
8716163053080758848;2021-07;0.003816179031696273
8716163053080758848;2021-07;0.006299072482331659
8716163053080758848;2021-07;0.006113882477090025
8716163053080758848;2021-07;0.005331330546847788
8716163053080758848;2021-07;0.005854186602870812
324916756972236008;2021-07;0.004554106277848741
324916756972236008;2021-07;0.32754993015185035
324916756972236008;2021-07;0.011190016792559772
324916756972236008;2021-07;0.027638722281125218
324916756972236008;2021-07;0.011815016792559772
324916756972236008;2021-07;0.009633518470620274
7269781193318890653;2021-07;0.010973810152615662
7269781193318890653;2021-07;0.010847872851616256
6784879562354696650;2021-07;0.05830503374035476
8229446069655666941;2021-07;0.8053460040678685
8229446069655666941;2021-07;0.12682408885092655
4972567100282306577;2021-07;0.014148400008604125
5864443060004179363;2021-07;0.005353426249061922
5864443060004179363;2021-07;0.004719526404043608
5864443060004179363;2021-07;0.09483506953566562
5864443060004179363;2021-07;0.0042379740752606036
5864443060004179363;2021-07;0.003821331446331447
2439954154030259398;2021-07;0.012079580487869277
8623308321032624474;2021-07;0.0230318466550132
8623308321032624474;2021-07;0.3757456627546219
8623308321032624474;2021-07;0.02283729862038039
4524147234488547993;2021-07;0.0065056878306878315
4524147234488547993;2021-07;0.0069074735449735445
4524147234488547993;2021-07;0.0055503306878306865
6987942592445950913;2021-07;0.0022672500108832875
6987942592445950913;2021-07;0.001876354639512534
6987942592445950913;2021-07;0.00258757215007215
6987942592445950913;2021-07;0.0031198376786612083
8684964138237894839;2021-07;0.01169963493190481
6582676833651678345;2021-07;0.01580545294600854
6582676833651678345;2021-07;0.015254728308327381
6582676833651678345;2021-07;0.016395079185520363
6582676833651678345;2021-07;0.01580545294600854
6582676833651678345;2021-07;0.01580545294600854
6582676833651678345;2021-07;0.019390787007088593
6582676833651678345;2021-07;0.019165912518853693
6582676833651678345;2021-07;0.016395079185520363
1036256411320325774;2021-07;0.029317651074905506
1036256411320325774;2021-07;0.04858196512463565
968199235777440720;2021-07;0.0021428571428571425
968199235777440720;2021-07;0.0021428571428571425
968199235777440720;2021-07;0.0
968199235777440720;2021-07;0.0021428571428571425
968199235777440720;2021-07;0.0
968199235777440720;2021-07;0.0021428571428571425
968199235777440720;2021-07;0.0021428571428571425
968199235777440720;2021-07;0.0
6916556752218696485;2021-07;0.010496995751659738
6916556752218696485;2021-07;0.007395308933635316
6916556752218696485;2021-07;0.007694042337618259
6916556752218696485;2021-07;0.0025573581421808067
6916556752218696485;2021-07;0.008304875636575575
6916556752218696485;2021-07;0.002910682185046592
6916556752218696485;2021-07;0.004320908258408258
6916556752218696485;2021-07;0.002910682185046592
6916556752218696485;2021-07;0.00879486809208527
6916556752218696485;2021-07;0.004808929387153241
6916556752218696485;2021-07;0.0025573581421808067
6916556752218696485;2021-07;0.004808929387153241
6030285068945261052;2021-07;0.00976786691247203
6030285068945261052;2021-07;0.010039334038024312
6030285068945261052;2021-07;0.027702713406844097
6030285068945261052;2021-07;0.0052916715652139845
6030285068945261052;2021-07;0.004268683059466857
8463871205935856285;2021-07;0.014343330760869723
4071158585850879204;2021-07;0.005452860317477639
4071158585850879204;2021-07;0.0021463653290773673
4071158585850879204;2021-07;0.03482347585370437
3218226066162129945;2021-07;0.05289420871356586
4679462479444735708;2021-07;0.009171338233867716
4679462479444735708;2021-07;0.005495841968238624
4679462479444735708;2021-07;0.0072288496222614575
4679462479444735708;2021-07;0.008306210878502024
4679462479444735708;2021-07;0.0072288496222614575
4679462479444735708;2021-07;0.004842162235574071
4724876423989598202;2021-07;0.032549026240445374
4724876423989598202;2021-07;0.020909138559370644
4724876423989598202;2021-07;0.018775702767996123
2128970218770090704;2021-07;0.14034673415516966
2128970218770090704;2021-07;0.0024357921771714875
2128970218770090704;2021-07;0.0024357921771714875
1003144834589372198;2021-07;0.010143339911722265
1003144834589372198;2021-07;0.010393969456469455
9127318190908282126;2021-07;0.008448376958438879
9127318190908282126;2021-07;0.008016235486823722
8163895533020293251;2021-07;0.3409178627796921
8163895533020293251;2021-07;0.4968283555622396
8163895533020293251;2021-07;0.3312533873925699
5794903898038236832;2021-07;0.07855656325919669
5794903898038236832;2021-07;0.0819098297842096
3960251564708868781;2021-07;0.039840583256955185
3960251564708868781;2021-07;0.04350961639782814
3960251564708868781;2021-07;0.03917965902136057
3960251564708868781;2021-07;0.03317374292269248
3960251564708868781;2021-07;0.03819571471900194
5888474320320735000;2021-07;0.46647888730750653
5888474320320735000;2021-07;0.4687646015932208
5888474320320735000;2021-07;0.4251741358645063
761746217261797478;2021-07;0.0015632053045846151
761746217261797478;2021-07;0.0006971153846153847
1507697130807703164;2021-07;0.006840338176380595
9184785003280841216;2021-07;0.010380912647281325
9184785003280841216;2021-07;0.009364796295080066
9184785003280841216;2021-07;0.024141611304361668
1182975716201409626;2021-07;0.0010742705570291778
1182975716201409626;2021-07;0.022997327236589645
1182975716201409626;2021-07;0.00458974358974359
1182975716201409626;2021-07;0.005512682657843948
1182975716201409626;2021-07;0.0036704913860086275
5369576709077493659;2021-07;0.11455626610270592
3472934456083131714;2021-07;0.009950033907824897
717981637594591016;2021-07;0.002687977632805219
717981637594591016;2021-07;0.02464913445788947
717981637594591016;2021-07;0.001830949267867481
717981637594591016;2021-07;0.004259314980004636
8255085612985072878;2021-07;0.014954584419974888
8255085612985072878;2021-07;0.016018414207208932
7751080728852739823;2021-07;0.01313113829735522
7751080728852739823;2021-07;0.03761367121294248
4347826483121154490;2021-07;0.02116118777365036
4347826483121154490;2021-07;0.004619848853825934
4347826483121154490;2021-07;0.004009803458406481
4347826483121154490;2021-07;0.004619848853825934
4347826483121154490;2021-07;0.0013582887700534759
4347826483121154490;2021-07;0.02036739619937098
4347826483121154490;2021-07;0.004619848853825934
4347826483121154490;2021-07;0.005091668412232928
4347826483121154490;2021-07;0.0009375
2214132103234633622;2021-07;0.016148121228723004
2214132103234633622;2021-07;0.017007288883852924
2214132103234633622;2021-07;0.017526698911883635
2214132103234633622;2021-07;0.02311712066333683
2214132103234633622;2021-07;0.02279454001817554
410843023337872279;2021-07;0.007497001216493181
2022367282554149730;2021-07;0.011830851336302175
2022367282554149730;2021-07;0.017126293439713492
7637066986811047950;2021-07;0.006684688766488493
7637066986811047950;2021-07;0.009714775717446686
7637066986811047950;2021-07;0.00697121636862418
86110062990790869;2021-07;0.0589931748052846
5304536516981778801;2021-07;0.008242881182770953
5304536516981778801;2021-07;0.005779747542217959
5304536516981778801;2021-07;0.00451343125596264
3829967475074118757;2021-07;0.2977488327999528
3829967475074118757;2021-07;0.33819002765956996
7444686668183702737;2021-07;0.0020676003194800186
7444686668183702737;2021-07;0.007476114163614163
682352428813668634;2021-07;0.034676286227284095
682352428813668634;2021-07;0.025916829696484726
682352428813668634;2021-07;0.031787418096834615
682352428813668634;2021-07;0.017486802565865017
682352428813668634;2021-07;0.01958743463008064
682352428813668634;2021-07;0.016497665986327178
7613717984547031729;2021-07;0.01072683385654678
7910340581026492945;2021-07;0.0005660377358490566
7910340581026492945;2021-07;0.0003333333333333333
7910340581026492945;2021-07;0.12070977707343174
6352592240901579272;2021-07;0.0066467929354564045
5574997762710520717;2021-07;0.008153152976846358
5574997762710520717;2021-07;0.004068503088338929
8939476669690489534;2021-07;0.008917463204963205
107343823625119033;2021-07;0.01755031137602634
6349142675790687765;2021-07;0.26067599748681514
6349142675790687765;2021-07;0.2581188950270017
6349142675790687765;2021-07;0.24744291998130116
5067621068959932809;2021-07;0.05351974855830204
5067621068959932809;2021-07;0.11061420501447629
5067621068959932809;2021-07;0.05351974855830204
5067621068959932809;2021-07;0.05717974931892748
5067621068959932809;2021-07;0.05078599780656248
2397171153213063761;2021-07;0.004680578286905426
2397171153213063761;2021-07;0.006007047675150321
2397171153213063761;2021-07;0.0030972976024052435
2397171153213063761;2021-07;0.007945879634311225
2397171153213063761;2021-07;0.0040745176808448195
8195468623809753777;2021-07;0.007780789628733422
8195468623809753777;2021-07;0.02370105713374503
8195468623809753777;2021-07;0.013504579413286122
8195468623809753777;2021-07;0.01299973436748989
6271697692808086495;2021-07;0.05508060617744715
5176940320835464459;2021-07;0.007798359882123263
5176940320835464459;2021-07;0.034012100692346024
5176940320835464459;2021-07;0.02401715494453243
5176940320835464459;2021-07;0.021721750424791873
5176940320835464459;2021-07;0.007733704709709469
5176940320835464459;2021-07;0.021721750424791873
5176940320835464459;2021-07;0.007733704709709469
4342146186255136598;2021-07;0.003632577100319036
4342146186255136598;2021-07;0.012666721622603976
4342146186255136598;2021-07;0.13358559678324045
4795152981525833467;2021-07;0.007142327340603201
4795152981525833467;2021-07;0.02427529342663826
4795152981525833467;2021-07;0.02427529342663826
4795152981525833467;2021-07;0.05332853552658372
4795152981525833467;2021-07;0.04346617244727231
5714540197488862003;2021-07;0.15709463259302456
5714540197488862003;2021-07;0.8054969748181853
5714540197488862003;2021-07;0.22142778230518767
6012031176108922616;2021-07;0.03045320910304893
1998941557906036376;2021-07;0.007209507833228856
5558533999208199371;2021-07;0.3664326444651195
8464809590757561185;2021-07;0.007156266762023958
8464809590757561185;2021-07;0.0015094339622641509
8464809590757561185;2021-07;0.0030508411562412863
8464809590757561185;2021-07;0.0011666666666666668
6721448955097663572;2021-07;0.01099714496542919
6721448955097663572;2021-07;0.011972092502974853
6721448955097663572;2021-07;0.010807384977175084
5225029212547588718;2021-07;0.01413369469907547
5225029212547588718;2021-07;0.015498618624686687
5225029212547588718;2021-07;0.005944731231638253
8926565682509268383;2021-07;0.07068905428759897
8926565682509268383;2021-07;0.08338755783654818
8926565682509268383;2021-07;0.004063137631759087
8926565682509268383;2021-07;0.006444603149000467
8926565682509268383;2021-07;0.002882439732514695
8926565682509268383;2021-07;0.004015839158122366
8926565682509268383;2021-07;0.004487069316852525
2983174282784691273;2021-07;0.006151046053425091
2983174282784691273;2021-07;0.14073567014417582
8536031856585966123;2021-07;0.010160469569688144
8536031856585966123;2021-07;0.011483013070402481
8536031856585966123;2021-07;0.2968280875727715
8536031856585966123;2021-07;0.31911000805816636
8536031856585966123;2021-07;0.26832978483863124
7696655736121386405;2021-07;0.04208911981623783
7696655736121386405;2021-07;0.05324430340218519
7750874287225529604;2021-07;0.01471509548365328
7750874287225529604;2021-07;0.014400366197725884
7750874287225529604;2021-07;0.03220429164100367
8013668117699219722;2021-07;0.012169857515680916
7289435138601868544;2021-07;0.0026762820512820514
7289435138601868544;2021-07;0.0022129526634532197
7289435138601868544;2021-07;0.0009003831417624521
5042877476420217533;2021-07;0.0028773584905660374
5042877476420217533;2021-07;0.0028497863041871524
1299146298565441811;2021-07;0.034439120654876094
8376902089871279815;2021-07;0.00840940281668934
8376902089871279815;2021-07;0.0032407119587646973
8376902089871279815;2021-07;0.005338485026936247
3997247264680905799;2021-07;0.0012520276615726118
3997247264680905799;2021-07;0.0016520276615726117
5029701292539093910;2021-07;0.00509468893042747
8733525963966339207;2021-07;0.5353866689529747
8733525963966339207;2021-07;0.4327469292080567
8733525963966339207;2021-07;0.5233973111320029
1454789421854453615;2021-07;0.09012830776219341
1454789421854453615;2021-07;0.25143492195084566
1454789421854453615;2021-07;0.14569822069752975
1454789421854453615;2021-07;0.2482158359293403
209477776078372134;2021-07;0.010627177594850247
209477776078372134;2021-07;0.011564677594850246
209477776078372134;2021-07;0.011198606166278817
209477776078372134;2021-07;0.007041817359203308
3156852928909455203;2021-07;0.0020517111907125286
3156852928909455203;2021-07;0.0028759052804424854
7590999900861381526;2021-07;0.06410940268444432
4556737702757145073;2021-07;0.0037529137529137536
6545052034269841737;2021-07;0.0052133915417838265
6545052034269841737;2021-07;0.002897608138987449
6545052034269841737;2021-07;0.04426041459485851
6545052034269841737;2021-07;0.0039817760783608545
6545052034269841737;2021-07;0.0019105691056910568
6545052034269841737;2021-07;0.0010549450549450549
3571198145319411787;2021-07;0.004992761928789662
3571198145319411787;2021-07;0.003875305956586744
3571198145319411787;2021-07;0.008923586383603369
3571198145319411787;2021-07;0.0031058201058201057
8874257794774679816;2021-07;0.01719283565021025
2634859679238614382;2021-07;0.00221442535958665
2634859679238614382;2021-07;0.005067814661238289
2634859679238614382;2021-07;0.0033238137398180125
2634859679238614382;2021-07;0.007391687273246493
2634859679238614382;2021-07;0.0047454657411553965
2634859679238614382;2021-07;0.0070114405424713975
2678966409665050034;2021-07;0.006407318239192296
2678966409665050034;2021-07;0.005676963393918096
2678966409665050034;2021-07;0.0079792543779889
2678966409665050034;2021-07;0.009222737344933982
2250817603281429928;2021-07;0.0018555008210180623
2106875407768047316;2021-07;0.00700455257116506
7458891296671174680;2021-07;0.04357620052698314
8213533889694327948;2021-07;0.007117892200210098
8213533889694327948;2021-07;0.007178237027796306
8213533889694327948;2021-07;0.007117892200210098
6471448246085839373;2021-07;0.002306179812157624
2532435113844289043;2021-07;0.01486753327945275
2532435113844289043;2021-07;0.0072852603327078855
2532435113844289043;2021-07;0.008167768509930604
2532435113844289043;2021-07;0.007618593666041219
2532435113844289043;2021-07;0.009852283328670563
2532435113844289043;2021-07;0.015692319604239075
2532435113844289043;2021-07;0.010863283568348892
2532435113844289043;2021-07;0.011683445456001012
2532435113844289043;2021-07;0.007618593666041219
2532435113844289043;2021-07;0.009852283328670563
2532435113844289043;2021-07;0.011921248845911942
3137879241768961145;2021-07;0.010182430978905907
3137879241768961145;2021-07;0.010472076637409528
3118152790263512426;2021-07;0.004361188306709376
3118152790263512426;2021-07;0.004062347957559996
903093877129717133;2021-07;0.006524697155608991
903093877129717133;2021-07;0.004181374029527244
2645324649046215594;2021-07;0.009598087500326752
2645324649046215594;2021-07;0.0002631578947368421
2645324649046215594;2021-07;0.0015536412512218963
621182491555347581;2021-07;0.03140841829435449
621182491555347581;2021-07;0.021943837544298427
8706851346184249504;2021-07;0.01322276087405883
1343530446996409207;2021-07;0.01096422579447735
1343530446996409207;2021-07;0.020466675354571993
3977861004707764824;2021-07;0.03196591010644026
3977861004707764824;2021-07;0.039502756485483376
3977861004707764824;2021-07;0.028136361955360453
3977861004707764824;2021-07;0.04043581936580792
3977861004707764824;2021-07;0.02904794011728061
1156053485989336481;2021-07;0.06908245129978594
1156053485989336481;2021-07;0.0461575314300601
1156053485989336481;2021-07;0.7146642899836962
1156053485989336481;2021-07;0.0273135103781683
1156053485989336481;2021-07;0.026079604499101135
1156053485989336481;2021-07;0.039391456838615314
1156053485989336481;2021-07;0.0273135103781683
1118514612547157551;2021-07;0.05518209652127373
1118514612547157551;2021-07;0.05194271996860162
6817075905797098547;2021-07;0.06188400771115735
7930925883736021864;2021-07;0.0018903061224489796
7930925883736021864;2021-07;0.0001818181818181818
7930925883736021864;2021-07;0.002682327586206897
7930925883736021864;2021-07;0.00197198275862069
7930925883736021864;2021-07;0.0022491342271935997
7930925883736021864;2021-07;0.001627155172413793
7930925883736021864;2021-07;0.0013456632653061223
2451708306555441014;2021-07;0.016872292651346443
7442192566700924647;2021-07;0.012528679556501483
7442192566700924647;2021-07;0.17761002675477144
7442192566700924647;2021-07;0.005419461924513555
7442192566700924647;2021-07;0.0065661887791724684
2988042199057874759;2021-07;0.010207859209239887
3634047863995720708;2021-07;0.0031302453348489158
7085295800541340563;2021-07;0.0017588027282794726
7085295800541340563;2021-07;0.015369118691807132
7085295800541340563;2021-07;0.0002325581395348837
4335865859049992260;2021-07;0.031042452948480802
4335865859049992260;2021-07;0.008366261435386262
2290083177086946553;2021-07;0.003943376079567884
2290083177086946553;2021-07;0.003943376079567884
2290083177086946553;2021-07;0.003008543417366947
7177785309735471560;2021-07;0.010273513696456736
7177785309735471560;2021-07;0.010842616977471482
5477523784812182605;2021-07;0.5635032677686074
5477523784812182605;2021-07;0.48636150059246924
8961924617442201922;2021-07;0.005897204642258346
7595945751692012281;2021-07;0.0037155758855266247
2333404192508932057;2021-07;0.0032997190588334373
2333404192508932057;2021-07;0.004285470473056937
2333404192508932057;2021-07;0.0017702486418250264
4593070249039532001;2021-07;0.13420424912414353
6053752047545474051;2021-07;0.004967304085069854
6053752047545474051;2021-07;0.0012388157894736842
6053752047545474051;2021-07;0.0013596491228070173
6053752047545474051;2021-07;0.0029309829663090536
6053752047545474051;2021-07;0.007159850934024148
6053752047545474051;2021-07;0.006313324044734102
6053752047545474051;2021-07;0.009697177386034251
6091519986999196884;2021-07;0.0011997736276174306
6091519986999196884;2021-07;0.0
7535160686416710323;2021-07;0.006690913218930689
3036967290595689189;2021-07;0.010239442150278867
5999145415800242177;2021-07;0.027853727155246838
5999145415800242177;2021-07;0.027932902938099708
7930644815080409701;2021-07;0.022660842132182394
510795635145114083;2021-07;0.009770068496773525
510795635145114083;2021-07;0.004581433703826761
510795635145114083;2021-07;0.00963786276486343
510795635145114083;2021-07;0.007833320975338324
510795635145114083;2021-07;0.005002948774380645
187117706370645370;2021-07;0.03922479840292084
187117706370645370;2021-07;0.03300027619266043
187117706370645370;2021-07;0.11186937303681337
5462970244186515758;2021-07;0.007796440714252291
5462970244186515758;2021-07;0.00454276374384604
4769364850030443969;2021-07;0.07429671673986751
4769364850030443969;2021-07;0.06919553416413879
4769364850030443969;2021-07;0.07174999212517108
5726178124659661019;2021-07;0.008316248553387041
5726178124659661019;2021-07;0.01450357124288495
5726178124659661019;2021-07;0.013652169227427634
5726178124659661019;2021-07;0.015564915842072247
5726178124659661019;2021-07;0.0140915574897223
5726178124659661019;2021-07;0.06838136585533329
5726178124659661019;2021-07;0.017414019826032773
5726178124659661019;2021-07;0.015564915842072247
5726178124659661019;2021-07;0.013535281506853276
5726178124659661019;2021-07;0.011186456123594613
5726178124659661019;2021-07;0.00541476574500768
5726178124659661019;2021-07;0.016910207023060776
5726178124659661019;2021-07;0.015705999632813338
5726178124659661019;2021-07;0.011186456123594613
5726178124659661019;2021-07;0.00541476574500768
5726178124659661019;2021-07;0.013535281506853276
5726178124659661019;2021-07;0.01659832125802667
5726178124659661019;2021-07;0.017735633968032315
1141681690629134039;2021-07;0.006124571140622073
4095739077267179172;2021-07;0.029605629853620398
4095739077267179172;2021-07;0.03217477702097916
4095739077267179172;2021-07;0.028157052028274027
1551531256789550891;2021-07;0.008729099748915612
1551531256789550891;2021-07;0.019687561734932035
1551531256789550891;2021-07;0.0076169129885019
9108733472015251498;2021-07;0.008731394222976373
851897122328714307;2021-07;0.0033405563817038753
6795467882769787169;2021-07;0.010548961167755923
5856610998569876318;2021-07;0.0013355046421084156
3093415403379897112;2021-07;0.0027259105836692043
6061850657256270336;2021-07;0.091592986710552
6061850657256270336;2021-07;0.032425355521459476
165658847908185334;2021-07;0.027028818410394492
4850722092974676955;2021-07;0.0670733775450071
4850722092974676955;2021-07;0.05225106737129317
3140918607946425426;2021-07;0.0002702702702702703
7398738404146260251;2021-07;0.008201918894146286
4863405965754103821;2021-07;0.08871557722470903
4863405965754103821;2021-07;0.0891508418285491
4863405965754103821;2021-07;0.18832970942490646
4863405965754103821;2021-07;0.18549738053375406
4863405965754103821;2021-07;0.08657583049753675
4863405965754103821;2021-07;0.08665752984394198
4863405965754103821;2021-07;0.1876243672874341
4863405965754103821;2021-07;0.12194204601598836
4863405965754103821;2021-07;0.18587419701792346
968400235888951633;2021-07;0.008370633062810062
798425422240919854;2021-07;0.007497863113765704
1308019675417057675;2021-07;0.002340329342230127
1308019675417057675;2021-07;0.0029606300941098264
6238903426443761049;2021-07;0.005690722220406503
6238903426443761049;2021-07;0.005953880115143345
6238903426443761049;2021-07;0.006623805256869773
4465150716052427320;2021-07;0.009738115678121904
4465150716052427320;2021-07;0.017090696032934984
1033361676287635885;2021-07;0.029689948490465756
1033361676287635885;2021-07;0.029689948490465756
1033361676287635885;2021-07;0.029689948490465756
652740132671309295;2021-07;0.036988889809024955
652740132671309295;2021-07;0.04783060212335874
652740132671309295;2021-07;0.019122074999434423
8004521604421988528;2021-07;0.018407997321699534
8004521604421988528;2021-07;0.014899603952962052
4717717003637613480;2021-07;0.0008269794721407625
8348574220426911086;2021-07;0.02087456008612292
5301988619224057921;2021-07;0.4398865419752298
5301988619224057921;2021-07;0.44657323815907973
5301988619224057921;2021-07;0.5167227742269226
5301988619224057921;2021-07;0.40048797789418594
5301988619224057921;2021-07;0.3662610049154915
5301988619224057921;2021-07;0.3997768022773499
8350724667410677464;2021-07;0.011679297856377623
8350724667410677464;2021-07;0.007091769145973882
7457803471605010846;2021-07;0.0015355035768828873
7457803471605010846;2021-07;0.0015304925155051024
1430896989654626045;2021-07;0.0369355596869691
1430896989654626045;2021-07;0.03542754686645627
1430896989654626045;2021-07;0.049442654458731215
2554972344348383830;2021-07;0.0066085594515721555
2554972344348383830;2021-07;0.0074825090314040886
2819054834565698513;2021-07;0.04811157762884002
2819054834565698513;2021-07;0.06624904777809877
8843432852270832388;2021-07;0.0018083597003293276
2943087245123311166;2021-07;0.017445072043171538
2943087245123311166;2021-07;0.2549883634898934
2943087245123311166;2021-07;0.013467968557914512
2943087245123311166;2021-07;0.01787733884507781
8826489829259520138;2021-07;0.004457328073504544
8826489829259520138;2021-07;0.003684434300610771
8826489829259520138;2021-07;0.008143382352959128
8826489829259520138;2021-07;0.010228699813276588
8535586342375301953;2021-07;0.020470571106933778
1661240395903230676;2021-07;0.07186902541046526
1661240395903230676;2021-07;0.06650817345799935
1661240395903230676;2021-07;0.04915456092290002
1661240395903230676;2021-07;0.07552112842441037
8049805689946244047;2021-07;0.049134199572327016
1276604410881911401;2021-07;0.027712710662748878
1276604410881911401;2021-07;0.028985437935476147
1276604410881911401;2021-07;0.054304605559602155
1276604410881911401;2021-07;0.054304605559602155
1276604410881911401;2021-07;0.05791571667071326
1276604410881911401;2021-07;0.029960890131858577
1276604410881911401;2021-07;0.054304605559602155
1276604410881911401;2021-07;0.027712710662748878
1276604410881911401;2021-07;0.09004804731837587
1276604410881911401;2021-07;0.13578830354281976
5432443358006556295;2021-07;0.0032845168495996336
5432443358006556295;2021-07;0.002859013327098433
8603678028264007695;2021-07;0.00017543859649122806
8603678028264007695;2021-07;0.0014254385964912282
5511113649464808344;2021-07;0.28482883051961017
5511113649464808344;2021-07;0.036084879431678624
5511113649464808344;2021-07;0.037830700452787316
3263212305228307743;2021-07;0.004647206211166167
3263212305228307743;2021-07;0.0009090909090909091
3263212305228307743;2021-07;0.0018253968253968253
3263212305228307743;2021-07;0.0003125
170089315547146305;2021-07;0.09600652272463153
170089315547146305;2021-07;0.09221597977462799
170089315547146305;2021-07;0.09597629414686196
170089315547146305;2021-07;0.09221597977462799
4740535838297269949;2021-07;0.01270228764556846
4740535838297269949;2021-07;0.009386510400389103
4740535838297269949;2021-07;0.010470568371403595
4740535838297269949;2021-07;0.007421990171990172
4740535838297269949;2021-07;0.014088939258350142
4740535838297269949;2021-07;0.009807911590365951
7970976988071755401;2021-07;0.03696342122909213
7970976988071755401;2021-07;0.024343898593350496
8287608084245946173;2021-07;0.004377976190476191
8287608084245946173;2021-07;0.028154884986307152
1423952977138155129;2021-07;0.001637324268903216
1423952977138155129;2021-07;0.002685185185185185
2455576782104041698;2021-07;0.08020892254279138
2455576782104041698;2021-07;0.18437407303589393
6373947691253940364;2021-07;0.05077253067430255
459290606780222306;2021-07;0.006991938689883776
459290606780222306;2021-07;0.006991938689883776
459290606780222306;2021-07;0.04239841428307896
459290606780222306;2021-07;0.00750918006919412
459290606780222306;2021-07;0.0033076020772935468
459290606780222306;2021-07;0.00750918006919412
459290606780222306;2021-07;0.01170478647527511
4052557282157719526;2021-07;0.0036161656060273574
7215093571368368138;2021-07;0.2146733353220734
7215093571368368138;2021-07;0.22667363835071658
7215093571368368138;2021-07;0.17752829869048145
1192891347324061812;2021-07;0.03161022332453024
1192891347324061812;2021-07;0.02527383231145599
1192891347324061812;2021-07;0.02018799587332144
1192891347324061812;2021-07;0.02527383231145599
1192891347324061812;2021-07;0.026627169260831023
3022528659032597047;2021-07;0.0035507821486082352
3022528659032597047;2021-07;0.0015553539019963702
2763141362035716801;2021-07;0.00918937112615331
2763141362035716801;2021-07;0.009354759666117402
5465001651966355821;2021-07;0.15347497739435073
5465001651966355821;2021-07;0.10164024254513189
3357976326879346012;2021-07;0.1225112412012495
5880041582322293710;2021-07;0.01874310029064931
5880041582322293710;2021-07;0.1455084283600085
5880041582322293710;2021-07;0.013477884055271784
5880041582322293710;2021-07;0.0003125
6927178425683104769;2021-07;0.015166058104789475
6927178425683104769;2021-07;0.00843117866667581
4723919748432185874;2021-07;0.002020310927287672
4723919748432185874;2021-07;0.0026730528214088754
7325545718770538459;2021-07;0.015475419232725003
7325545718770538459;2021-07;0.011665656264493474
7325545718770538459;2021-07;0.18028399352046798
7325545718770538459;2021-07;0.010165235389072597
7325545718770538459;2021-07;0.010591414602016519
7325545718770538459;2021-07;0.010165235389072597
7325545718770538459;2021-07;0.012939891961919572
5753677550753111444;2021-07;0.0005714285714285714
5753677550753111444;2021-07;0.0015391705069124422
8559143756893267192;2021-07;0.07329361097854008
1292049196559782171;2021-07;0.016578999981798282
4334472256949955221;2021-07;0.0057539551980153565
4334472256949955221;2021-07;0.007957559420088902
6367769402148499693;2021-07;0.00510948998363567
6367769402148499693;2021-07;0.00510948998363567
6367769402148499693;2021-07;0.00510948998363567
7816319470107777265;2021-07;0.007977029592950841
7816319470107777265;2021-07;0.01896500352303304
696014079855281037;2021-07;0.08147068777867682
4874157215501489741;2021-07;0.016354255525786333
4874157215501489741;2021-07;0.02937305146201638
4874157215501489741;2021-07;0.018104126903698902
3204108603682323936;2021-07;0.006326409866307998
3204108603682323936;2021-07;0.010968831561743973
3204108603682323936;2021-07;0.006326409866307998
3204108603682323936;2021-07;0.010679834856618234
4202876623878743806;2021-07;0.01887837517830686
3822753345985951756;2021-07;0.012383517738344117
3822753345985951756;2021-07;0.011022275924069595
4853303856126909724;2021-07;0.3427744234026362
6242636379248496392;2021-07;0.007119861659224054
5799279645678609726;2021-07;0.09939285867194972
4850936440093751199;2021-07;0.00037037037037037035
4850936440093751199;2021-07;0.002504459561602419
8552039412779393821;2021-07;0.029032052407698825
8552039412779393821;2021-07;0.02697510360937071
7436628409157313756;2021-07;0.07489001059528283
5855956854975734380;2021-07;0.010420080144044531
8123515208041701633;2021-07;0.06776507091489348
8123515208041701633;2021-07;0.06747576273879285
8123515208041701633;2021-07;0.06344742280728374
9156666134024889730;2021-07;0.00969645862680405
9156666134024889730;2021-07;0.00476774115902624
6754039979151386401;2021-07;0.02050074290215815
4183921942053157552;2021-07;0.032109433331132226
6941381638534728190;2021-07;0.011133834018329956
6941381638534728190;2021-07;0.012059697660922878
6941381638534728190;2021-07;0.011709845034396824
8332840690177201182;2021-07;0.15472220160748373
8332840690177201182;2021-07;0.15167619882695332
8332840690177201182;2021-07;0.16837205190700577
7870373680211625064;2021-07;0.0006451612903225806
7870373680211625064;2021-07;0.001270772238514174
2371917341091102894;2021-07;0.03440185244902912
2371917341091102894;2021-07;0.033196252028440634
1945147145527703963;2021-07;0.01562697297844957
1945147145527703963;2021-07;0.022858487303049707
7141263195360679278;2021-07;0.11345062614638789
7141263195360679278;2021-07;0.10609930797547643
7451017400765373278;2021-07;0.02269907806959513
7451017400765373278;2021-07;0.01410847265659838
5931905128207886847;2021-07;0.06805588404589696
4995679129936981612;2021-07;0.028336565153164676
1097345589386012260;2021-07;0.021253819491872678
1097345589386012260;2021-07;0.0051105765458865715
2694466161223698243;2021-07;0.4143344245452465
69766362497027920;2021-07;0.06424105582132165
2735662700719640627;2021-07;0.034499553130620385
2308217045093677129;2021-07;0.0031564108485274732
4820852183212661131;2021-07;0.579314972499423
4820852183212661131;2021-07;0.03228576273816475
4820852183212661131;2021-07;0.04243024316426066
984915269987074754;2021-07;0.004164739205163282
670573866376512619;2021-07;0.014619508054028299
670573866376512619;2021-07;0.014932072512702819
2012477868296377155;2021-07;0.007245003738210259
2012477868296377155;2021-07;0.021593245586452106
2012477868296377155;2021-07;0.008351230844437365
2012477868296377155;2021-07;0.008351230844437365
2012477868296377155;2021-07;0.008351230844437365
7707459425750676368;2021-07;0.04335034834964647
7707459425750676368;2021-07;0.04284489452672187
7707459425750676368;2021-07;0.04960727183886242
2092588065958607289;2021-07;0.005873015873015872
2092588065958607289;2021-07;0.006021351625560834
2092588065958607289;2021-07;0.0059068005419695025
2092588065958607289;2021-07;0.0025396825396825397
2092588065958607289;2021-07;0.0270266069643401
2092588065958607289;2021-07;0.009338772297951086
2092588065958607289;2021-07;0.0020469552457813645
2092588065958607289;2021-07;0.005873015873015872
837142477962609471;2021-07;0.0007787448465414568
837142477962609471;2021-07;0.0007787448465414568
1329553496073467331;2021-07;0.010883556036135698
963687627963462983;2021-07;0.003533193015699784
963687627963462983;2021-07;0.024042267455652282
963687627963462983;2021-07;0.0037145559760965764
8764962131207592182;2021-07;0.045309065987747844
1617695035450525647;2021-07;0.002758620689655172
1617695035450525647;2021-07;0.00016666666666666666
1617695035450525647;2021-07;0.0057014891066615205
1617695035450525647;2021-07;0.00824560989888478
1617695035450525647;2021-07;0.0
8596605705893456305;2021-07;0.14308196389757588
8596605705893456305;2021-07;0.18071239125279642
8596605705893456305;2021-07;0.1386311058094015
1088268935649917461;2021-07;0.022504819713293024
1088268935649917461;2021-07;0.022504819713293024
5460280878923715699;2021-07;0.009880439323773301
6969348581033924947;2021-07;0.016646242514955525
6969348581033924947;2021-07;0.00636039928827986
6969348581033924947;2021-07;0.004856115196398439
6969348581033924947;2021-07;0.04708945087209627
6969348581033924947;2021-07;0.008581906504467926
6969348581033924947;2021-07;0.009715014043186355
5758033363847724111;2021-07;0.008427572643954342
5758033363847724111;2021-07;0.008138632904183807
3382609338395832683;2021-07;0.012346316042293021
3382609338395832683;2021-07;0.017494732654211916
3750579377644235511;2021-07;0.7857857251304011
2408009918678280470;2021-07;0.004956681813993134
2408009918678280470;2021-07;0.0019992853058890796
2408009918678280470;2021-07;0.006149178327613898
2408009918678280470;2021-07;0.002598866018677339
2408009918678280470;2021-07;0.006149178327613898
3543162424793477785;2021-07;0.11398860665846819
3543162424793477785;2021-07;0.03212362402614248
7710364735942975505;2021-07;0.18231949286305238
7710364735942975505;2021-07;0.013949532168913249
683445437387317282;2021-07;0.006981933403475958
683445437387317282;2021-07;0.012358976960689452
683445437387317282;2021-07;0.004338776966185412
683445437387317282;2021-07;0.004338776966185412
683445437387317282;2021-07;0.003899634644315495
683445437387317282;2021-07;0.006343635531135532
3228830386980584958;2021-07;0.009528505505896394
5078307295214858596;2021-07;0.037171894445777204
5078307295214858596;2021-07;0.008449629757066222
5078307295214858596;2021-07;0.012914783486894564
4641659186059167709;2021-07;0.022812492231371308
5611787644735474299;2021-07;0.007579997851398148
5611787644735474299;2021-07;0.004094072594072594
5611787644735474299;2021-07;0.017358202038086176
5611787644735474299;2021-07;0.0007953712953712954
5611787644735474299;2021-07;0.0007953712953712954
5611787644735474299;2021-07;0.02451997699325435
1717812527056208209;2021-07;0.34949162994406435
295375823203017296;2021-07;0.0
295375823203017296;2021-07;0.004557753123166553
295375823203017296;2021-07;0.0005625000000000001
295375823203017296;2021-07;0.002013888888888889
5854364934896993687;2021-07;0.00881181911289838
5854364934896993687;2021-07;0.012786252197582589
7231408738455755015;2021-07;0.6502109129278825
7231408738455755015;2021-07;0.8607631585636905
7231408738455755015;2021-07;0.6628080529209703
7231408738455755015;2021-07;0.6628080529209703
2493688222671282470;2021-07;0.002066069428891377
2493688222671282470;2021-07;0.0017843615750273265
2493688222671282470;2021-07;0.002066069428891377
3161361581909316305;2021-07;0.014003656124423128
1536087798470875922;2021-07;0.11856320751478704
1536087798470875922;2021-07;0.10870695952466777
1536087798470875922;2021-07;0.1519920150343343
1536087798470875922;2021-07;0.16440533486246467
3915426102465954493;2021-07;0.007453023135548731
3281818438120834833;2021-07;0.015456015628846876
3281818438120834833;2021-07;0.023867787178989856
1958660709350677213;2021-07;0.027659225124228196
1958660709350677213;2021-07;0.09150197481422119
1696462947583294958;2021-07;0.005489896166608993
1696462947583294958;2021-07;0.005489896166608993
4675067298171588603;2021-07;0.13824634645330314
4675067298171588603;2021-07;0.16055413461208987
4675067298171588603;2021-07;0.09925475014877887
4675067298171588603;2021-07;0.13824634645330314
8083157716178259762;2021-07;0.006804662346129092
2209806355660046187;2021-07;0.0030160645020258555
8609211777002937758;2021-07;0.004252921861288193
7818340804682162328;2021-07;0.024822598690908103
7818340804682162328;2021-07;0.011523576694475093
9089528044547831569;2021-07;0.37176506757209793
9089528044547831569;2021-07;0.020705859142096984
5795100045494475994;2021-07;0.0021437693851486957
5795100045494475994;2021-07;0.0037289601990629136
3931892303497206092;2021-07;0.004083233365687727
3931892303497206092;2021-07;0.004083233365687727
3931892303497206092;2021-07;0.005638788921243283
2900002014851776114;2021-07;0.6972099609909883
835441927760881602;2021-07;0.40685821689360024
835441927760881602;2021-07;0.09843655498816918
835441927760881602;2021-07;0.09843655498816918
835441927760881602;2021-07;0.10471181770284367
8512214463586144353;2021-07;0.0019575058976815515
8512214463586144353;2021-07;0.004325094326820052
8512214463586144353;2021-07;0.09496372226051672
8512214463586144353;2021-07;0.0048574540043410195
8512214463586144353;2021-07;0.002656183884027687
8512214463586144353;2021-07;0.005050606346192085
1253437108265925705;2021-07;0.009276922664841052
1253437108265925705;2021-07;0.01004615343407182
1253437108265925705;2021-07;0.013979196127232672
5503391736465275980;2021-07;0.0049013839330858235
2006188298374001315;2021-07;0.004149511186157296
2006188298374001315;2021-07;0.006379206614969146
2006188298374001315;2021-07;0.0014027726659305605
3192341047315717823;2021-07;0.04329593483005345
5166128847048245697;2021-07;0.07321505597722452
5166128847048245697;2021-07;0.08421196801569257
8889055492416898333;2021-07;0.024120069697272033
8889055492416898333;2021-07;0.06202725951698148
8889055492416898333;2021-07;0.055364625743531494
1368430815953333691;2021-07;0.07048447987420198
3248432590399829766;2021-07;0.003672170728545502
3248432590399829766;2021-07;0.005973424837120611
7041489327620930099;2021-07;0.037086772687876815
7041489327620930099;2021-07;0.015728292900212545
1117184216453911295;2021-07;0.048695604088390514
1117184216453911295;2021-07;0.04261048522901881
1117184216453911295;2021-07;0.014323083517568424
2771214050521171719;2021-07;0.0034703092959671904
2771214050521171719;2021-07;0.002223285486443381
8503092146854371576;2021-07;0.09648998663316176
8503092146854371576;2021-07;0.00030303030303030303
7692335720341018458;2021-07;0.007330687305229197
7692335720341018458;2021-07;0.014137319487877274
93982185886107798;2021-07;0.0023464400088719505
93982185886107798;2021-07;0.0023464400088719505
93982185886107798;2021-07;0.0017280805846843581
7471183491728700531;2021-07;0.2124250691855947
5274777191770957761;2021-07;0.240328283751833
5274777191770957761;2021-07;0.1792251184469571
8609938720215175911;2021-07;0.01686488730084955
8609938720215175911;2021-07;0.017184176780406357
2726314736140152277;2021-07;0.6010839952574867
2726314736140152277;2021-07;0.5939857763235374
175003104385133396;2021-07;0.14064886532229862
175003104385133396;2021-07;0.018468275884752118
1637960623843047520;2021-07;0.24288151099211105
1637960623843047520;2021-07;0.21144966015070227
1637960623843047520;2021-07;0.6695547057794896
1637960623843047520;2021-07;0.24741520162480055
4043546053926060305;2021-07;0.30285944245715457
4043546053926060305;2021-07;0.2951186655968859
4043546053926060305;2021-07;0.28918091303579657
4043546053926060305;2021-07;0.26743181191861354
4043546053926060305;2021-07;0.2923619992535303
1778014915038250584;2021-07;0.14298384394902433
7347715771145302549;2021-07;0.004112268834637951
7347715771145302549;2021-07;0.005172874895244012
7347715771145302549;2021-07;0.007095508941217716
7347715771145302549;2021-07;0.006848979858648307
7347715771145302549;2021-07;0.0028388402996385887
1891145854263312840;2021-07;0.3416856051672821
1002362614649347438;2021-07;0.007681222576729091
4166581859919473627;2021-07;0.07781381366635172
4166581859919473627;2021-07;0.014797360509738788
1210783884008131648;2021-07;0.000689655172413793
1210783884008131648;2021-07;0.0014303959131545339
1210783884008131648;2021-07;0.004113400834646297
7787306805605072964;2021-07;0.17261130523141388
6724017568171288443;2021-07;0.0021440092165898616
6724017568171288443;2021-07;0.0015391705069124422
4714214581184951490;2021-07;0.0018861485389053342
1553628056929342565;2021-07;0.05202034818137955
7395696797140470088;2021-07;0.0040556562232829515
7395696797140470088;2021-07;0.0033173393105851907
7395696797140470088;2021-07;0.00578381875266252
8919892162361650175;2021-07;0.021498184086201518
8313765100460016738;2021-07;0.1258971169272862
8313765100460016738;2021-07;0.12908473563641734
39547025441582855;2021-07;0.23391425780195538
662944582644865942;2021-07;0.1051227815437079
8784237149961904;2021-07;0.0019647707979626484
8784237149961904;2021-07;0.0022603796882234915
1977574645216036803;2021-07;0.7187702603924694
3713742318997880410;2021-07;0.004611016863321011
3713742318997880410;2021-07;0.014585031360332179
2808145376905474927;2021-07;0.593752783613662
2808145376905474927;2021-07;0.11496861593630067
4566920105008626302;2021-07;0.003327931898712298
4566920105008626302;2021-07;0.0028551817079940315
4566920105008626302;2021-07;0.006703906648826125
1106971614386004604;2021-07;0.10800794535748723
2772135008486239291;2021-07;0.018542360557625988
2772135008486239291;2021-07;0.012950620604574416
8505870778358741102;2021-07;0.020258093597504478
8505870778358741102;2021-07;0.019015677417588295
8505870778358741102;2021-07;0.019784908186819068
8505870778358741102;2021-07;0.020062685964596844
8505870778358741102;2021-07;0.019015677417588295
2530707686830644666;2021-07;0.009124360816434222
2530707686830644666;2021-07;0.0036157141836655016
2530707686830644666;2021-07;0.0032244273744682444
7628167057144760589;2021-07;0.05584766192221766
7628167057144760589;2021-07;0.051880464732245
6865071386683133124;2021-07;0.006555228681746623
7403979270048469991;2021-07;0.06616795649356323
7403979270048469991;2021-07;0.017085270649767673
4995217181024687397;2021-07;0.007183275587086838
4995217181024687397;2021-07;0.002513100934153566
2302464746243069589;2021-07;0.0023435213328830353
2302464746243069589;2021-07;0.06509249832531502
3338087778895249031;2021-07;0.2047359694740437
5503073374822479037;2021-07;0.07416681549255234
8400764778654490278;2021-07;0.008768344244986251
5200455618694210402;2021-07;0.013147858321279866
3536704882799524586;2021-07;0.04170989780943708
3536704882799524586;2021-07;0.039986677431265674
2535803443850893368;2021-07;0.07736717425210361
5606267905834401873;2021-07;0.03480907711978484
5606267905834401873;2021-07;0.033552465568978306
5606267905834401873;2021-07;0.10439926324336407
5606267905834401873;2021-07;0.04095844822964935
121658372387044248;2021-07;0.0052992245627732585
121658372387044248;2021-07;0.0016279069767441861
511305041047444825;2021-07;0.040009433073612766
8480109508191086169;2021-07;0.002834725907306552
2951563549197799278;2021-07;0.0035550759472067358
2951563549197799278;2021-07;0.0035550759472067358
2951563549197799278;2021-07;0.0055495480826363176
8343941262792249232;2021-07;0.10022452104287724
8343941262792249232;2021-07;0.10590526155942284
8343941262792249232;2021-07;0.10590526155942284
3480297543931395935;2021-07;0.2276361512547276
3480297543931395935;2021-07;0.2356395535125557
3480297543931395935;2021-07;0.23519869672005675
3480297543931395935;2021-07;0.23999098050259499
3480297543931395935;2021-07;0.20032442272491502
7920896580423665241;2021-07;0.0218325803200596
2322847438374159400;2021-07;0.0
2322847438374159400;2021-07;0.0012142857142857142
8090492548102964782;2021-07;0.11387282824843588
8090492548102964782;2021-07;0.11677930000924384
113538242419211987;2021-07;0.010746861686919905
9099218788416728596;2021-07;0.6745993414927702
6546850858912852316;2021-07;0.05972994184516724
6546850858912852316;2021-07;0.050272091487104854
2382123267535341265;2021-07;0.050961500233209014
2382123267535341265;2021-07;0.050961500233209014
2382123267535341265;2021-07;0.11222368482406718
2382123267535341265;2021-07;0.015218446343442896
2382123267535341265;2021-07;0.018600379784541866
2382123267535341265;2021-07;0.04928961313142605
1951407691087813358;2021-07;0.004878887132651236
1951407691087813358;2021-07;0.008873271280228204
1951407691087813358;2021-07;0.00682543132919543
8162017568751362437;2021-07;0.031872660118789135
8162017568751362437;2021-07;0.031872660118789135
8162017568751362437;2021-07;0.031872660118789135
2658946240987854807;2021-07;0.012213774416632867
2658946240987854807;2021-07;0.006542312463929386
2658946240987854807;2021-07;0.004835195771098409
1698828605814171242;2021-07;0.0017037037037037036
1698828605814171242;2021-07;0.0017037037037037036
3027683745465216663;2021-07;0.0069142495055978526
3027683745465216663;2021-07;0.019294045413984485
3027683745465216663;2021-07;0.007574422665771014
6448580780254847411;2021-07;0.007289615178440605
6448580780254847411;2021-07;0.004652532110736445
5122095358293179297;2021-07;0.005183602990199095
5122095358293179297;2021-07;0.029794015540637746
5136739522477907100;2021-07;0.007483656602184303
5136739522477907100;2021-07;0.008154684987712171
3258345688897172820;2021-07;0.08762207501755694
3258345688897172820;2021-07;0.383083936976174
5263285038415073073;2021-07;0.03792475736771321
5371387005775513675;2021-07;0.010393175385520514
5371387005775513675;2021-07;0.6258168230261467
5371387005775513675;2021-07;0.6359640927517232
4858887739802767402;2021-07;0.0029866841696068592
3812760626052898456;2021-07;0.010936818162149758
3538481420098344176;2021-07;0.5821300473432138
3731278848600349375;2021-07;0.0016808755760368663
2119292203323657032;2021-07;0.02043396698592982
2119292203323657032;2021-07;0.02071161226735708
3382624494518753363;2021-07;0.29733615779074907
3382624494518753363;2021-07;0.7536458005211175
3382624494518753363;2021-07;0.2982039980921513
3382624494518753363;2021-07;0.3028335316828598
1788369195969129749;2021-07;0.005635559922732787
6276792736652545216;2021-07;0.0034886399004046063
1272921915900711149;2021-07;0.007523040467990047
7779268298304613772;2021-07;0.013408238590828856
4414438591613884911;2021-07;0.0020947388327606543
4414438591613884911;2021-07;0.005216162973921638
4414438591613884911;2021-07;0.003085005379630975
7120090169052575663;2021-07;0.015020762764216312
7120090169052575663;2021-07;0.01377977179762746
7176848230239877915;2021-07;0.00371753943318345
7176848230239877915;2021-07;0.0013047235023041475
7176848230239877915;2021-07;0.2265916846704781
191536915328669008;2021-07;0.4109874815849951
1864367736036633256;2021-07;0.0173481132118647
1864367736036633256;2021-07;0.01754548163291733
5409960473983330744;2021-07;0.025304707737549052
4919908458022265747;2021-07;0.0015591133004926108
4919908458022265747;2021-07;0.017502726211439154
4018182555897034052;2021-07;0.0014285714285714286
4018182555897034052;2021-07;0.00209206116464181
6909701795322574613;2021-07;0.09710316340244007
6145308913889808258;2021-07;0.8238799149597646
6145308913889808258;2021-07;0.19726500587269846
8548612698724688238;2021-07;0.056729415068248946
8828303152301461681;2021-07;0.006123284622238562
8828303152301461681;2021-07;0.004213859094383603
8828303152301461681;2021-07;0.004054684582036089
7182085930008391174;2021-07;0.01036954765345503
7182085930008391174;2021-07;0.024002378242436354
622073912578471754;2021-07;0.1932560748926677
8662923640484889291;2021-07;0.004654572849694801
2778852475840838977;2021-07;0.05476921383592568
6643358471662528195;2021-07;0.004611939542680556
6643358471662528195;2021-07;0.004898974505975317
2201150681962815877;2021-07;0.028425193844240238
2201150681962815877;2021-07;0.041549711320587344
5893903674205161232;2021-07;0.00030303030303030303
5893903674205161232;2021-07;0.0008225806451612903
5893903674205161232;2021-07;0.00030303030303030303
1357573192598249600;2021-07;0.0024262548262548264
1357573192598249600;2021-07;0.005682207207207207
4588313530969303734;2021-07;0.026347921949098185
4588313530969303734;2021-07;0.04806861644665885
4588313530969303734;2021-07;0.027044907828133576
4588313530969303734;2021-07;0.04126773531315881
7171835894416689226;2021-07;0.0882013476867096
4527499691197377217;2021-07;0.010257061287590172
3668905663669864663;2021-07;0.0047687004373461375
3668905663669864663;2021-07;0.004674306086070792
1674864668198542837;2021-07;0.25370492683143697
1674864668198542837;2021-07;0.26410163019736016
1477629972594346481;2021-07;0.016208060673820704
1477629972594346481;2021-07;0.13087383596499846
1477629972594346481;2021-07;0.016208060673820704
5958664040344043635;2021-07;0.01368676937229588
5082813456193598086;2021-07;0.025956454318842817
5082813456193598086;2021-07;0.0028834683037269244
5048392903148444335;2021-07;0.013966218302485874
1579681122696922043;2021-07;0.09450553314770958
3415156360538677905;2021-07;0.024347464784258404
3415156360538677905;2021-07;0.023147464784258397
271068078606473697;2021-07;0.020701065868001876
5440313607363845188;2021-07;0.06247510704470975
5440313607363845188;2021-07;0.009422082597471177
1613152204777372951;2021-07;0.0458259006724448
4210463673385510745;2021-07;0.7235727358493459
4210463673385510745;2021-07;0.06946354670900333
1683619849073499603;2021-07;0.007968086983391687
1683619849073499603;2021-07;0.007968086983391687
5358243820364010940;2021-07;0.26822660569088086
5358243820364010940;2021-07;0.0015833333333333333
7949169060790541229;2021-07;0.008908109857518854
5791518044186095039;2021-07;0.03270071552329573
5791518044186095039;2021-07;0.011745685725263456
8724731934863284019;2021-07;0.01578054070924377
8724731934863284019;2021-07;0.01578054070924377
8724731934863284019;2021-07;0.016584906301012035
8724731934863284019;2021-07;0.018475755203646905
1741049493106216406;2021-07;0.3568938547397947
6337915293429442229;2021-07;0.053433143398186174
4635578010631860111;2021-07;0.13668777071674534
6122719618012473549;2021-07;0.01746784812412977
3118683330911759410;2021-07;0.07420664255281934
3118683330911759410;2021-07;0.0756901560840093
7719481195372677540;2021-07;0.001481196581196581
7719481195372677540;2021-07;0.004065829291547486
8374461419511631785;2021-07;0.014419161988774725
8374461419511631785;2021-07;0.05813230158993885
1678680306005074426;2021-07;0.0006873385012919897
1678680306005074426;2021-07;0.001773001135139855
1678680306005074426;2021-07;0.0018979039891818797
8487807876567995441;2021-07;0.44799666028339274
8487807876567995441;2021-07;0.006724431925231284
8487807876567995441;2021-07;0.008724761010440316
1467843186411742274;2021-07;0.4872966367803339
3698481516392183789;2021-07;0.00346961840829175
5198904647759787695;2021-07;0.16673112289841058
3275327267689584006;2021-07;0.26179991374885825
3386019519917828299;2021-07;0.02598068072953896
8196449005061156808;2021-07;0.008735730382736041
3283662016127058429;2021-07;0.0021155537811941754
3555655653190753786;2021-07;0.14200112631110262
7665801401860589626;2021-07;0.0016041666666666665
6020593949794792044;2021-07;0.09464222973113737
6020593949794792044;2021-07;0.09503875861439305
6824842959463625344;2021-07;0.158387948515739
234898976850399181;2021-07;0.03347351631137308
4817816966382229074;2021-07;0.01290279537945151
4817816966382229074;2021-07;0.01290279537945151
4817816966382229074;2021-07;0.004222500893235971
4817816966382229074;2021-07;0.005605013208506906
4817816966382229074;2021-07;0.012468012770755856
3511416927745338332;2021-07;0.0012
3511416927745338332;2021-07;0.0007037037037037036
3511416927745338332;2021-07;0.0038249417519227425
3511416927745338332;2021-07;0.0011019736842105264
3511416927745338332;2021-07;0.004867802206245104
3511416927745338332;2021-07;0.005567957994938985
3511416927745338332;2021-07;0.001971631205673759
2335982750277990437;2021-07;0.08948633816026577
4090195792518021727;2021-07;0.00579216677223923
3690886209682028027;2021-07;0.0006012378426171529
3690886209682028027;2021-07;0.0023319817530845655
3690886209682028027;2021-07;0.000987154166877669
9101617110967101591;2021-07;0.004164254351639144
6681781879793693802;2021-07;0.0027067549812115027
4284129442855564250;2021-07;0.0027695182724252494
9052787288251876909;2021-07;0.0061595467327073385
2444743522510084109;2021-07;0.03899279458183611
940214356651040716;2021-07;0.06628569000671818
3045840317107313913;2021-07;0.027407643913741696
7142043104834932013;2021-07;0.09902768167408355
4785355632922927313;2021-07;0.11625973016394024
4785355632922927313;2021-07;0.09882525566993965
4956614249204803652;2021-07;0.030028900708968864
4956614249204803652;2021-07;0.4296482416050032
4956614249204803652;2021-07;0.05165313196934648
15070048310374146;2021-07;0.2631183552778623
7200509200540839533;2021-07;0.023291740986542724
7200509200540839533;2021-07;0.003650864733105846
4614484019183480654;2021-07;0.0033270333996140446
7999843484680834128;2021-07;0.20613982178770435
2377020220794016532;2021-07;0.016481590863405924
1273229638516517354;2021-07;0.00960011151175988
5522764880180045081;2021-07;0.005727952233502094
180672270337706285;2021-07;0.43487070422423796
180672270337706285;2021-07;0.4082536364588212
180672270337706285;2021-07;0.4082536364588212
2088532321693492263;2021-07;0.02346932226977537
326257359176916767;2021-07;0.0014784946236559137
5901769182336230217;2021-07;0.07259159819863671
5517114603826429870;2021-07;0.016625879542752905
5517114603826429870;2021-07;0.013448517306219215
5517114603826429870;2021-07;0.01639332140321802
5517114603826429870;2021-07;0.019070656029565973
1069093308328204542;2021-07;0.01211222625224488
1234611356650812259;2021-07;0.0811187706676781
2191990606593345695;2021-07;0.02139137456292038
2191990606593345695;2021-07;0.023600705593500172
5607900901204647807;2021-07;0.058628541714871994
7770458886439606839;2021-07;0.005743358455054925
7968118679747232249;2021-07;0.29096811584342436
6810366761249506182;2021-07;0.006949779056165354
4121608857053177761;2021-07;0.4723611399044815
1059336566956767188;2021-07;0.004015594541910331
792560389712312178;2021-07;0.007207209598947273
792560389712312178;2021-07;0.005133274855894884
8736788139020105764;2021-07;0.6777053272377147
287529573188507001;2021-07;0.0038913638520810512
7330131219998265639;2021-07;0.0021417457869070773
4831988987853936627;2021-07;0.02834995015108655
3279417303675586812;2021-07;0.017340080597909636
7692330898726665144;2021-07;0.02523613567456062
7692330898726665144;2021-07;0.05233629916580548
7828430488099134389;2021-07;0.08110053578891332
5429414161455643517;2021-07;0.3129131965379278
3516294920850464913;2021-07;0.07325603263981682
6617479989097680138;2021-07;0.08438828948543124
7031913170099381454;2021-07;0.19457715978679013
7067471043900250355;2021-07;0.05382347488646614
2380458252615213706;2021-07;0.058751184886785775
3536431875244944563;2021-07;0.083180070047381
4862285428951244424;2021-07;0.004841871519752092
3384356870037163810;2021-07;0.04006254879894709
2179772649873197365;2021-07;0.28638529547748864
6594970822995540982;2021-07;0.022511863517814965
1874387298050692165;2021-07;0.0021628852189123837
2677901391425651891;2021-07;0.007717527930421108
7246466789138290692;2021-07;0.0005172413793103448
5993765508162121762;2021-07;0.032968164417995965
1272921915900711149;2021-07;0.00509978302619812
1272921915900711149;2021-08;0.012338144019464415
2951563549197799278;2021-07;0.028269754221655227
2951563549197799278;2021-07;0.005910169189751113
2951563549197799278;2021-07;0.005500936971525206
2951563549197799278;2021-08;0.10045907699947158
5166128847048245697;2021-07;0.07382111658328512
5166128847048245697;2021-08;0.08071528302394172
4537982850248578883;2021-07;0.003315711378607662
4537982850248578883;2021-07;0.0023610347985347983
4537982850248578883;2021-07;0.0018377321603128055
4537982850248578883;2021-08;0.007038529266354949
4537982850248578883;2021-08;0.0065638653411512335
4537982850248578883;2021-08;0.004423085901027077
5274777191770957761;2021-07;0.1822850070454306
5274777191770957761;2021-08;0.2132344770043427
2988042199057874759;2021-07;0.011688728807272078
2988042199057874759;2021-07;0.013850505178461743
2988042199057874759;2021-07;0.016036076902795456
2988042199057874759;2021-07;0.012773744711223913
2988042199057874759;2021-08;0.01325303179511798
2988042199057874759;2021-08;0.20824813668266753
2988042199057874759;2021-08;0.01596017531267176
4593070249039532001;2021-07;0.005759105197913541
4593070249039532001;2021-07;0.005088413495115387
4593070249039532001;2021-07;0.11268011231229086
4593070249039532001;2021-08;0.0030684909363302023
924957821424248698;2021-07;0.008887196474483001
924957821424248698;2021-07;0.014843587829741416
924957821424248698;2021-07;0.007837243159823804
924957821424248698;2021-07;0.004864089860583549
924957821424248698;2021-08;0.006315964786462733
924957821424248698;2021-08;0.004301728177905638
924957821424248698;2021-08;0.008142328925592602
924957821424248698;2021-08;0.009205468240143705
968199235777440720;2021-07;0.0
968199235777440720;2021-07;0.0029047619047619043
968199235777440720;2021-07;0.0021428571428571425
968199235777440720;2021-07;0.022173449772886614
968199235777440720;2021-07;0.0
968199235777440720;2021-08;0.002865942744885377
968199235777440720;2021-08;0.004505287007180459
968199235777440720;2021-08;0.002312721456369971
968199235777440720;2021-08;0.08626397985743527
968199235777440720;2021-08;0.0029627328812931865
968199235777440720;2021-08;0.002312721456369971
968199235777440720;2021-08;0.002758651248640125
6330043096034525408;2021-07;0.14820174436120462
6330043096034525408;2021-07;0.13258067278787244
6330043096034525408;2021-08;0.5363521554958013
6330043096034525408;2021-08;0.7768956978669043
1637960623843047520;2021-07;0.2476591040638249
1637960623843047520;2021-07;0.6862898146721093
1637960623843047520;2021-07;0.2509627504555546
1637960623843047520;2021-07;0.25231197854464943
1637960623843047520;2021-07;0.24370390267510736
1637960623843047520;2021-07;0.24346000023608297
1637960623843047520;2021-08;0.1710927185223145
1637960623843047520;2021-08;0.1427191671697045
1637960623843047520;2021-08;0.1714076348840871
1637960623843047520;2021-08;0.1714076348840871
1637960623843047520;2021-08;0.6999432771403485
1477629972594346481;2021-07;0.012026449946157345
1477629972594346481;2021-08;0.011002504553562957
1477629972594346481;2021-08;0.17615090258708804
1477629972594346481;2021-08;0.05453071140101154
8733525963966339207;2021-07;0.13782285545352166
8733525963966339207;2021-07;0.6100911256313409
8733525963966339207;2021-07;0.5927529820572266
8733525963966339207;2021-07;0.5271277945720015
8733525963966339207;2021-07;0.5207077280685479
8733525963966339207;2021-07;0.5905932370025956
8733525963966339207;2021-07;0.5593295847614036
8733525963966339207;2021-08;0.3302061812795983
8733525963966339207;2021-08;0.4387117241864674
8733525963966339207;2021-08;0.6608145905453365
8733525963966339207;2021-08;0.40379460711838405
2554972344348383830;2021-07;0.0009226190476190476
2771214050521171719;2021-07;0.009922143690949854
2771214050521171719;2021-07;0.004082042116390341
2771214050521171719;2021-07;0.00482928365494155
2771214050521171719;2021-07;0.009072525349265588
2771214050521171719;2021-07;0.004495950321608216
2771214050521171719;2021-08;0.006880870566976045
2771214050521171719;2021-08;0.006246361542826883
2658946240987854807;2021-07;0.015193166940617423
2658946240987854807;2021-07;0.014870586295456133
2658946240987854807;2021-07;0.005105466041368679
2658946240987854807;2021-07;0.005428046686529969
2658946240987854807;2021-08;0.005924907403551977
6547707428090179960;2021-07;0.01840553548688689
6547707428090179960;2021-07;0.00491827618830643
6547707428090179960;2021-07;0.003212083556911143
6547707428090179960;2021-08;0.00720383350054561
8662923640484889291;2021-07;0.004654572849694801
8662923640484889291;2021-07;0.005584415584415584
6582676833651678345;2021-07;0.05829763759120318
6582676833651678345;2021-07;0.06069635381750563
6582676833651678345;2021-08;0.014728412518853696
6582676833651678345;2021-08;0.015061745852187027
6582676833651678345;2021-08;0.02053293748394234
6582676833651678345;2021-08;0.017359509492055933
6582676833651678345;2021-08;0.01644269823313941
6582676833651678345;2021-08;0.014728412518853696
2532435113844289043;2021-07;0.009900496887912174
2532435113844289043;2021-07;0.007618593666041219
2532435113844289043;2021-07;0.011683445456001012
2532435113844289043;2021-07;0.007618593666041219
2532435113844289043;2021-07;0.010239479938759632
2532435113844289043;2021-08;0.018417613513214855
2532435113844289043;2021-08;0.011209226032030967
2532435113844289043;2021-08;0.021212353249727953
2532435113844289043;2021-08;0.011209226032030967
8889055492416898333;2021-07;0.041588464312649044
8889055492416898333;2021-08;0.05764752628940495
8889055492416898333;2021-08;0.04468516581850293
8889055492416898333;2021-08;0.03395396354067497
8889055492416898333;2021-08;0.05036470378830491
1678680306005074426;2021-07;0.00022222222222222223
6916556752218696485;2021-07;0.006701272032971971
6916556752218696485;2021-07;0.002910682185046592
6916556752218696485;2021-07;0.006399399480475402
6916556752218696485;2021-07;0.00959228953972491
6916556752218696485;2021-07;0.00931932415102409
6916556752218696485;2021-07;0.009493765483754045
6916556752218696485;2021-07;0.0058109586426585815
6916556752218696485;2021-07;0.0031242511874090824
6916556752218696485;2021-07;0.004746476511993753
6916556752218696485;2021-07;0.005478435309738365
6916556752218696485;2021-07;0.0031620163393979877
6916556752218696485;2021-07;0.00931932415102409
6916556752218696485;2021-08;0.006181823277642461
6916556752218696485;2021-08;0.006177478577019734
6916556752218696485;2021-08;0.004182647094285025
6916556752218696485;2021-08;0.005655507488168777
6916556752218696485;2021-08;0.004850770637408568
6916556752218696485;2021-08;0.010269927550864701
6916556752218696485;2021-08;0.006177478577019734
6916556752218696485;2021-08;0.00835548991467404
6916556752218696485;2021-08;0.00872232777234095
6367769402148499693;2021-07;0.003759138522296416
6367769402148499693;2021-07;0.003759138522296416
6367769402148499693;2021-08;0.004786294728725432
1192891347324061812;2021-07;0.028937544151851072
1192891347324061812;2021-07;0.014116314006928093
1192891347324061812;2021-07;0.01972020075782444
1192891347324061812;2021-08;0.027543303613803433
1192891347324061812;2021-08;0.031941760494915844
524026009392362402;2021-07;0.012524393156743727
524026009392362402;2021-07;0.01254626502831788
8609938720215175911;2021-07;0.03870554811488287
8609938720215175911;2021-07;0.025500843617385388
8609938720215175911;2021-07;0.026638512252742993
8609938720215175911;2021-08;0.011045573937868789
8609938720215175911;2021-08;0.02248457310656493
8609938720215175911;2021-08;0.015537325152708009
5122095358293179297;2021-07;0.004794169505052538
5122095358293179297;2021-08;0.0022046850998463903
5122095358293179297;2021-08;0.0009730691056910569
499242942549937267;2021-07;0.18844609772477317
499242942549937267;2021-07;0.20828643283340098
499242942549937267;2021-07;0.18463122378434246
499242942549937267;2021-07;0.16666499046615207
499242942549937267;2021-07;0.15520652192565654
499242942549937267;2021-07;0.20828643283340098
499242942549937267;2021-07;0.21621151974164882
499242942549937267;2021-07;0.24723460779392842
499242942549937267;2021-08;0.13929424522525424
499242942549937267;2021-08;0.26027303250314204
499242942549937267;2021-08;0.13185798989338338
499242942549937267;2021-08;0.11528949263730988
4900073965147412482;2021-07;0.008660486233907479
1617695035450525647;2021-07;0.0
1617695035450525647;2021-07;0.00821945357335557
1617695035450525647;2021-07;0.0052777665221443336
1617695035450525647;2021-07;0.0052777665221443336
1617695035450525647;2021-07;0.006330398101091702
1617695035450525647;2021-07;0.00821945357335557
1617695035450525647;2021-07;0.005299837455009869
1617695035450525647;2021-07;0.002758620689655172
1617695035450525647;2021-07;0.005684452839625253
1617695035450525647;2021-07;0.0027487684729064037
1617695035450525647;2021-08;0.005589516088528999
1617695035450525647;2021-08;0.010592388089811994
1617695035450525647;2021-08;0.002608884544368415
1617695035450525647;2021-08;0.012822119247461128
1617695035450525647;2021-08;0.013874750826408495
1617695035450525647;2021-08;0.019028128612653034
1617695035450525647;2021-08;0.002678008968331549
1617695035450525647;2021-08;0.001994026284348865
1617695035450525647;2021-08;0.008476397323236321
1617695035450525647;2021-08;0.011723469408235973
340285351737204923;2021-07;0.015068138939587035
340285351737204923;2021-07;0.014765108636556732
340285351737204923;2021-07;0.014765108636556732
340285351737204923;2021-07;0.07082872873985183
340285351737204923;2021-08;0.012334498295614307
340285351737204923;2021-08;0.012334498295614307
6271697692808086495;2021-07;0.012101687289458008
6271697692808086495;2021-07;0.014680743055912835
6271697692808086495;2021-07;0.012971652146821921
6271697692808086495;2021-07;0.009662435448470485
6271697692808086495;2021-07;0.013997764385667612
6271697692808086495;2021-08;0.006715154447048475
6271697692808086495;2021-08;0.011040113706656328
6271697692808086495;2021-08;0.00668836873276276
6271697692808086495;2021-08;0.006715154447048475
49632905576538927;2021-07;0.007951220511165293
1117184216453911295;2021-07;0.009882570849356337
1117184216453911295;2021-07;0.007255248223203511
1117184216453911295;2021-08;0.3481340938466968
1117184216453911295;2021-08;0.25287366132716516
4104959289203999917;2021-07;0.0012332301341589267
4104959289203999917;2021-07;0.004186157119240273
2943087245123311166;2021-07;0.018256706045637713
2943087245123311166;2021-07;0.01665729411778051
2943087245123311166;2021-08;0.017528262055678437
2943087245123311166;2021-08;0.01471511636931693
621182491555347581;2021-07;0.019791808558093194
621182491555347581;2021-07;0.016807509942191365
621182491555347581;2021-07;0.0135898065835043
621182491555347581;2021-07;0.027288446062882835
621182491555347581;2021-07;0.010208425202122917
621182491555347581;2021-08;0.010937109398359639
621182491555347581;2021-08;0.014190285992375937
621182491555347581;2021-08;0.21240376682639087
4995217181024687397;2021-07;0.007252058870410711
4995217181024687397;2021-07;0.005866344584696426
4995217181024687397;2021-07;0.009366376004889137
4995217181024687397;2021-08;0.019094498942143042
4995217181024687397;2021-08;0.0031361119500654382
4995217181024687397;2021-08;0.0031731489871024755
4995217181024687397;2021-08;0.0031361119500654382
7458891296671174680;2021-07;0.04624218526608906
7231408738455755015;2021-07;0.6997048261525246
7231408738455755015;2021-07;0.7153762067652119
7231408738455755015;2021-07;0.6948428651196974
7231408738455755015;2021-08;0.7966779658144583
7231408738455755015;2021-08;0.3643104679996722
8536031856585966123;2021-07;0.006197686221824153
8536031856585966123;2021-08;0.02274774535904519
7535160686416710323;2021-07;0.004347444003858107
7535160686416710323;2021-07;0.006462965495068348
7535160686416710323;2021-08;0.002959832716287361
7908414709866823255;2021-07;0.022857310756788006
7908414709866823255;2021-07;0.02107487303259809
7908414709866823255;2021-07;0.026364560472767057
7908414709866823255;2021-08;0.014106360075526044
7908414709866823255;2021-08;0.012493131847906142
7289435138601868544;2021-07;0.0026762820512820514
7289435138601868544;2021-07;0.006728232850712395
7289435138601868544;2021-08;0.0010498737373737374
7289435138601868544;2021-08;0.0013423220298220298
6198047969028248384;2021-07;0.0032855205783594533
6198047969028248384;2021-08;0.0018415051343440092
6198047969028248384;2021-08;0.5002155461080254
3283662016127058429;2021-07;0.003599231335670516
3283662016127058429;2021-08;0.00587258114389451
417157680860985231;2021-07;0.01627802858547965
417157680860985231;2021-07;0.009692685613550085
417157680860985231;2021-08;0.0022074827247535868
417157680860985231;2021-08;0.00538118926254197
417157680860985231;2021-08;0.004775925775955258
5301988619224057921;2021-07;0.8195719353885322
5301988619224057921;2021-07;0.44258242224479327
5301988619224057921;2021-07;0.43387871854108956
5301988619224057921;2021-07;0.4782777897858167
5301988619224057921;2021-07;0.8257184250024543
5301988619224057921;2021-08;0.7574899239444554
8926565682509268383;2021-07;0.003682439732514695
8926565682509268383;2021-07;0.0033587668563220797
8926565682509268383;2021-07;0.003682439732514695
8926565682509268383;2021-07;0.0019386183810103472
8926565682509268383;2021-07;0.003194939732514695
8926565682509268383;2021-07;0.0020376286449399657
8926565682509268383;2021-07;0.0036151771127323363
8926565682509268383;2021-08;0.008089730641053797
8926565682509268383;2021-08;0.005130344074870157
8926565682509268383;2021-08;0.008446873498196651
8926565682509268383;2021-08;0.005005247882433107
7722287846688771887;2021-07;0.01008004135028422
7722287846688771887;2021-08;0.004644722056359987
5993765508162121762;2021-07;0.03161918157592007
5993765508162121762;2021-08;0.023857954188748715
5993765508162121762;2021-08;0.023311319311697994
2033394215069562776;2021-07;0.054990815421771345
2033394215069562776;2021-07;0.060023755646425245
2033394215069562776;2021-07;0.055521033898950044
2033394215069562776;2021-07;0.044363259127606025
6053752047545474051;2021-07;0.00697045699463021
6053752047545474051;2021-07;0.006789480563653778
6053752047545474051;2021-07;0.007159850934024148
6053752047545474051;2021-07;0.009697177386034251
6053752047545474051;2021-07;0.0032401909947282
6053752047545474051;2021-07;0.007159850934024148
6053752047545474051;2021-07;0.0022782097288676236
6053752047545474051;2021-07;0.012847991344183988
6053752047545474051;2021-08;0.00550784758508295
6053752047545474051;2021-08;0.001153846153846154
6053752047545474051;2021-08;0.0017441239316239316
6053752047545474051;2021-08;0.006495142046855633
6053752047545474051;2021-08;0.0032431751650205164
6053752047545474051;2021-08;0.006140380822634607
2302464746243069589;2021-07;0.005004802272800684
2302464746243069589;2021-08;0.0011547714514835606
2302464746243069589;2021-08;0.0012058570198105081
5577659616907513811;2021-07;0.2615104618020915
5577659616907513811;2021-07;0.2672987737590004
5577659616907513811;2021-07;0.257775769083257
5577659616907513811;2021-07;0.18772666197045204
5577659616907513811;2021-08;0.45046615573536786
5577659616907513811;2021-08;0.48138202565486815
3970572142453508637;2021-07;0.06471176499507399
3970572142453508637;2021-07;0.06785983296594811
3970572142453508637;2021-08;0.08007358909724607
3970572142453508637;2021-08;0.23388554386025603
234898976850399181;2021-07;0.02176795779473073
234898976850399181;2021-07;0.03147638553517253
234898976850399181;2021-08;0.03089556655771489
511305041047444825;2021-07;0.0426058303208875
511305041047444825;2021-07;0.0426058303208875
2408009918678280470;2021-07;0.0028891085127433127
2408009918678280470;2021-07;0.0025665278675820226
2408009918678280470;2021-07;0.0027720125786163522
2408009918678280470;2021-07;0.0030374969981906332
2408009918678280470;2021-07;0.0025909780958577318
2408009918678280470;2021-07;0.006207619886055457
2408009918678280470;2021-07;0.0021493710691823896
2408009918678280470;2021-08;0.012734900686543184
2408009918678280470;2021-08;0.01355232443023421
2408009918678280470;2021-08;0.024802637975752065
2408009918678280470;2021-08;0.013973449336630216
2408009918678280470;2021-08;0.02142223930465572
2408009918678280470;2021-08;0.02142223930465572
2408009918678280470;2021-08;0.007115744584817011
1891145854263312840;2021-07;0.37947649796133276
1891145854263312840;2021-07;0.03472302831742076
1891145854263312840;2021-08;0.18018396968425393
1891145854263312840;2021-08;0.17550601352836545
4187591029730357479;2021-07;0.06486030437638092
1192810733461560329;2021-07;0.0129334659207109
4347826483121154490;2021-07;0.004619848853825934
4347826483121154490;2021-07;0.004619848853825934
4347826483121154490;2021-07;0.010223541367822305
4347826483121154490;2021-07;0.003917188008923709
4347826483121154490;2021-07;0.0017218521421107627
4347826483121154490;2021-07;0.0022217850252267577
4347826483121154490;2021-07;0.007113877253660437
4347826483121154490;2021-07;0.003681580990167328
4347826483121154490;2021-07;0.009118915913863731
4347826483121154490;2021-07;0.0031973434535104363
4347826483121154490;2021-08;0.0016536382232612507
4347826483121154490;2021-08;0.001183973354231975
4347826483121154490;2021-08;0.0021328142196786262
4347826483121154490;2021-08;0.0016354018492176386
4347826483121154490;2021-08;0.004429557912897029
4347826483121154490;2021-08;0.0016354018492176386
4347826483121154490;2021-08;0.004662892259080752
4347826483121154490;2021-08;0.004396105342679753
4347826483121154490;2021-08;0.007423096237317707
5462970244186515758;2021-07;0.0014285714285714286
5462970244186515758;2021-07;0.009574941033506106
5462970244186515758;2021-07;0.011384646355729586
5462970244186515758;2021-07;0.0014632034632034632
5462970244186515758;2021-07;0.011384646355729586
5462970244186515758;2021-07;0.03031639807532094
5462970244186515758;2021-07;0.011729473941936481
5462970244186515758;2021-08;0.0057855499907667075
5462970244186515758;2021-08;0.00341303527636295
5462970244186515758;2021-08;0.04347026370627945
5462970244186515758;2021-08;0.0018194790535216066
3698481516392183789;2021-07;0.0024391636732062263
4365965554261111250;2021-07;0.27696511722821876
4365965554261111250;2021-07;0.29058888670001704
4365965554261111250;2021-07;0.3137856991930995
4365965554261111250;2021-07;0.3161300215374219
4365965554261111250;2021-07;0.31932214263966663
4365965554261111250;2021-07;0.22000242773010176
459290606780222306;2021-07;0.005255485487913332
459290606780222306;2021-07;0.009507188709962321
459290606780222306;2021-07;0.00750918006919412
459290606780222306;2021-07;0.0033076020772935468
459290606780222306;2021-07;0.0033076020772935468
459290606780222306;2021-07;0.00750918006919412
459290606780222306;2021-08;0.002888157894736842
459290606780222306;2021-08;0.0019298245614035087
459290606780222306;2021-08;0.0024470659407138536
459290606780222306;2021-08;0.0048085191426842965
459290606780222306;2021-08;0.0048085191426842965
459290606780222306;2021-08;0.002888157894736842
459290606780222306;2021-08;0.0048085191426842965
459290606780222306;2021-08;0.0048085191426842965
459290606780222306;2021-08;0.005052531708778588
459290606780222306;2021-08;0.002888157894736842
6061850657256270336;2021-07;0.018069522796536657
6061850657256270336;2021-07;0.01615497090607464
6061850657256270336;2021-07;0.07351798456209271
5714540197488862003;2021-07;0.1602193451673969
5714540197488862003;2021-08;0.778082584169791
5714540197488862003;2021-08;0.13483928017363483
4679462479444735708;2021-07;0.007817084916379105
4679462479444735708;2021-07;0.007464539857951695
4679462479444735708;2021-07;0.011264970356031287
4679462479444735708;2021-07;0.008894446172619672
4679462479444735708;2021-07;0.007464539857951695
4679462479444735708;2021-07;0.008092906861318696
4679462479444735708;2021-08;0.058338406270407865
4679462479444735708;2021-08;0.0089619423538298
4679462479444735708;2021-08;0.007474085847590941
4679462479444735708;2021-08;0.005127525390431069
4679462479444735708;2021-08;0.006776593119364539
4679462479444735708;2021-08;0.007742430158707848
4723919748432185874;2021-07;0.0019313998383765824
4723919748432185874;2021-07;0.002839708920598708
4723919748432185874;2021-07;0.0024205773275540717
4723919748432185874;2021-08;0.005206171628073156
4723919748432185874;2021-08;0.005891586603929308
4018182555897034052;2021-07;0.00209206116464181
4018182555897034052;2021-07;0.011956405256726024
4018182555897034052;2021-08;0.0031
4018182555897034052;2021-08;0.0006166982922201138
4018182555897034052;2021-08;0.006973986837008659
4018182555897034052;2021-08;0.0009125
4018182555897034052;2021-08;0.0006
4018182555897034052;2021-08;0.0006
4850936440093751199;2021-07;0.0019125862875862877
4850936440093751199;2021-08;0.000625
4850936440093751199;2021-08;0.0014126969242310577
5897410907783139228;2021-07;0.002183805668016194
5897410907783139228;2021-08;0.001911365397222719
5897410907783139228;2021-08;0.001911365397222719
5761480994209806499;2021-07;0.002282051282051282
5761480994209806499;2021-07;0.013579008659649812
5761480994209806499;2021-07;0.0003225806451612903
5761480994209806499;2021-07;0.002282051282051282
5761480994209806499;2021-07;0.0026418067226890757
5761480994209806499;2021-07;0.001
5761480994209806499;2021-07;0.0027365967365967363
5761480994209806499;2021-07;0.002282051282051282
5761480994209806499;2021-07;0.0003225806451612903
5761480994209806499;2021-07;0.0003076923076923077
5761480994209806499;2021-07;0.000625
5761480994209806499;2021-08;0.004285933865911619
5761480994209806499;2021-08;0.003044721407624633
5761480994209806499;2021-08;0.0034406070787557463
5761480994209806499;2021-08;0.003196041861364442
5761480994209806499;2021-08;0.014230501731748287
5761480994209806499;2021-08;0.002044036187299944
5761480994209806499;2021-08;0.009483929591920568
5761480994209806499;2021-08;0.0042587386431559675
5761480994209806499;2021-08;0.008979116631218786
5761480994209806499;2021-08;0.009483929591920568
5761480994209806499;2021-08;0.014230501731748287
5761480994209806499;2021-08;0.013605501731748284
5761480994209806499;2021-08;0.005655947349614332
5761480994209806499;2021-08;0.012748358874605428
5761480994209806499;2021-08;0.003044721407624633
5761480994209806499;2021-08;0.009483929591920568
5761480994209806499;2021-08;0.009483929591920568
5761480994209806499;2021-08;0.005535933865911618
5761480994209806499;2021-08;0.0034406070787557463
5893903674205161232;2021-07;0.0008225806451612903
5893903674205161232;2021-08;0.0
1182975716201409626;2021-07;0.005286934524190896
1182975716201409626;2021-07;0.005990421455938697
1182975716201409626;2021-08;0.0014316239316239316
1182975716201409626;2021-08;0.003411991517254675
1182975716201409626;2021-08;0.0015681003584229391
1182975716201409626;2021-08;0.0017764515178308282
1182975716201409626;2021-08;0.0014316239316239316
819552547620904652;2021-07;0.1078333531376013
819552547620904652;2021-07;0.10929820574531104
819552547620904652;2021-07;0.1281510230167936
819552547620904652;2021-07;0.10861113066412866
819552547620904652;2021-08;0.10494079297370192
1366416810235233769;2021-07;0.009440508605502735
1366416810235233769;2021-07;0.010118034989859075
1366416810235233769;2021-08;0.014188321730513013
1661240395903230676;2021-07;0.06797825892808483
1661240395903230676;2021-07;0.06384010930451976
1661240395903230676;2021-07;0.06757960202942793
1661240395903230676;2021-07;0.05244821171655081
8041261093764417881;2021-07;0.002450396825396825
8041261093764417881;2021-07;0.012240732816744712
8041261093764417881;2021-07;0.003536590061147088
8041261093764417881;2021-08;0.0018733579638752053
8041261093764417881;2021-08;0.00543402383532809
8041261093764417881;2021-08;0.005086374986263751
8041261093764417881;2021-08;0.001379310344827586
761746217261797478;2021-07;0.0017875915750915753
761746217261797478;2021-07;0.0016183777183777183
761746217261797478;2021-07;0.0021491938943551847
761746217261797478;2021-08;0.005369170614331905
761746217261797478;2021-08;0.023249816353016945
761746217261797478;2021-08;0.006313021281106921
7120090169052575663;2021-07;0.011080277845908815
7120090169052575663;2021-07;0.00722915961221595
7120090169052575663;2021-08;0.01550732067033762
7120090169052575663;2021-08;0.015527057396267505
5735794880899687600;2021-07;0.025948955044487184
5735794880899687600;2021-08;0.027525129315576255
5757271354816214865;2021-07;0.7983073700884695
5757271354816214865;2021-07;0.8786460660387425
5757271354816214865;2021-07;0.8776072807030019
5757271354816214865;2021-07;0.895578129116569
5757271354816214865;2021-07;0.8981080474538188
5757271354816214865;2021-07;0.8078826063755353
5757271354816214865;2021-07;0.8202285040947979
5757271354816214865;2021-07;0.8815311960715655
5757271354816214865;2021-07;0.8917504767384655
5757271354816214865;2021-07;0.8123002640960485
5757271354816214865;2021-07;0.8048220003149292
5757271354816214865;2021-07;0.8048220003149292
5757271354816214865;2021-08;0.8692314066562151
5757271354816214865;2021-08;0.8267158256744166
5757271354816214865;2021-08;0.8762457325563056
5757271354816214865;2021-08;0.8186026872384167
5757271354816214865;2021-08;0.8821632166713715
5757271354816214865;2021-08;0.8771417135470452
5757271354816214865;2021-08;0.8692314066562151
5757271354816214865;2021-08;0.8632967154432631
5757271354816214865;2021-08;0.8688043186253451
5757271354816214865;2021-08;0.8632967154432631
5757271354816214865;2021-08;0.878213344452363
5757271354816214865;2021-08;0.8644617851296742
5757271354816214865;2021-08;0.8703964763426264
5757271354816214865;2021-08;0.8492186299978686
5757271354816214865;2021-08;0.8644617851296742
5757271354816214865;2021-08;0.8326854547775387
5757271354816214865;2021-08;0.8644617851296742
2808145376905474927;2021-07;0.11936308343413661
2808145376905474927;2021-07;0.11688164064615507
2808145376905474927;2021-07;0.11345406381697148
2808145376905474927;2021-08;0.12861077601544907
3279417303675586812;2021-07;0.2697754781451542
3279417303675586812;2021-07;0.3287493517251181
5481711897502154955;2021-07;0.003200655624568668
5481711897502154955;2021-07;0.003915581379817004
5481711897502154955;2021-08;0.02395717187491381
5481711897502154955;2021-08;0.011750694373683963
5481711897502154955;2021-08;0.011750694373683963
2083323809219952960;2021-07;0.006286103066435865
2083323809219952960;2021-07;0.009601561318925698
2083323809219952960;2021-07;0.009601561318925698
2083323809219952960;2021-07;0.006286103066435865
2083323809219952960;2021-07;0.006286103066435865
2083323809219952960;2021-08;0.011470794471522008
2083323809219952960;2021-08;0.011416290308126464
2083323809219952960;2021-08;0.01016738374298124
2083323809219952960;2021-08;0.003122605363984674
2083323809219952960;2021-08;0.003122605363984674
8596605705893456305;2021-07;0.7383409207288433
8596605705893456305;2021-07;0.13694623289599644
8596605705893456305;2021-08;0.12183147096255828
2451708306555441014;2021-07;0.020788613450223023
2451708306555441014;2021-07;0.014868355406029883
2451708306555441014;2021-07;0.006855259129392169
2451708306555441014;2021-08;0.018622939559898487
4342146186255136598;2021-07;0.009424806674806675
4342146186255136598;2021-07;0.013954097037886368
4342146186255136598;2021-08;0.00427089316410874
4342146186255136598;2021-08;0.007653371796587372
4342146186255136598;2021-08;0.04345161718612809
4342146186255136598;2021-08;0.005680131362889983
4342146186255136598;2021-08;0.005836784636976958
4342146186255136598;2021-08;0.00427089316410874
4342146186255136598;2021-08;0.007653371796587372
4342146186255136598;2021-08;0.009700990844206421
4342146186255136598;2021-08;0.00427089316410874
4342146186255136598;2021-08;0.00427089316410874
7779268298304613772;2021-07;0.003847349537919239
7779268298304613772;2021-07;0.020146728063030257
7779268298304613772;2021-08;0.12108984869036579
7779268298304613772;2021-08;0.006338823748085325
7779268298304613772;2021-08;0.005179403125116801
7779268298304613772;2021-08;0.00574217256969164
7779268298304613772;2021-08;0.005853871929368046
7779268298304613772;2021-08;0.007723124950644019
7779268298304613772;2021-08;0.00574217256969164
7779268298304613772;2021-08;0.004429101525863103
3480297543931395935;2021-07;0.23692946595082598
3480297543931395935;2021-08;0.7937545759572988
8185063234515056194;2021-07;0.009564795244493702
8185063234515056194;2021-07;0.009561737911912628
8185063234515056194;2021-07;0.008486412012322022
8185063234515056194;2021-08;0.010550587000159588
8185063234515056194;2021-08;0.019948188211315332
8185063234515056194;2021-08;0.018419073672866822
8939476669690489534;2021-07;0.008917463204963205
8939476669690489534;2021-07;0.008917463204963205
8939476669690489534;2021-07;0.008917463204963205
8939476669690489534;2021-08;0.029844297304723103
4831939798545673038;2021-07;0.12077258719517468
4831939798545673038;2021-07;0.11898640026382644
4831939798545673038;2021-08;0.12816793681878721
3822753345985951756;2021-07;0.011022275924069595
3822753345985951756;2021-07;0.012256101989132608
3822753345985951756;2021-08;0.019345784805294527
3822753345985951756;2021-08;0.02410113428190004
5794903898038236832;2021-07;0.0783886255879482
5794903898038236832;2021-07;0.07503535906293529
5794903898038236832;2021-07;0.0783886255879482
5794903898038236832;2021-07;0.08105416784036475
5794903898038236832;2021-08;0.16273598924591468
5794903898038236832;2021-08;0.16273598924591468
5794903898038236832;2021-08;0.1778612598399869
5409960473983330744;2021-07;0.022570175402885816
5409960473983330744;2021-08;0.023914387531439374
5611787644735474299;2021-07;0.0007953712953712954
5611787644735474299;2021-07;0.002149066619654855
5611787644735474299;2021-07;0.0035406922354184016
5611787644735474299;2021-07;0.0007953712953712954
5611787644735474299;2021-07;0.0007953712953712954
5611787644735474299;2021-07;0.007222854994255291
5611787644735474299;2021-07;0.0015226440226440228
5611787644735474299;2021-07;0.012075811763736096
5611787644735474299;2021-07;0.004094072594072594
5611787644735474299;2021-07;0.007810370294132892
5611787644735474299;2021-08;0.038011026084255425
5611787644735474299;2021-08;0.0001818181818181818
5611787644735474299;2021-08;0.0001818181818181818
5611787644735474299;2021-08;0.0008333333333333333
5611787644735474299;2021-08;0.00994929354336917
5611787644735474299;2021-08;0.0001818181818181818
5611787644735474299;2021-08;0.0004382284382284382
4045739494965095560;2021-07;0.004840518596964154
4045739494965095560;2021-07;0.00312683284457478
4045739494965095560;2021-07;0.00390512361646029
4045739494965095560;2021-07;0.0033804292763523636
4045739494965095560;2021-07;0.004163687519704008
4045739494965095560;2021-07;0.16421440831788942
4045739494965095560;2021-07;0.1758377978878445
4045739494965095560;2021-07;0.00312683284457478
4045739494965095560;2021-08;0.001200657894736842
4045739494965095560;2021-08;0.0017857142857142857
4045739494965095560;2021-08;0.0027280405405405404
4045739494965095560;2021-08;0.0
4045739494965095560;2021-08;0.0027280405405405404
4045739494965095560;2021-08;0.003456486524228459
4045739494965095560;2021-08;0.0034668335419274095
4045739494965095560;2021-08;0.0017857142857142857
4045739494965095560;2021-08;0.001200657894736842
4045739494965095560;2021-08;0.0027280405405405404
4045739494965095560;2021-08;0.0025684043176303238
7628167057144760589;2021-07;0.05602271381841357
7628167057144760589;2021-07;0.024463051841303717
7628167057144760589;2021-07;0.035769176849126956
7628167057144760589;2021-08;0.029209558769048724
6030285068945261052;2021-07;0.0035061720849277876
6030285068945261052;2021-08;0.010916143346420406
6030285068945261052;2021-08;0.0057219929075135465
6030285068945261052;2021-08;0.00999429713045654
8828303152301461681;2021-07;0.004514727495469988
8828303152301461681;2021-07;0.00573103925301113
8828303152301461681;2021-08;0.09456962026026383
2929243640075785940;2021-07;0.004796008271133712
2929243640075785940;2021-07;0.008358388633492852
2929243640075785940;2021-07;0.005550994026119466
2929243640075785940;2021-07;0.010105633881337318
2929243640075785940;2021-08;0.01389687467677632
3248432590399829766;2021-07;0.004011900650364976
3248432590399829766;2021-07;0.003386456442831216
3248432590399829766;2021-07;0.003386456442831216
3248432590399829766;2021-08;0.0064194607529269206
7613717984547031729;2021-07;0.007649051530961417
7613717984547031729;2021-08;0.005133744168620561
7613717984547031729;2021-08;0.002479312681057845
7613717984547031729;2021-08;0.0025494693762145404
7613717984547031729;2021-08;0.0029820854232875138
7613717984547031729;2021-08;0.0035600513867965512
8570963260597299378;2021-07;0.004953792151053815
8570963260597299378;2021-07;0.002895184092445756
8570963260597299378;2021-07;0.003728300975562639
8570963260597299378;2021-07;0.0033634330848326794
8570963260597299378;2021-08;0.006079233447221253
1953058402621337677;2021-07;0.004160353535353535
1953058402621337677;2021-07;0.00016666666666666666
1953058402621337677;2021-07;0.002333814948904463
1953058402621337677;2021-07;0.0
1953058402621337677;2021-07;0.027345546797432094
1953058402621337677;2021-08;0.05562463792752082
1953058402621337677;2021-08;0.056250931107353026
1953058402621337677;2021-08;0.1555071995595352
1953058402621337677;2021-08;0.0017923583662714099
8911073840712901131;2021-07;0.015487724899579386
9156666134024889730;2021-07;0.004511330902615985
1033361676287635885;2021-07;0.029689948490465756
1033361676287635885;2021-07;0.029689948490465756
1033361676287635885;2021-07;0.02993681079132525
2397171153213063761;2021-07;0.0054009870690897134
2397171153213063761;2021-07;0.0031077480782669463
2397171153213063761;2021-07;0.007110042607726796
2397171153213063761;2021-08;0.007390732212467379
2397171153213063761;2021-08;0.003353669319186561
2397171153213063761;2021-08;0.0032461404824890433
2397171153213063761;2021-08;0.0028856696447515516
2397171153213063761;2021-08;0.008449268633406469
2397171153213063761;2021-08;0.005380738924990666
2397171153213063761;2021-08;0.0022337164750957854
2397171153213063761;2021-08;0.0035963495625368326
3156852928909455203;2021-07;0.0028759052804424854
3156852928909455203;2021-07;0.0018044767090139142
3156852928909455203;2021-08;0.006058338721496617
3156852928909455203;2021-08;0.006058338721496617
3156852928909455203;2021-08;0.004458338721496616
1507697130807703164;2021-07;0.006840338176380595
1507697130807703164;2021-08;0.01099995524325998
1507697130807703164;2021-08;0.01099995524325998
5799279645678609726;2021-07;0.10347958498084385
8512214463586144353;2021-07;0.0009747062264319513
8512214463586144353;2021-08;0.0060681261997051475
8213533889694327948;2021-07;0.011170363421555212
8213533889694327948;2021-07;0.009958242209434
8213533889694327948;2021-07;0.011170363421555212
8213533889694327948;2021-07;0.020107202367659966
8213533889694327948;2021-07;0.01587029123957237
8213533889694327948;2021-07;0.008022727306177162
8213533889694327948;2021-08;0.03533230245621553
8213533889694327948;2021-08;0.007394906304901558
8213533889694327948;2021-08;0.008751141130433364
2535803443850893368;2021-07;0.08764078227565239
2535803443850893368;2021-08;0.05445123873414198
7770458886439606839;2021-07;0.07451373490704499
7770458886439606839;2021-08;0.10241544105497365
1156053485989336481;2021-07;0.040277384694019924
1156053485989336481;2021-07;0.025548567743916825
1156053485989336481;2021-07;0.030124980158906443
1156053485989336481;2021-08;0.32505228865889585
1156053485989336481;2021-08;0.32482795443456164
1156053485989336481;2021-08;0.3078126568572965
1156053485989336481;2021-08;0.32504025328048114
1156053485989336481;2021-08;0.3254158665224737
1156053485989336481;2021-08;0.308188270099289
1156053485989336481;2021-08;0.3124151684261874
1156053485989336481;2021-08;0.3244643765709837
1156053485989336481;2021-08;0.32180904541565253
1156053485989336481;2021-08;0.32445234119256905
1156053485989336481;2021-08;0.3127787462897652
1156053485989336481;2021-08;0.3124031330477727
1156053485989336481;2021-08;0.3078126568572965
1156053485989336481;2021-08;0.32217262327923046
1156053485989336481;2021-08;0.32505228865889585
1156053485989336481;2021-08;0.21466664350305004
1156053485989336481;2021-08;0.3078246922357112
7215093571368368138;2021-07;0.1965137193608294
7215093571368368138;2021-07;0.17102711928011544
7215093571368368138;2021-07;0.1488215985475429
7215093571368368138;2021-07;0.23252556047306894
7215093571368368138;2021-07;0.17419061558878304
7215093571368368138;2021-07;0.17419061558878304
7215093571368368138;2021-07;0.15597434429043744
7215093571368368138;2021-08;0.10124069683144601
7215093571368368138;2021-08;0.10124069683144601
7215093571368368138;2021-08;0.16426871206894206
1711114950158155307;2021-07;0.0157827121339885
6242636379248496392;2021-07;0.0072733506661151505
6242636379248496392;2021-07;0.00495907799032799
6242636379248496392;2021-07;0.005922092325903577
6242636379248496392;2021-08;0.01678923595754091
6242636379248496392;2021-08;0.012640185552295971
6242636379248496392;2021-08;0.010821177625021485
274692171162531764;2021-07;0.014044030244550969
274692171162531764;2021-07;0.01630422504411465
274692171162531764;2021-07;0.037858537864672144
274692171162531764;2021-07;0.01472144959938968
274692171162531764;2021-07;0.01472144959938968
274692171162531764;2021-08;0.01068812069259789
274692171162531764;2021-08;0.011886280752707479
274692171162531764;2021-08;0.011618353250737425
274692171162531764;2021-08;0.011886280752707479
274692171162531764;2021-08;0.011273859232496025
3228830386980584958;2021-07;0.006825285911199224
3228830386980584958;2021-07;0.007192937027932348
3228830386980584958;2021-08;0.015535748453446406
3228830386980584958;2021-08;0.013440989135002879
1454789421854453615;2021-07;0.11678842960307671
1454789421854453615;2021-07;0.09270445416713236
1454789421854453615;2021-07;0.11546932664337532
1454789421854453615;2021-07;0.10825275042362063
1454789421854453615;2021-07;0.09623079568115832
1454789421854453615;2021-07;0.13109745620313298
1454789421854453615;2021-08;0.06412786507895418
1454789421854453615;2021-08;0.0512973607588326
1454789421854453615;2021-08;0.04703789743091213
1454789421854453615;2021-08;0.06717452471591777
6545052034269841737;2021-07;0.007226294767590278
6545052034269841737;2021-07;0.0010549450549450549
6545052034269841737;2021-07;0.0008163265306122448
6545052034269841737;2021-07;0.0015396011396011397
6545052034269841737;2021-08;0.0
6545052034269841737;2021-08;0.0002857142857142857
6545052034269841737;2021-08;0.00024390243902439024
6545052034269841737;2021-08;0.0014906609195402298
6545052034269841737;2021-08;0.0008262548262548263
7457803471605010846;2021-07;0.007248686276037784
7457803471605010846;2021-07;0.0017121690972497425
7457803471605010846;2021-07;0.0035669344432478576
7457803471605010846;2021-08;0.0008428468278594149
7457803471605010846;2021-08;0.0041887172160687235
7457803471605010846;2021-08;0.0017121690972497425
8716163053080758848;2021-07;0.00660234856119388
8716163053080758848;2021-07;0.005331330546847788
8716163053080758848;2021-07;0.005070012917109106
8716163053080758848;2021-07;0.005331330546847788
8716163053080758848;2021-07;0.00660234856119388
8716163053080758848;2021-07;0.007527142657770256
8716163053080758848;2021-08;0.008293199758717
8716163053080758848;2021-08;0.004441310176612529
8716163053080758848;2021-08;0.00464264359505121
8716163053080758848;2021-08;0.007626533092050334
8716163053080758848;2021-08;0.004391369838738259
8716163053080758848;2021-08;0.00433349946836789
8716163053080758848;2021-08;0.008293199758717
8107542605807471599;2021-07;0.774834825515761
8107542605807471599;2021-07;0.7628478389452503
8107542605807471599;2021-08;0.7468427636381789
5176940320835464459;2021-07;0.010211916846649224
5176940320835464459;2021-07;0.02229216040696656
5176940320835464459;2021-07;0.01833308196443558
5176940320835464459;2021-07;0.011632042008223207
5176940320835464459;2021-07;0.022981815579380352
5176940320835464459;2021-07;0.01833308196443558
5176940320835464459;2021-07;0.022738323899919456
5176940320835464459;2021-07;0.0395670598460955
5176940320835464459;2021-07;0.018168002599356213
5176940320835464459;2021-08;0.0005793650793650794
5176940320835464459;2021-08;0.0010087976539589442
5176940320835464459;2021-08;0.0016474654377880182
5176940320835464459;2021-08;0.0020555555555555553
5176940320835464459;2021-08;0.0030559764309764314
5176940320835464459;2021-08;0.0020555555555555553
5303720405946805990;2021-07;0.006131080389144905
5303720405946805990;2021-07;0.007686186408781297
5303720405946805990;2021-08;0.0006203703703703704
2347028805684088098;2021-07;0.014383931920843689
2347028805684088098;2021-07;0.00675184511162656
2347028805684088098;2021-07;0.00675184511162656
2347028805684088098;2021-08;0.023480927507835623
2347028805684088098;2021-08;0.021300921754614826
2347028805684088098;2021-08;0.014034717961455903
2347028805684088098;2021-08;0.02228356216053353
2347028805684088098;2021-08;0.023037556129433513
3118152790263512426;2021-07;0.004062347957559996
3118152790263512426;2021-07;0.0029194908147028523
3118152790263512426;2021-07;0.004062347957559996
3118152790263512426;2021-07;0.0029194908147028523
3118152790263512426;2021-08;0.007004469409740827
968400235888951633;2021-07;0.009460858626719837
968400235888951633;2021-08;0.005812850140056023
968400235888951633;2021-08;0.005517958924634434
3888528635045328222;2021-07;0.10261403401383566
3888528635045328222;2021-07;0.14975083968816225
3888528635045328222;2021-07;0.13734339890142652
3888528635045328222;2021-07;0.10455671216675853
3888528635045328222;2021-07;0.10709103805096701
3888528635045328222;2021-08;0.0594253880347477
3888528635045328222;2021-08;0.4108879798690525
6118873739225005756;2021-07;0.003122024846162777
6118873739225005756;2021-08;0.0016413808766749943
3931892303497206092;2021-07;0.011176370900568399
3931892303497206092;2021-08;0.022765382554801476
3931892303497206092;2021-08;0.030675797253812753
3931892303497206092;2021-08;0.018173570308743937
3931892303497206092;2021-08;0.018173570308743937
3931892303497206092;2021-08;0.01874579920030056
8529899700094903171;2021-07;0.003825528297443379
8529899700094903171;2021-07;0.003825528297443379
8529899700094903171;2021-07;0.008851493458016413
8529899700094903171;2021-07;0.008851493458016413
8529899700094903171;2021-07;0.01331044820237471
8529899700094903171;2021-07;0.008851493458016413
8529899700094903171;2021-07;0.01051298414124623
8529899700094903171;2021-07;0.01331044820237471
8529899700094903171;2021-07;0.008851493458016413
8529899700094903171;2021-07;0.008851493458016413
8529899700094903171;2021-07;0.008851493458016413
8529899700094903171;2021-07;0.01331044820237471
8529899700094903171;2021-07;0.008851493458016413
8529899700094903171;2021-07;0.01447097668136783
8529899700094903171;2021-08;0.00549816506833799
8529899700094903171;2021-08;0.0002631578947368421
8529899700094903171;2021-08;0.005184338179934721
8529899700094903171;2021-08;0.0002631578947368421
8529899700094903171;2021-08;0.005184338179934721
8529899700094903171;2021-08;0.0036758563074352547
8529899700094903171;2021-08;0.0009774436090225563
8529899700094903171;2021-08;0.00549816506833799
8529899700094903171;2021-08;0.0002631578947368421
8529899700094903171;2021-08;0.0036758563074352547
8529899700094903171;2021-08;0.0002631578947368421
8529899700094903171;2021-08;0.0002631578947368421
8529899700094903171;2021-08;0.0002631578947368421
8529899700094903171;2021-08;0.0019246485779666558
8529899700094903171;2021-08;0.0006203007518796992
8529899700094903171;2021-08;0.005337346990665068
8529899700094903171;2021-08;0.0019246485779666558
5786895437851445408;2021-07;0.018680351917095026
5786895437851445408;2021-08;0.02611548279367983
5786895437851445408;2021-08;0.019316395434723452
1616952665234409442;2021-07;0.1296690754296453
1616952665234409442;2021-07;0.07818691150851348
1616952665234409442;2021-07;0.10168809423703047
1616952665234409442;2021-08;0.3130627616769205
1616952665234409442;2021-08;0.04076122680037132
1616952665234409442;2021-08;0.046154714982235535
8173830874846355280;2021-07;0.003582548650345261
8173830874846355280;2021-07;0.0008656174334140436
8173830874846355280;2021-07;0.0008656174334140436
8173830874846355280;2021-07;0.003582548650345261
8173830874846355280;2021-07;0.003582548650345261
8173830874846355280;2021-07;0.00284180790960452
8173830874846355280;2021-07;0.003582548650345261
8173830874846355280;2021-07;0.0005084745762711864
8173830874846355280;2021-07;0.001437046004842615
8173830874846355280;2021-07;0.003407407407407407
8173830874846355280;2021-07;0.003407407407407407
8173830874846355280;2021-07;0.0005084745762711864
8173830874846355280;2021-07;0.0013333333333333333
8173830874846355280;2021-07;0.0057102082248133455
8173830874846355280;2021-08;0.0029393939393939396
8173830874846355280;2021-08;0.003407407407407407
8173830874846355280;2021-08;0.004817181843497633
8173830874846355280;2021-08;0.002735564757303888
8173830874846355280;2021-08;0.0041226053639846745
8173830874846355280;2021-08;0.0007142857142857143
8173830874846355280;2021-08;0.005642375168690959
8173830874846355280;2021-08;0.004149165649165649
8173830874846355280;2021-08;0.0029393939393939396
8173830874846355280;2021-08;0.0029393939393939396
8173830874846355280;2021-08;0.001455026455026455
7236776406341522879;2021-07;0.010504477753019114
3382624494518753363;2021-07;0.30087571530568863
3382624494518753363;2021-07;0.263908625234966
3382624494518753363;2021-07;0.2982039980921513
3382624494518753363;2021-07;0.30309192295716286
3382624494518753363;2021-08;0.20155577682553136
3382624494518753363;2021-08;0.1814511040570571
3382624494518753363;2021-08;0.7073931869159541
1003144834589372198;2021-07;0.014017552394605328
1003144834589372198;2021-07;0.015856297252626345
1003144834589372198;2021-07;0.019594010794431217
1003144834589372198;2021-08;0.008569494471063041
1003144834589372198;2021-08;0.019638798382864343
1003144834589372198;2021-08;0.011095862083768414
1003144834589372198;2021-08;0.0242380516720077
1003144834589372198;2021-08;0.016078679144893235
4043546053926060305;2021-07;0.2524306954037679
4043546053926060305;2021-07;0.323213261591046
4043546053926060305;2021-08;0.49914156928429315
4043546053926060305;2021-08;0.32772675813636454
4043546053926060305;2021-08;0.3080039941545079
4043546053926060305;2021-08;0.3255100966957677
4043546053926060305;2021-08;0.2928307159767508
4043546053926060305;2021-08;0.30168213766610846
4043546053926060305;2021-08;0.2657491634512343
4043546053926060305;2021-08;0.47428019192786786
4043546053926060305;2021-08;0.42572355558665725
4043546053926060305;2021-08;0.4616548297010416
2335982750277990437;2021-07;0.07849306312776802
2335982750277990437;2021-07;0.08223097129874597
2335982750277990437;2021-07;0.08123097129874597
2335982750277990437;2021-08;0.06328275918167331
7485107528960607346;2021-07;0.012498878045914217
7485107528960607346;2021-07;0.017902645268522886
7485107528960607346;2021-07;0.019846042244115278
7485107528960607346;2021-08;0.0059272173318985
465309249432033993;2021-07;0.007372240803194891
465309249432033993;2021-08;0.0077007741713624065
465309249432033993;2021-08;0.0077007741713624065
4995679129936981612;2021-07;0.10590308882635947
4995679129936981612;2021-07;0.03587294990992051
4995679129936981612;2021-07;0.03587294990992051
4995679129936981612;2021-08;0.03249551450369073
3137879241768961145;2021-07;0.006623387382680932
3137879241768961145;2021-07;0.007985130338071515
3137879241768961145;2021-07;0.009486296037766627
3137879241768961145;2021-08;0.0018518518518518517
3137879241768961145;2021-08;0.005191721132897603
3137879241768961145;2021-08;0.005097868538096242
8090492548102964782;2021-07;0.11980816400092163
5055200744384119654;2021-07;0.008646275812678678
660382477567765256;2021-07;0.029749921119756315
660382477567765256;2021-07;0.03781621266664943
660382477567765256;2021-07;0.02809065965367923
660382477567765256;2021-08;0.07154767295788347
660382477567765256;2021-08;0.05961323745994942
4166581859919473627;2021-07;0.015753664412112012
4166581859919473627;2021-07;0.017579275360303605
4166581859919473627;2021-07;0.01513069384307212
864510931144626280;2021-07;0.02081024959683768
864510931144626280;2021-08;0.15956456886706566
864510931144626280;2021-08;0.0034549571783614335
4235078665660987689;2021-07;0.02266129690510396
4235078665660987689;2021-07;0.029667596520124608
187117706370645370;2021-07;0.0651815905785253
187117706370645370;2021-07;0.03292599411604356
187117706370645370;2021-08;0.044145110094891464
7930925883736021864;2021-07;0.0009375
7930925883736021864;2021-07;0.0015594790547798065
7930925883736021864;2021-07;0.0
7930925883736021864;2021-07;0.0009375
7930925883736021864;2021-07;0.0
7930925883736021864;2021-07;0.0
7930925883736021864;2021-07;0.0016594827586206896
7930925883736021864;2021-08;0.01841506565690112
7930925883736021864;2021-08;0.020630365766707768
7930925883736021864;2021-08;0.0054638338065757415
7930925883736021864;2021-08;0.1641092961131767
7930925883736021864;2021-08;0.009675121263269457
7930925883736021864;2021-08;0.007423815491557427
7930925883736021864;2021-08;0.011630008481314569
7930925883736021864;2021-08;0.009675121263269457
7930925883736021864;2021-08;0.019193886569924636
7930925883736021864;2021-08;0.005662775605517542
7930925883736021864;2021-08;0.0064530811184036994
8004521604421988528;2021-07;0.01622644377980188
8004521604421988528;2021-07;0.011096985459026616
8004521604421988528;2021-07;0.012906284088742668
8004521604421988528;2021-07;0.010783774532022585
8004521604421988528;2021-07;0.014093163568398435
8004521604421988528;2021-08;0.05297007470726275
1276604410881911401;2021-07;0.02904604399608221
1276604410881911401;2021-07;0.05608763401488671
1276604410881911401;2021-07;0.029743718414686864
1276604410881911401;2021-07;0.02904604399608221
1276604410881911401;2021-07;0.02904604399608221
1276604410881911401;2021-08;0.06181667883314256
1276604410881911401;2021-08;0.05176105113551143
1276604410881911401;2021-08;0.0612873157231343
1276604410881911401;2021-08;0.05363605113551143
1276604410881911401;2021-08;0.05294653043216486
1276604410881911401;2021-08;0.06369167883314257
1276604410881911401;2021-08;0.06181667883314256
1276604410881911401;2021-08;0.05176105113551143
1276604410881911401;2021-08;0.06181667883314256
1958660709350677213;2021-07;0.061332116656223186
1958660709350677213;2021-08;0.06404926465480969
1958660709350677213;2021-08;0.06364414304945644
9052787288251876909;2021-07;0.004265744591554788
1002362614649347438;2021-07;0.08640600972911251
1002362614649347438;2021-07;0.08640600972911251
1002362614649347438;2021-08;0.07484284154051901
1002362614649347438;2021-08;0.07487449420158343
3093415403379897112;2021-07;0.0037348465401858054
3536431875244944563;2021-07;0.06292360889271158
3536431875244944563;2021-08;0.07713315841443419
2493688222671282470;2021-07;0.0017968619273789753
2493688222671282470;2021-08;0.001452034341172079
5263285038415073073;2021-07;0.03602305169529367
5263285038415073073;2021-07;0.019908824473471406
5263285038415073073;2021-07;0.03002564858396812
7436628409157313756;2021-07;0.059975964606832084
7436628409157313756;2021-07;0.09151819874258636
7436628409157313756;2021-08;0.08856008714051787
7436628409157313756;2021-08;0.062257782744869844
7436628409157313756;2021-08;0.06707071129740308
4071158585850879204;2021-07;0.006067995519615121
2634859679238614382;2021-07;0.0018883228840125394
2634859679238614382;2021-07;0.0047454657411553965
2634859679238614382;2021-07;0.007391687273246493
2634859679238614382;2021-08;0.10719950082695312
2634859679238614382;2021-08;0.018908208455194083
2634859679238614382;2021-08;0.010107208956473662
2634859679238614382;2021-08;0.00811489898989899
2634859679238614382;2021-08;0.0073787205485318684
8505870778358741102;2021-07;0.020062685964596844
8505870778358741102;2021-07;0.019784908186819068
8505870778358741102;2021-08;0.0031415559896396878
3997247264680905799;2021-07;0.0016520276615726117
3997247264680905799;2021-07;0.0016520276615726117
3997247264680905799;2021-08;0.006660341484073736
3997247264680905799;2021-08;0.005194641959347842
510795635145114083;2021-07;0.007151998219955794
510795635145114083;2021-07;0.01407812791570978
510795635145114083;2021-08;0.010849495299519224
510795635145114083;2021-08;0.014457463818497098
510795635145114083;2021-08;0.012945268174361868
510795635145114083;2021-08;0.010849495299519224
6546850858912852316;2021-07;0.10466329898740635
6546850858912852316;2021-07;0.050272091487104854
6546850858912852316;2021-07;0.050272091487104854
2768068015169423097;2021-07;0.05676998947969671
2768068015169423097;2021-07;0.059393768765106436
2768068015169423097;2021-08;0.04394867311668263
7949169060790541229;2021-07;0.006536951579298884
7949169060790541229;2021-07;0.01229384960095037
7949169060790541229;2021-08;0.013259430566531338
7949169060790541229;2021-08;0.004619764660265636
6964108750473070287;2021-07;0.07465830470868079
6964108750473070287;2021-07;0.03324580557597911
6964108750473070287;2021-07;0.0645194158197919
6964108750473070287;2021-07;0.03324580557597911
6964108750473070287;2021-07;0.07465830470868079
6964108750473070287;2021-07;0.05658815288320333
6964108750473070287;2021-07;0.08014546704596094
6964108750473070287;2021-07;0.07465830470868079
6964108750473070287;2021-07;0.045203623244594
6964108750473070287;2021-07;0.10109191012545184
6964108750473070287;2021-07;0.07408138163175772
6964108750473070287;2021-07;0.0421925416356184
6964108750473070287;2021-07;0.08014546704596094
6964108750473070287;2021-07;0.0421925416356184
6964108750473070287;2021-08;0.03851355084526337
6964108750473070287;2021-08;0.050294659126051376
6964108750473070287;2021-08;0.053481161267562
6964108750473070287;2021-08;0.04712695357156932
6964108750473070287;2021-08;0.08806275900185889
6964108750473070287;2021-08;0.07944053405277192
6964108750473070287;2021-08;0.03851355084526337
6964108750473070287;2021-08;0.07944053405277192
6964108750473070287;2021-08;0.05062740392609905
6964108750473070287;2021-08;0.03851355084526337
6964108750473070287;2021-08;0.07944053405277192
6964108750473070287;2021-08;0.046258007702623456
6964108750473070287;2021-08;0.060280045376634804
6964108750473070287;2021-08;0.09132657623345657
6964108750473070287;2021-08;0.08020976482200268
6964108750473070287;2021-08;0.050588776773110196
6964108750473070287;2021-08;0.043978869652367164
6964108750473070287;2021-08;0.08020976482200268
6964108750473070287;2021-08;0.05062740392609905
6964108750473070287;2021-08;0.050588776773110196
6964108750473070287;2021-08;0.09867012777494598
6964108750473070287;2021-08;0.043978869652367164
6964108750473070287;2021-08;0.03851355084526337
6964108750473070287;2021-08;0.16420987802978665
6964108750473070287;2021-08;0.060280045376634804
6964108750473070287;2021-08;0.053481161267562
6964108750473070287;2021-08;0.08806275900185889
6964108750473070287;2021-08;0.08806275900185889
6964108750473070287;2021-08;0.050588776773110196
6964108750473070287;2021-08;0.03851355084526337
6964108750473070287;2021-08;0.05062740392609905
3218226066162129945;2021-07;0.17270978331240414
3218226066162129945;2021-08;0.17487760360813653
3218226066162129945;2021-08;0.17753994127047418
3218226066162129945;2021-08;0.17487760360813653
3218226066162129945;2021-08;0.18089224923018704
3218226066162129945;2021-08;0.5760395010714894
3218226066162129945;2021-08;0.17753994127047418
4527499691197377217;2021-07;0.010934354481482772
4527499691197377217;2021-07;0.004679353592069009
4527499691197377217;2021-08;0.08806737627377303
4532469127306079736;2021-07;0.012654090674134488
4532469127306079736;2021-07;0.011183497311981174
1129657311668961746;2021-07;0.0313654343243326
1129657311668961746;2021-07;0.030640325076629026
1129657311668961746;2021-08;0.009892369408418804
1129657311668961746;2021-08;0.01123710613823618
3977861004707764824;2021-07;0.10031900387086715
3977861004707764824;2021-07;0.02167972642288636
3977861004707764824;2021-07;0.037804627981759154
3977861004707764824;2021-07;0.034149552535394
3977861004707764824;2021-07;0.022662257424935904
3977861004707764824;2021-07;0.03872351808421924
3977861004707764824;2021-07;0.039873593499000534
3977861004707764824;2021-08;0.04030164388416948
3977861004707764824;2021-08;0.04426918397055992
3977861004707764824;2021-08;0.04111420365328379
3977861004707764824;2021-08;0.04398972269109864
3977861004707764824;2021-08;0.08676904769680639
3977861004707764824;2021-08;0.04359240045301225
8480109508191086169;2021-07;0.002140151515151515
8480109508191086169;2021-08;0.0043181702470495575
8480109508191086169;2021-08;0.004005670247049557
6795467882769787169;2021-07;0.013788565502586548
6795467882769787169;2021-07;0.00983467545347021
6795467882769787169;2021-08;0.026594085181635207
2191990606593345695;2021-07;0.04083737709842856
2191990606593345695;2021-07;0.024369936362730944
2191990606593345695;2021-07;0.02139137456292038
2191990606593345695;2021-08;0.023953002632184382
6759864637454708017;2021-07;0.00758366711297212
6759864637454708017;2021-07;0.00993377883150489
6759864637454708017;2021-08;0.018961057701281623
6759864637454708017;2021-08;0.06055800268516269
6759864637454708017;2021-08;0.01840355570829575
6759864637454708017;2021-08;0.01840355570829575
6759864637454708017;2021-08;0.018984867225091146
5440313607363845188;2021-07;0.013351494852383992
5440313607363845188;2021-08;0.006310582615951366
5304536516981778801;2021-07;0.008235421779229887
5304536516981778801;2021-07;0.006460066395893438
5304536516981778801;2021-07;0.004627915095657032
5304536516981778801;2021-08;0.0022929701877070297
5304536516981778801;2021-08;0.0041472645513881265
5304536516981778801;2021-08;0.0035892528357355626
5304536516981778801;2021-08;0.004858677321624426
5304536516981778801;2021-08;0.0022929701877070297
5304536516981778801;2021-08;0.005938280557568577
665854826624598350;2021-07;0.034121390542010695
665854826624598350;2021-07;0.01745839387837292
665854826624598350;2021-07;0.028389896215355072
665854826624598350;2021-08;0.028766983202594094
665854826624598350;2021-08;0.028766983202594094
665854826624598350;2021-08;0.02079888985372339
665854826624598350;2021-08;0.029129796344045004
4935929591787890253;2021-07;0.001988301734570391
4935929591787890253;2021-07;0.0014477611940298507
4935929591787890253;2021-08;0.013806796324428805
670573866376512619;2021-07;0.016802553815468656
670573866376512619;2021-07;0.016802553815468656
3668905663669864663;2021-07;0.006196311858076564
3668905663669864663;2021-08;0.0021596638655462185
3668905663669864663;2021-08;0.27447759974944824
3668905663669864663;2021-08;0.006122589751948586
4862285428951244424;2021-07;0.0076594009504890705
4862285428951244424;2021-07;0.0076594009504890705
4862285428951244424;2021-07;0.004841871519752092
4862285428951244424;2021-08;0.00755512856395622
5528372913947954503;2021-07;0.07981179798746398
5528372913947954503;2021-07;0.04688504622223764
5528372913947954503;2021-08;0.06908109910144793
5528372913947954503;2021-08;0.08835056070175984
1118514612547157551;2021-07;0.05147739632075498
1118514612547157551;2021-07;0.1277895195500437
1118514612547157551;2021-07;0.1671698701187432
1118514612547157551;2021-08;0.19321168304872127
1118514612547157551;2021-08;0.07398245479592921
2903869860445366876;2021-07;0.01018473830188516
2903869860445366876;2021-08;0.002991617738217124
2903869860445366876;2021-08;0.005967425107047749
410843023337872279;2021-07;0.01581321056870337
410843023337872279;2021-07;0.011312492696944954
3281617395243454427;2021-07;0.05100974169676156
3281617395243454427;2021-07;0.042910938694124115
3281617395243454427;2021-08;0.02011815053349929
2128970218770090704;2021-07;0.003268357307593776
2128970218770090704;2021-07;0.0030251417417975646
2128970218770090704;2021-07;0.005197713126791736
2128970218770090704;2021-08;0.003140831964969896
2128970218770090704;2021-08;0.013883069191957476
2128970218770090704;2021-08;0.0032327776845765526
2128970218770090704;2021-08;0.014573805117892307
2307201111381758912;2021-07;0.03827064312737996
2307201111381758912;2021-08;0.004750488752719995
3408536439470975134;2021-07;0.0
3408536439470975134;2021-07;0.0010087976539589442
3408536439470975134;2021-07;0.0
3408536439470975134;2021-07;0.00041666666666666664
3408536439470975134;2021-08;0.0039206700773271284
3408536439470975134;2021-08;0.0
3408536439470975134;2021-08;0.0005555555555555556
3408536439470975134;2021-08;0.0
2106875407768047316;2021-07;0.005202693047814999
2106875407768047316;2021-07;0.010875128792775851
2106875407768047316;2021-07;0.012859385198122297
2106875407768047316;2021-07;0.0017793611793611795
7067471043900250355;2021-07;0.05281663226672029
7067471043900250355;2021-07;0.05281663226672029
7067471043900250355;2021-08;0.05475770535551459
7067471043900250355;2021-08;0.05475770535551459
6535356415509860671;2021-07;0.006516965604000295
4095739077267179172;2021-07;0.023225224871435062
4095739077267179172;2021-07;0.028157052028274027
180672270337706285;2021-07;0.4528975844880928
180672270337706285;2021-07;0.41441700433936435
180672270337706285;2021-07;0.44594417072642734
180672270337706285;2021-07;0.4089908315478212
180672270337706285;2021-08;0.28175205888641325
180672270337706285;2021-08;0.35574789383606453
180672270337706285;2021-08;0.3527121799671435
1977574645216036803;2021-07;0.13670832807685157
1977574645216036803;2021-08;0.35257804964188383
1977574645216036803;2021-08;0.7526802504123412
7707459425750676368;2021-07;0.6415143485886162
7707459425750676368;2021-08;0.05465382259766864
226405871752897670;2021-07;0.00742675235113166
226405871752897670;2021-08;0.005526656525707758
226405871752897670;2021-08;0.0036019593234638825
5503073374822479037;2021-07;0.07202923868763683
5503073374822479037;2021-07;0.07373306766564325
5503073374822479037;2021-08;0.09954444078731907
5503073374822479037;2021-08;0.07354543000547445
5503073374822479037;2021-08;0.07800535081662663
3161361581909316305;2021-07;0.013880545368662489
652740132671309295;2021-07;0.029823085131401986
652740132671309295;2021-07;0.01654204844450728
5503391736465275980;2021-07;0.0010122358175750834
5503391736465275980;2021-07;0.0010122358175750834
5503391736465275980;2021-08;0.004079682143409671
5503391736465275980;2021-08;0.0009837728194726167
8895896724713458749;2021-07;0.007452235503644009
8895896724713458749;2021-07;0.01211042292638293
8895896724713458749;2021-07;0.008681066036660185
8895896724713458749;2021-08;0.008471781283998968
8895896724713458749;2021-08;0.008524239894647232
9184785003280841216;2021-07;0.021561766462106877
9184785003280841216;2021-07;0.02835007525420493
9184785003280841216;2021-08;0.06452230976331191
9184785003280841216;2021-08;0.046648323654758815
1210783884008131648;2021-07;0.002775425152920615
1210783884008131648;2021-07;0.0014791288566243193
1210783884008131648;2021-07;0.010234913042484077
345447888460137901;2021-07;0.038020217619281246
6368582840625614207;2021-07;0.0024402608268014273
6368582840625614207;2021-08;0.0023240438558636313
1044568737046072781;2021-07;0.056203612283985474
5864443060004179363;2021-07;0.00655730180635304
5864443060004179363;2021-07;0.002738922841864019
5864443060004179363;2021-07;0.014183539504859283
5864443060004179363;2021-08;0.005037698723493398
5864443060004179363;2021-08;0.0026552287581699347
5864443060004179363;2021-08;0.0027861811391223157
5864443060004179363;2021-08;0.0028933239962651725
5864443060004179363;2021-08;0.0038316993464052283
5864443060004179363;2021-08;0.0026552287581699347
2214132103234633622;2021-07;0.0163063403244421
2214132103234633622;2021-07;0.016311421134105858
2214132103234633622;2021-08;0.013328765736765513
2214132103234633622;2021-08;0.013328765736765513
2214132103234633622;2021-08;0.0158152735834262
2214132103234633622;2021-08;0.0158152735834262
2214132103234633622;2021-08;0.014345301286661418
5369576709077493659;2021-07;0.11520481292542276
5369576709077493659;2021-07;0.11491247421574531
5369576709077493659;2021-07;0.12265007037530948
5369576709077493659;2021-07;0.18168581615524748
3634047863995720708;2021-07;0.0031302453348489158
3634047863995720708;2021-08;0.003228742646985139
3634047863995720708;2021-08;0.003228742646985139
792560389712312178;2021-07;0.005879646850308697
792560389712312178;2021-07;0.0062977848899928935
792560389712312178;2021-08;0.36167185430109433
792560389712312178;2021-08;0.005387818989213263
792560389712312178;2021-08;0.005067757798500289
4717717003637613480;2021-07;0.001015531660692951
4717717003637613480;2021-07;0.001673540318701609
4717717003637613480;2021-08;0.007163334886770313
4717717003637613480;2021-08;0.0051745045302214075
4717717003637613480;2021-08;0.007371928152029267
1104269683367198574;2021-07;0.00824635135789846
1104269683367198574;2021-07;0.011969937209433495
1104269683367198574;2021-08;0.01864855986426518
7870373680211625064;2021-07;0.0010235271974402408
7870373680211625064;2021-07;0.0006451612903225806
7870373680211625064;2021-07;0.001200716845878136
7870373680211625064;2021-08;0.014973750795725146
7870373680211625064;2021-08;0.0031725702782797183
7870373680211625064;2021-08;0.0031725702782797183
7870373680211625064;2021-08;0.0038702446968843698
7038761645302069945;2021-07;0.007700318523587602
7038761645302069945;2021-08;0.014021616692714485
5888474320320735000;2021-07;0.46305897388759304
5888474320320735000;2021-08;0.43534125821183944
5888474320320735000;2021-08;0.45367353388639337
5888474320320735000;2021-08;0.4762538380562973
4414438591613884911;2021-07;0.0020947388327606543
4414438591613884911;2021-08;0.004887087578967445
4414438591613884911;2021-08;0.004776548353627461
4414438591613884911;2021-08;0.005461937039016146
4950871361132426979;2021-07;0.03567113196480004
4950871361132426979;2021-08;0.06738779802072203
6462952350255736003;2021-07;0.01818969396674778
6462952350255736003;2021-07;0.005965289384506031
4061297388883391410;2021-07;0.02741745828878295
4061297388883391410;2021-08;0.013043089918778353
4061297388883391410;2021-08;0.011191152322998164
4061297388883391410;2021-08;0.01845761669794196
4061297388883391410;2021-08;0.02114032614535729
5522764880180045081;2021-07;0.009140832202591133
5522764880180045081;2021-07;0.014263156460156296
5522764880180045081;2021-08;0.015581470480759451
5522764880180045081;2021-08;0.0012958511396011397
5522764880180045081;2021-08;0.006130429323887742
5522764880180045081;2021-08;0.009123318458082874
8609211777002937758;2021-07;0.0008806497175141242
8609211777002937758;2021-08;0.0037487957386506594
2694466161223698243;2021-07;0.38336813538239817
2694466161223698243;2021-07;0.5414550982047222
8350724667410677464;2021-07;0.005871531050735786
8350724667410677464;2021-07;0.011679297856377623
8350724667410677464;2021-07;0.0062286739078786435
8350724667410677464;2021-07;0.03322494857193634
8350724667410677464;2021-08;0.24920735118264484
1088521227159442264;2021-07;0.053234511159593684
1088521227159442264;2021-07;0.03528617433432166
1088521227159442264;2021-07;0.05261540267771511
1088521227159442264;2021-08;0.028940704488600456
1088521227159442264;2021-08;0.028107625902291787
7895753719321668294;2021-07;0.012093723468015394
7895753719321668294;2021-07;0.016838628870815532
7895753719321668294;2021-08;0.012707394755208913
7895753719321668294;2021-08;0.01762071148906734
4641659186059167709;2021-07;0.02931215722633069
4641659186059167709;2021-07;0.04993021379059304
2819054834565698513;2021-07;0.04920089006284247
2819054834565698513;2021-07;0.04666638084047243
2819054834565698513;2021-08;0.11978326198658137
3591324331706630867;2021-07;0.03840090534570347
3591324331706630867;2021-07;0.024430792676799727
3591324331706630867;2021-08;0.18800941815252112
3591324331706630867;2021-08;0.053471017534173854
3591324331706630867;2021-08;0.02880927463236227
2493305884832539159;2021-07;0.10277572727277821
2493305884832539159;2021-07;0.08984784607840482
2493305884832539159;2021-08;0.06698432838995093
4972567100282306577;2021-07;0.01619194845187779
4972567100282306577;2021-07;0.01619194845187779
4972567100282306577;2021-07;0.01855129509434603
4972567100282306577;2021-08;0.04789086537752465
940214356651040716;2021-07;0.08460919698551272
940214356651040716;2021-07;0.0680790761005565
6349142675790687765;2021-07;0.3524865017474113
6349142675790687765;2021-08;0.40331562338262217
6349142675790687765;2021-08;0.3245123751462636
6349142675790687765;2021-08;0.47885284384080196
6349142675790687765;2021-08;0.37225126706404077
6352592240901579272;2021-07;0.00835862277228624
4858887739802767402;2021-07;0.004186532976211112
4858887739802767402;2021-07;0.0036071678968460324
4858887739802767402;2021-07;0.005698981312188859
4858887739802767402;2021-08;0.007852606528558933
503021894071666233;2021-07;0.125102667583168
503021894071666233;2021-08;0.09569160913488313
503021894071666233;2021-08;0.095084108311627
503021894071666233;2021-08;0.09427999038500362
4465150716052427320;2021-07;0.026735322623219114
4465150716052427320;2021-07;0.00869765222920324
2645324649046215594;2021-07;0.0
2645324649046215594;2021-07;0.0011111111111111111
2645324649046215594;2021-07;0.013385985709866577
2645324649046215594;2021-07;0.0
2645324649046215594;2021-08;0.004662079782055776
2645324649046215594;2021-08;0.0037316542667729445
5042877476420217533;2021-07;0.0009090909090909091
5042877476420217533;2021-08;0.0
5042877476420217533;2021-08;0.0012742248062015504
8400764778654490278;2021-07;0.012586571049681073
8400764778654490278;2021-07;0.010328138617280623
8400764778654490278;2021-08;0.015430909389844365
3285246914299291124;2021-07;0.00525337218884788
3285246914299291124;2021-07;0.02418739648209467
3285246914299291124;2021-07;0.007071554007029699
3285246914299291124;2021-08;0.001780698975820927
3285246914299291124;2021-08;0.0018312040263259778
3285246914299291124;2021-08;0.004153902030627755
3285246914299291124;2021-08;0.003153679653679654
4170463992215954403;2021-07;0.011483233829661953
4170463992215954403;2021-08;0.06453783918762974
1536087798470875922;2021-07;0.15058018917287147
1536087798470875922;2021-07;0.11203371737959693
1536087798470875922;2021-07;0.11045669717757672
1536087798470875922;2021-08;0.09614852957258828
1536087798470875922;2021-08;0.0833137619887629
1536087798470875922;2021-08;0.09832436512002575
1536087798470875922;2021-08;0.09206589473755553
1536087798470875922;2021-08;0.09206589473755553
1536087798470875922;2021-08;0.10242026132315858
1536087798470875922;2021-08;0.08857165033851294
4675067298171588603;2021-07;0.13824634645330314
4675067298171588603;2021-07;0.16055413461208987
4675067298171588603;2021-07;0.15264533120803025
4675067298171588603;2021-08;0.09094453091112636
4675067298171588603;2021-08;0.10640936902292973
2346482557594782345;2021-07;0.03544369186668088
2346482557594782345;2021-07;0.03358231743004738
2346482557594782345;2021-08;0.008862922781490097
5058298901476893676;2021-07;0.009891417028278343
5058298901476893676;2021-07;0.011454608614825985
5058298901476893676;2021-07;0.009891417028278343
5058298901476893676;2021-08;0.016821239220613637
6217788509719675691;2021-07;0.0007023809523809524
6217788509719675691;2021-07;0.002874295914017781
6217788509719675691;2021-07;0.006916689634101564
6217788509719675691;2021-07;0.0015795739348370926
6217788509719675691;2021-08;0.005416395868008772
6217788509719675691;2021-08;0.012711865101122497
4795152981525833467;2021-07;0.00393054603348721
4795152981525833467;2021-07;0.009276883390674333
4795152981525833467;2021-08;0.09565178845566084
4795152981525833467;2021-08;0.009085193610314582
4785355632922927313;2021-07;0.10082604794013006
4785355632922927313;2021-07;0.10324323632704362
4785355632922927313;2021-07;0.10356767319642719
4785355632922927313;2021-08;0.08455579402365997
4785355632922927313;2021-08;0.06915641913369996
4785355632922927313;2021-08;0.09562853045599302
7268895973869107930;2021-07;0.004513638024890838
7268895973869107930;2021-07;0.006442731075862895
7710364735942975505;2021-07;0.007569045899386717
7710364735942975505;2021-08;0.016100755610603264
7710364735942975505;2021-08;0.052940821466594776
3095408468798675621;2021-07;0.02837381657091568
3095408468798675621;2021-08;0.002302336028751123
7177785309735471560;2021-07;0.009271653257785551
7177785309735471560;2021-07;0.00963468563634951
7177785309735471560;2021-07;0.010273513696456736
7177785309735471560;2021-08;0.011291055170123444
8510653215962746781;2021-07;0.053340235254659
5358243820364010940;2021-07;0.00183974358974359
5358243820364010940;2021-08;0.0023847816020990897
5358243820364010940;2021-08;0.0023716780252770967
5358243820364010940;2021-08;0.0013327526132404183
5358243820364010940;2021-08;0.00261262393520458
6927178425683104769;2021-07;0.022530725653671674
6927178425683104769;2021-07;0.004185195988790446
6927178425683104769;2021-08;0.0037548591321632796
6927178425683104769;2021-08;0.008940538556300894
1269153452773908541;2021-07;0.0019805807219600326
1269153452773908541;2021-08;0.008404197709950873
2006188298374001315;2021-07;0.0054782009266462085
7325545718770538459;2021-07;0.014051709290507168
7325545718770538459;2021-07;0.014887183938607355
7325545718770538459;2021-07;0.014887183938607355
7325545718770538459;2021-07;0.014887183938607355
7325545718770538459;2021-07;0.014134838327562604
7325545718770538459;2021-07;0.012758367739327309
7325545718770538459;2021-07;0.011665656264493474
7325545718770538459;2021-07;0.013257197095385219
7325545718770538459;2021-07;0.014887183938607355
7325545718770538459;2021-07;0.011205575905983405
7325545718770538459;2021-08;0.008025341506251437
7325545718770538459;2021-08;0.006331466654324987
7325545718770538459;2021-08;0.0094413440313047
7325545718770538459;2021-08;0.008964519875613504
7325545718770538459;2021-08;0.012082497950499496
7325545718770538459;2021-08;0.007544792307166769
7325545718770538459;2021-08;0.008964519875613504
8464809590757561185;2021-07;0.006380898417530871
8464809590757561185;2021-07;0.0025528003754693366
8464809590757561185;2021-08;0.0011448275862068966
8464809590757561185;2021-08;0.005675266105303123
8464809590757561185;2021-08;0.002217088658467969
8748106677402909629;2021-07;0.06618636475339386
312543480920432545;2021-07;0.012815933590111937
312543480920432545;2021-07;0.009520313113214019
312543480920432545;2021-07;0.007936074021154666
312543480920432545;2021-08;0.0053973144150170115
312543480920432545;2021-08;0.011831964299125324
1059336566956767188;2021-07;0.0026410824345146377
6186737197674630993;2021-07;0.005627336213294486
6186737197674630993;2021-08;0.01536887223208114
6186737197674630993;2021-08;0.09804695905281083
6186737197674630993;2021-08;0.005283186777092572
5606267905834401873;2021-07;0.028864435026223358
5606267905834401873;2021-08;0.033168563662522174
5606267905834401873;2021-08;0.034295118071383586
5606267905834401873;2021-08;0.040473964395602184
1097345589386012260;2021-07;0.007499833124354312
1097345589386012260;2021-08;0.01652889166698596
2763141362035716801;2021-07;0.00688886607564826
3022528659032597047;2021-07;0.01261496725575341
3022528659032597047;2021-07;0.006269169391793179
3022528659032597047;2021-08;0.09366585248071636
3022528659032597047;2021-08;0.005760298731688809
3022528659032597047;2021-08;0.004930960900925556
8015571584405428572;2021-07;0.031157913702832083
8015571584405428572;2021-08;0.13016484012947932
8015571584405428572;2021-08;0.025103052408762268
8015571584405428572;2021-08;0.02627896273167847
6721448955097663572;2021-07;0.013535027609132846
6721448955097663572;2021-07;0.007464672013809946
6721448955097663572;2021-07;0.01229228954730983
6721448955097663572;2021-07;0.012792134094303988
6721448955097663572;2021-07;0.019625189906196584
6721448955097663572;2021-08;0.010802367087313924
6721448955097663572;2021-08;0.034419695813977996
6721448955097663572;2021-08;0.009944796397467846
6721448955097663572;2021-08;0.019447185198011734
6721448955097663572;2021-08;0.006807014120740818
6721448955097663572;2021-08;0.008428016760850345
3960251564708868781;2021-07;0.038783950013119586
3960251564708868781;2021-07;0.04029872761038985
3960251564708868781;2021-08;0.05309210934703346
3960251564708868781;2021-08;0.05578441703934115
3960251564708868781;2021-08;0.041642348631609406
2022367282554149730;2021-07;0.010567208256766096
2022367282554149730;2021-07;0.0258863308609369
2022367282554149730;2021-07;0.011508270691140885
2022367282554149730;2021-07;0.0236391272666984
2022367282554149730;2021-07;0.027023825192606963
2022367282554149730;2021-08;0.007085114021299746
2022367282554149730;2021-08;0.007841953177529145
2022367282554149730;2021-08;0.0058656018261777935
2022367282554149730;2021-08;0.007841953177529145
2022367282554149730;2021-08;0.11379007335559287
2022367282554149730;2021-08;0.008891661837357356
2466177460692220853;2021-07;0.01605744852337908
2466177460692220853;2021-08;0.0111001946474132
2466177460692220853;2021-08;0.021759476598739023
7397206777205091443;2021-07;0.012760548459537186
5613825020130267729;2021-07;0.004109506225885537
5613825020130267729;2021-07;0.004195174652933274
5613825020130267729;2021-07;0.004109506225885537
5613825020130267729;2021-08;0.001194808001404703
5613825020130267729;2021-08;0.007417751514703581
5726178124659661019;2021-07;0.015994858303930076
5726178124659661019;2021-07;0.017735633968032315
5726178124659661019;2021-07;0.015919212399404862
5726178124659661019;2021-08;0.003005845971363213
5726178124659661019;2021-08;0.0026610183851563164
5726178124659661019;2021-08;0.007028752457323887
5726178124659661019;2021-08;0.00946270582361664
5726178124659661019;2021-08;0.0016265356265356265
5726178124659661019;2021-08;0.008347659330417952
5726178124659661019;2021-08;0.009002425502425504
835441927760881602;2021-07;0.10942775482825126
835441927760881602;2021-08;0.10792746872239331
835441927760881602;2021-08;0.10792746872239331
1329553496073467331;2021-07;0.008961748232290003
1329553496073467331;2021-08;0.009837682761848803
5860276371789140450;2021-07;0.02471607197606274
5860276371789140450;2021-08;0.026790806709601777
5860276371789140450;2021-08;0.018990980959340657
5810778736737569699;2021-07;0.0380539017501363
5810778736737569699;2021-08;0.027154151016550287
5810778736737569699;2021-08;0.20226774589659832
7468724002190465812;2021-07;0.011524740611984087
7468724002190465812;2021-08;0.007090700817343436
2455576782104041698;2021-07;0.06487565400713506
2455576782104041698;2021-07;0.07808028320826968
2455576782104041698;2021-08;0.0657043726197991
2455576782104041698;2021-08;0.07650232541205745
2455576782104041698;2021-08;0.06505219870675562
4863405965754103821;2021-07;0.19030239670494667
4863405965754103821;2021-07;0.07803518616133065
4863405965754103821;2021-07;0.1884114087713117
4863405965754103821;2021-08;0.0745978054473063
4863405965754103821;2021-08;0.0811992916578388
4863405965754103821;2021-08;0.057941802372232315
4863405965754103821;2021-08;0.06051118999285568
4863405965754103821;2021-08;0.06051118999285568
4863405965754103821;2021-08;0.09896396287962471
4863405965754103821;2021-08;0.04469026556558456
4863405965754103821;2021-08;0.17247103915286716
4863405965754103821;2021-08;0.05674897684728337
2983174282784691273;2021-07;0.006009687684911469
2983174282784691273;2021-07;0.007074148586328893
2983174282784691273;2021-08;0.003547943260802996
2983174282784691273;2021-08;0.004931918855423268
6969348581033924947;2021-07;0.010000728328900641
6969348581033924947;2021-07;0.007847059023733
6969348581033924947;2021-07;0.007315854379320808
6969348581033924947;2021-07;0.01809326238350928
6969348581033924947;2021-07;0.023548622729522507
6969348581033924947;2021-08;0.026756538347149413
6969348581033924947;2021-08;0.0256038486625432
6969348581033924947;2021-08;0.012248662011729305
6969348581033924947;2021-08;0.041702482394239876
8603678028264007695;2021-07;0.0014254385964912282
8603678028264007695;2021-08;0.0007259664999603079
8603678028264007695;2021-08;0.0025669351073762834
1088268935649917461;2021-07;0.009668828951500402
1088268935649917461;2021-08;0.3481842293406375
1088268935649917461;2021-08;0.023878148588382025
1717812527056208209;2021-07;0.3260646877330434
1717812527056208209;2021-07;0.3260646877330434
682352428813668634;2021-07;0.02639455392937222
682352428813668634;2021-07;0.02789898655348569
682352428813668634;2021-07;0.02639455392937222
682352428813668634;2021-08;0.027589288642700816
682352428813668634;2021-08;0.02798180417912246
682352428813668634;2021-08;0.02798180417912246
6643358471662528195;2021-07;0.005655137786042866
6643358471662528195;2021-08;0.44624108262988427
6643358471662528195;2021-08;0.005784749625055728
1343530446996409207;2021-07;0.00986742183823993
1343530446996409207;2021-08;0.021662315437462856
1343530446996409207;2021-08;0.006298149562855444
3750579377644235511;2021-07;0.1637703570383905
3750579377644235511;2021-07;0.17853868607842954
3750579377644235511;2021-07;0.13031397984458326
3750579377644235511;2021-08;0.15271967181392862
3832944730982767714;2021-07;0.0024848484848484847
3832944730982767714;2021-07;0.009146468870046323
6448580780254847411;2021-07;0.011852890361826442
6448580780254847411;2021-07;0.002624078624078624
4853303856126909724;2021-07;0.3368960462048939
7712263029835111826;2021-07;0.10575144303455922
8901696535927078963;2021-07;0.018431260599160042
8901696535927078963;2021-07;0.016378340948598535
8901696535927078963;2021-07;0.00878282518427377
8901696535927078963;2021-08;0.001861071133823631
8901696535927078963;2021-08;0.002146785419537917
8901696535927078963;2021-08;0.0032046519403517377
8901696535927078963;2021-08;0.001861071133823631
8901696535927078963;2021-08;0.002737218990160166
3095686599956852697;2021-07;0.002082037768994291
3095686599956852697;2021-07;0.002359815546772068
3095686599956852697;2021-07;0.0008951612903225805
3095686599956852697;2021-08;0.003626115998696644
3095686599956852697;2021-08;0.008124571888537048
3095686599956852697;2021-08;0.008124571888537048
5880041582322293710;2021-07;0.016580000245768903
5880041582322293710;2021-07;0.004509183783538016
5880041582322293710;2021-07;0.015252077603658883
5880041582322293710;2021-08;0.010758381732767488
5880041582322293710;2021-08;0.051550741824723946
5880041582322293710;2021-08;0.015684967620151664
5880041582322293710;2021-08;0.051550741824723946
5880041582322293710;2021-08;0.05021235798634011
8918635099296971351;2021-07;0.054556416244528956
8918635099296971351;2021-08;0.07883333815457877
7347715771145302549;2021-07;0.003922261797340274
7347715771145302549;2021-07;0.004999792580674933
7347715771145302549;2021-08;0.006721640366801658
7347715771145302549;2021-08;0.009002540728584373
8196449005061156808;2021-07;0.013933272895330237
8196449005061156808;2021-08;0.007555085174223644
7910340581026492945;2021-07;0.005755788626665688
7910340581026492945;2021-07;0.000871473354231975
7910340581026492945;2021-07;0.00709871468137597
7910340581026492945;2021-08;0.008139354559222602
7910340581026492945;2021-08;0.006472687892555934
7910340581026492945;2021-08;0.004218704432182725
7910340581026492945;2021-08;0.004869860715173353
7910340581026492945;2021-08;0.006345900958454977
4588313530969303734;2021-07;0.05354082997410821
4588313530969303734;2021-07;0.03774916780226581
4588313530969303734;2021-08;0.027549611149027604
4588313530969303734;2021-08;0.02605530826148675
8229446069655666941;2021-07;0.25364772783259876
8229446069655666941;2021-07;0.8037859466484774
8229446069655666941;2021-07;0.20482171683611114
8229446069655666941;2021-07;0.30403792076687663
1299146298565441811;2021-07;0.030962776895989797
1299146298565441811;2021-07;0.03164632857027464
1299146298565441811;2021-08;0.03652777943367746
2119292203323657032;2021-07;0.018588805695607235
2119292203323657032;2021-08;0.023588534430754798
4740535838297269949;2021-07;0.017736479042026777
4740535838297269949;2021-07;0.014734897049338357
4740535838297269949;2021-08;0.004705378363466599
8198518259946944874;2021-07;0.6709848163637172
4327694790333781288;2021-07;0.0
4327694790333781288;2021-07;0.001689655172413793
4327694790333781288;2021-08;0.08429284852438787
4327694790333781288;2021-08;0.009942489013672682
4327694790333781288;2021-08;0.0062670156642560615
324916756972236008;2021-07;0.021882009463876067
324916756972236008;2021-08;0.02043518464367086
324916756972236008;2021-08;0.0063537915028520344
324916756972236008;2021-08;0.02020628826613684
324916756972236008;2021-08;0.05992588577324264
1788369195969129749;2021-07;0.0028674005633295445
1788369195969129749;2021-08;0.0036175269780100616
6284433051333854194;2021-07;0.009246366579458494
6284433051333854194;2021-08;0.0010765488991295443
6284433051333854194;2021-08;0.0011131675342201657
472772897496154354;2021-07;0.0035894430493731465
472772897496154354;2021-08;0.003933414147229936
472772897496154354;2021-08;0.002162599294847288
472772897496154354;2021-08;0.005422775849357596
5108407319813072955;2021-07;0.03749292598552768
5108407319813072955;2021-07;0.031119970499764494
1253437108265925705;2021-07;0.00816761739076819
1253437108265925705;2021-07;0.017103222484017647
1253437108265925705;2021-07;0.013655433183923251
1253437108265925705;2021-08;0.0630938491917904
2209806355660046187;2021-07;0.003624864674785984
2209806355660046187;2021-08;0.009078933149101291
1767360303789815418;2021-07;0.002419968104944426
8080988579391900405;2021-07;0.0013595013477088946
8080988579391900405;2021-07;0.005645673727572743
8080988579391900405;2021-08;0.00635092232261411
8080988579391900405;2021-08;0.00635092232261411
8348574220426911086;2021-07;0.020266265155247352
8348574220426911086;2021-07;0.021495025422900556
8348574220426911086;2021-07;0.02920784251082726
8348574220426911086;2021-08;0.029736680536125933
8348574220426911086;2021-08;0.035737796323345464
8348574220426911086;2021-08;0.03525388326463732
8348574220426911086;2021-08;0.02833806360650945
6547872039250784411;2021-07;0.7152995843649724
6547872039250784411;2021-08;0.7415723508453971
1543875954928694094;2021-07;0.002415204678362573
1543875954928694094;2021-07;0.003622184684684685
8576047157867370630;2021-07;0.09543570614054316
8576047157867370630;2021-08;0.08202593561546662
3357976326879346012;2021-07;0.11963268332648669
3357976326879346012;2021-08;0.11058524118527649
903093877129717133;2021-07;0.005895659743812958
903093877129717133;2021-07;0.003833337166710843
903093877129717133;2021-07;0.0034928295856636515
903093877129717133;2021-08;0.030828245859585896
8536980239903840341;2021-07;0.0036243248277146585
5875663709136533612;2021-07;0.005885933300514778
6238903426443761049;2021-07;0.006891380115143345
6238903426443761049;2021-07;0.005953880115143345
6238903426443761049;2021-08;0.006760734626444812
6238903426443761049;2021-08;0.013592534370211587
6238903426443761049;2021-08;0.0026504190844616375
6238903426443761049;2021-08;0.0014382978723404254
3660744270380078352;2021-07;0.05372193352810882
3660744270380078352;2021-08;0.0678199273838495
2377020220794016532;2021-07;0.01471833551571853
2377020220794016532;2021-07;0.0165553998712413
2377020220794016532;2021-08;0.00992226427309228
8287608084245946173;2021-07;0.03003186927822313
8287608084245946173;2021-07;0.07024342896284583
8287608084245946173;2021-08;0.006257512891684454
8287608084245946173;2021-08;0.005043585264065841
8287608084245946173;2021-08;0.005027538314176246
8287608084245946173;2021-08;0.005568497108516177
8287608084245946173;2021-08;0.005043585264065841
8287608084245946173;2021-08;0.002194204980842912
8287608084245946173;2021-08;0.0040609251735366095
8287608084245946173;2021-08;0.0057837131742807316
8287608084245946173;2021-08;0.005263101184992248
6950439982480713649;2021-07;0.09948077213597709
6950439982480713649;2021-08;0.12249599464846722
5067621068959932809;2021-07;0.051052895423126306
5067621068959932809;2021-07;0.06124720044162231
5067621068959932809;2021-07;0.1246557515592562
5067621068959932809;2021-08;0.1404364325666715
5067621068959932809;2021-08;0.1481985140112106
5067621068959932809;2021-08;0.08565425160291452
5067621068959932809;2021-08;0.08565425160291452
5067621068959932809;2021-08;0.06700036596217772
5067621068959932809;2021-08;0.06985512177066279
5067621068959932809;2021-08;0.06295274691455867
8195468623809753777;2021-07;0.033893300747209046
8195468623809753777;2021-07;0.008335914586161397
8195468623809753777;2021-07;0.007037249306300842
8195468623809753777;2021-07;0.033893300747209046
8195468623809753777;2021-08;0.015304887764165902
8195468623809753777;2021-08;0.0694923464763674
8195468623809753777;2021-08;0.0694923464763674
3632378524835692731;2021-07;0.0038340911961601614
3632378524835692731;2021-08;0.0043411009469833005
4980232475645447238;2021-07;0.003602362593091518
4980232475645447238;2021-07;0.006185521385120918
3829967475074118757;2021-07;0.3085682023594373
3829967475074118757;2021-07;0.32240401202001867
3829967475074118757;2021-08;0.3872720657672372
3829967475074118757;2021-08;0.6101484790538358
3829967475074118757;2021-08;0.47943662699397793
3829967475074118757;2021-08;0.43850178858357675
2371917341091102894;2021-07;0.03528854370355299
2371917341091102894;2021-07;0.0342598919669006
3571198145319411787;2021-07;0.0028408231979660547
8503092146854371576;2021-07;0.003120536490458252
8503092146854371576;2021-08;0.0045737384609016015
1036256411320325774;2021-07;0.024704203537083323
1036256411320325774;2021-08;0.02555071101906565
1036256411320325774;2021-08;0.02555071101906565
1036256411320325774;2021-08;0.022072150615775478
8123515208041701633;2021-07;0.06776507091489348
8123515208041701633;2021-08;0.6408178299525829
8123515208041701633;2021-08;0.05426044865785789
8123515208041701633;2021-08;0.0682268149891771
5958664040344043635;2021-07;0.01410599020072387
5958664040344043635;2021-07;0.013551555841253093
5958664040344043635;2021-08;0.015186604331099923
8785648114090695180;2021-07;0.014653512524249903
7595945751692012281;2021-07;0.0018900134952766529
7595945751692012281;2021-08;0.03212291209845805
7595945751692012281;2021-08;0.01290254023414868
7041489327620930099;2021-07;0.019202024234446387
7041489327620930099;2021-08;0.011489786588616636
7787306805605072964;2021-07;0.2145657038080523
7787306805605072964;2021-08;0.16737266861636374
6885171468891031140;2021-07;0.027744521984512664
6885171468891031140;2021-08;0.002817122692122692
6885171468891031140;2021-08;0.002817122692122692
1357573192598249600;2021-07;0.026587637185667812
1357573192598249600;2021-07;0.027328406220554494
1357573192598249600;2021-08;0.01532549866844652
1357573192598249600;2021-08;0.015237294869846738
1357573192598249600;2021-08;0.02066615991753442
1357573192598249600;2021-08;0.021710865702685215
1357573192598249600;2021-08;0.028499638660832462
2032592272238235730;2021-07;0.017271513255360308
2032592272238235730;2021-08;0.009221625704384324
2032592272238235730;2021-08;0.008920192241591877
2032592272238235730;2021-08;0.006766818606720084
4210463673385510745;2021-07;0.17584333932122093
4210463673385510745;2021-07;0.2121118432553996
4210463673385510745;2021-07;0.17533456739139638
4210463673385510745;2021-08;0.19199121109400696
4210463673385510745;2021-08;0.1807648148054516
4210463673385510745;2021-08;0.1827869205339537
3204108603682323936;2021-07;0.010078132140129063
3204108603682323936;2021-08;0.005711242569556387
3204108603682323936;2021-08;0.005432882936358043
3204108603682323936;2021-08;0.003997063773804012
9127318190908282126;2021-07;0.008675649685711606
9127318190908282126;2021-08;0.005542662763592997
9127318190908282126;2021-08;0.012218721895611708
4817816966382229074;2021-07;0.03568336180963321
4817816966382229074;2021-08;0.017638352619024113
7451017400765373278;2021-07;0.020723009184027207
7451017400765373278;2021-08;0.002408614323966387
7451017400765373278;2021-08;0.010375902607698908
7451017400765373278;2021-08;0.020044453230638856
7451017400765373278;2021-08;0.003395408163265306
7451017400765373278;2021-08;0.004415730415759898
4524147234488547993;2021-07;0.004196164021164021
4524147234488547993;2021-07;0.003987830687830688
4524147234488547993;2021-08;0.004656847781847781
4524147234488547993;2021-08;0.0014285714285714286
191536915328669008;2021-07;0.387403527692146
3025708129948185495;2021-07;0.005225449603051499
5856610998569876318;2021-07;0.009388821476166953
5856610998569876318;2021-07;0.0013355046421084156
5856610998569876318;2021-08;0.007836040681368584
2467590416042313927;2021-07;0.009480113116927074
2467590416042313927;2021-08;0.011714631616962816
6055129522348042687;2021-07;0.09420842257135757
8548612698724688238;2021-07;0.062447866868301956
8548612698724688238;2021-08;0.34397150988426595
7395696797140470088;2021-07;0.00548060461670764
7395696797140470088;2021-08;0.005063110081598413
4724876423989598202;2021-07;0.019094616189431396
4724876423989598202;2021-07;0.0528651927296089
4724876423989598202;2021-08;0.06396928625975697
4724876423989598202;2021-08;0.032321643505574385
4724876423989598202;2021-08;0.03504188912145028
6662531979151878793;2021-07;0.006441389947987324
2380458252615213706;2021-07;0.06251168245780965
2380458252615213706;2021-08;0.06955193897291323
6784879562354696650;2021-07;0.05982018525550628
8535586342375301953;2021-07;0.024597268176592926
8535586342375301953;2021-07;0.02328846088245779
8535586342375301953;2021-08;0.11302518430115104
8535586342375301953;2021-08;0.003582791052251641
3263212305228307743;2021-07;0.0025237191650853887
3263212305228307743;2021-07;0.00046176046176046176
3263212305228307743;2021-07;0.0055028991742987685
3263212305228307743;2021-08;0.0
5999145415800242177;2021-07;0.02179576579089518
5999145415800242177;2021-08;0.04579394726454805
5999145415800242177;2021-08;0.03818052722229316
6012031176108922616;2021-07;0.031409403643802285
6012031176108922616;2021-08;0.30842821332676174
3279078057358159966;2021-07;0.05415653084508361
3279078057358159966;2021-08;0.03271112393198363
3807130563335796378;2021-07;0.05311108133026631
3807130563335796378;2021-08;0.15150395761414714
121658372387044248;2021-07;0.005564668578217274
121658372387044248;2021-08;0.0009070464767616192
121658372387044248;2021-08;0.0009070464767616192
121658372387044248;2021-08;0.0009070464767616192
4614484019183480654;2021-07;0.007533172247237712
4614484019183480654;2021-08;0.0032216318785578744
4614484019183480654;2021-08;0.0058143641727713465
4614484019183480654;2021-08;0.005731677223705088
5753677550753111444;2021-07;0.0021538461538461538
5753677550753111444;2021-07;0.0029769119769119767
5753677550753111444;2021-08;0.001802889576883385
5753677550753111444;2021-08;0.005446878886507369
1683619849073499603;2021-07;0.009672953060337853
1683619849073499603;2021-08;0.0034418988269794724
2530707686830644666;2021-07;0.0033544449638133306
2530707686830644666;2021-07;0.016417847995694613
2530707686830644666;2021-07;0.0015405405405405402
2530707686830644666;2021-08;0.001635150166852058
7085295800541340563;2021-07;0.012444057061774462
7085295800541340563;2021-07;0.0014137246432820328
7085295800541340563;2021-08;0.10443164916454245
7085295800541340563;2021-08;0.006540096096050186
7085295800541340563;2021-08;0.02291806486919353
7367321179169390502;2021-07;0.22600909803626013
5635781225931111684;2021-07;0.0045971561623059645
5635781225931111684;2021-07;0.016137107084509158
5635781225931111684;2021-08;0.003750142827057335
4537268360654655629;2021-07;0.0536661341167695
4537268360654655629;2021-08;0.05392376028175375
4993499380140734678;2021-07;0.01782537471857767
6394935036014530592;2021-07;0.002234265734265734
6394935036014530592;2021-07;0.002234265734265734
6394935036014530592;2021-07;0.00450847290131221
6394935036014530592;2021-08;0.00139202415518205
717981637594591016;2021-07;0.006574502067312043
717981637594591016;2021-08;0.0019858148387560154
717981637594591016;2021-08;0.002416871416871417
5048392903148444335;2021-07;0.08578615020464803
5048392903148444335;2021-07;0.09184724025091423
5048392903148444335;2021-08;0.10251761484923964
6521201759558790083;2021-07;0.008549413089568091
5162636608292907782;2021-07;0.09113544624028329
5162636608292907782;2021-08;0.39311315666062574
5162636608292907782;2021-08;0.3898597145392591
5162636608292907782;2021-08;0.8000118959774162
5162636608292907782;2021-08;0.30828740146238603
8909740532547211288;2021-07;0.007398663619122659
8909740532547211288;2021-07;0.00987172484701754
8909740532547211288;2021-08;0.008495308057156304
8909740532547211288;2021-08;0.008495308057156304
8909740532547211288;2021-08;0.010724204771139929
8909740532547211288;2021-08;0.014271987832613813
411246418132008456;2021-07;0.02414161053291909
86110062990790869;2021-07;0.06552705422326105
86110062990790869;2021-08;0.05429963179423969
86110062990790869;2021-08;0.05327671853728388
8162017568751362437;2021-07;0.03226265708897478
314309872114206760;2021-07;0.06228748176133835
314309872114206760;2021-07;0.06266705037398966
314309872114206760;2021-08;0.05341202187605117
314309872114206760;2021-08;0.06826465687089861
314309872114206760;2021-08;0.06452468304805942
314309872114206760;2021-08;0.06241941989016468
3631603567749349715;2021-07;0.0035466986336551553
3631603567749349715;2021-08;0.002802282812363458
93982185886107798;2021-07;0.0013978213507625274
93982185886107798;2021-08;0.002234593837535014
93982185886107798;2021-08;0.004321895424836601
8487807876567995441;2021-07;0.013578429988538128
8487807876567995441;2021-07;0.009418672966282283
8487807876567995441;2021-08;0.0071196784433168216
3355881107559250653;2021-07;0.026009203826896785
3355881107559250653;2021-07;0.022674158996501558
3355881107559250653;2021-07;0.012642321972745237
3355881107559250653;2021-07;0.03577975545689249
3355881107559250653;2021-07;0.027901429185557557
3355881107559250653;2021-07;0.032499553283681655
3355881107559250653;2021-07;0.025555111377453938
3355881107559250653;2021-07;0.033168739705216124
3355881107559250653;2021-08;0.020379439507721787
3355881107559250653;2021-08;0.01724257992517909
3355881107559250653;2021-08;0.020379439507721787
3355881107559250653;2021-08;0.018147273411769128
3355881107559250653;2021-08;0.019077729449983788
3355881107559250653;2021-08;0.01724257992517909
7492389223353246125;2021-07;0.09920830316905926
1078687383992817574;2021-07;0.18087941163122115
1078687383992817574;2021-08;0.39087530799357495
1078687383992817574;2021-08;0.33935179371977775
1078687383992817574;2021-08;0.405965846765653
1078687383992817574;2021-08;0.405965846765653
1078687383992817574;2021-08;0.3952907831828096
1078687383992817574;2021-08;0.27142203753777844
5383359512938607117;2021-07;0.015447612619458822
8724731934863284019;2021-07;0.015463405630250822
8724731934863284019;2021-07;0.015245970726782344
8724731934863284019;2021-08;0.01787399100375713
7269781193318890653;2021-07;0.013933059119416455
7269781193318890653;2021-07;0.006134568670126441
7269781193318890653;2021-08;0.014448758525839352
4769364850030443969;2021-07;0.0734428682399958
4769364850030443969;2021-08;0.19431609448075732
4769364850030443969;2021-08;0.05920208278450047
7686361238195690925;2021-07;0.02173353034231801
7686361238195690925;2021-07;0.023088919964582136
7686361238195690925;2021-07;0.01716674815829236
7686361238195690925;2021-08;0.020297001933485367
7686361238195690925;2021-08;0.020964103434733206
7686361238195690925;2021-08;0.020297001933485367
2092588065958607289;2021-07;0.002240300375469337
2092588065958607289;2021-07;0.009966310933398647
2092588065958607289;2021-07;0.003296914949198515
2092588065958607289;2021-08;0.0037161531279178333
2092588065958607289;2021-08;0.0037161531279178333
2092588065958607289;2021-08;0.0037161531279178333
2092588065958607289;2021-08;0.032973557592253455
2092588065958607289;2021-08;0.007742302417225018
2092588065958607289;2021-08;0.001225531914893617
2092588065958607289;2021-08;0.010791790017307432
2092588065958607289;2021-08;0.0037161531279178333
2092588065958607289;2021-08;0.010791790017307432
2092588065958607289;2021-08;0.007742302417225018
2092588065958607289;2021-08;0.0037161531279178333
2092588065958607289;2021-08;0.010791790017307432
5726884001073147293;2021-07;0.006416354714148832
7398738404146260251;2021-07;0.009772961987582145
7182085930008391174;2021-07;0.022612377103908298
7182085930008391174;2021-08;0.008185246865267051
7182085930008391174;2021-08;0.01628482556710905
1611146298923153842;2021-07;0.008344824666380722
1611146298923153842;2021-07;0.01102974350015674
1611146298923153842;2021-07;0.00923371355526961
1611146298923153842;2021-08;0.018769486830154104
1611146298923153842;2021-08;0.026583185457232362
1553628056929342565;2021-07;0.02274825317805811
1553628056929342565;2021-07;0.022234544664349595
1553628056929342565;2021-07;0.042607011348789206
1553628056929342565;2021-08;0.1437948997838484
1553628056929342565;2021-08;0.010873782119490893
1553628056929342565;2021-08;0.03683188236745243
4432551314797496562;2021-07;0.6446413880762901
8385636129786687263;2021-07;0.048493578830667905
8385636129786687263;2021-08;0.06801611620860216
1874387298050692165;2021-07;0.0022507572850058648
4850722092974676955;2021-07;0.06753932361161107
4850722092974676955;2021-08;0.04501486120865806
4334472256949955221;2021-07;0.005863718823053541
4334472256949955221;2021-08;0.0053284072249589485
4334472256949955221;2021-08;0.005762886184104673
5306165689101138983;2021-07;0.007816926048691488
3140918607946425426;2021-07;0.002557824027288425
3140918607946425426;2021-07;0.0026153474521121577
3140918607946425426;2021-08;0.0007692307692307692
3140918607946425426;2021-08;0.0003846153846153846
3140918607946425426;2021-08;0.003581081081081081
3140918607946425426;2021-08;0.002042544972961042
3382609338395832683;2021-07;0.012787102851500887
3382609338395832683;2021-07;0.014472842389509027
3382609338395832683;2021-08;0.02163067364047082
3382609338395832683;2021-08;0.018674827349299566
9108733472015251498;2021-07;0.0027429467084639503
7963861799566207637;2021-07;0.007984213777907869
7963861799566207637;2021-07;0.009536133947005759
7963861799566207637;2021-08;0.007324708467723136
3183208564139585182;2021-07;0.6083341391976645
963687627963462983;2021-07;0.004836648865887274
963687627963462983;2021-08;0.0018221411731848163
963687627963462983;2021-08;0.0030606685260497375
4530631557358349711;2021-07;0.020033358015127786
4530631557358349711;2021-07;0.021562550998511894
4530631557358349711;2021-08;0.0058486934795333005
4530631557358349711;2021-08;0.001583272238514174
4489904752023469353;2021-07;0.2603291333657777
4489904752023469353;2021-08;0.13604368888143098
4489904752023469353;2021-08;0.1473126692960815
8248484932270772248;2021-07;0.059219571101694575
8248484932270772248;2021-08;0.06108137919908316
2333404192508932057;2021-07;0.005835670781538356
2333404192508932057;2021-07;0.002938721247050745
2333404192508932057;2021-08;0.0014159688995215311
8784237149961904;2021-07;0.0010855030536804887
8784237149961904;2021-08;0.0
8784237149961904;2021-08;0.0
8784237149961904;2021-08;0.0
7992317448197179816;2021-07;0.0027144660894660895
7992317448197179816;2021-08;0.013135234986041437
7992317448197179816;2021-08;0.008240905748970266
6276792736652545216;2021-07;0.005760450151424424
6276792736652545216;2021-08;0.003710555945263782
6276792736652545216;2021-08;0.004769618594713806
6204723742351094322;2021-07;0.01227208010761593
6204723742351094322;2021-08;0.042931026579861156
705648002974742140;2021-07;0.021716559499552437
705648002974742140;2021-08;0.03740403728951397
798425422240919854;2021-07;0.006431182168524038
798425422240919854;2021-07;0.004954478892512781
798425422240919854;2021-08;0.005463630343829358
798425422240919854;2021-08;0.006035058915257928
798425422240919854;2021-08;0.005308992823165548
5432443358006556295;2021-07;0.001143835030375631
5432443358006556295;2021-08;0.006395193233141905
5432443358006556295;2021-08;0.002835632912420977
4395946187332973749;2021-07;0.019001648508953146
4395946187332973749;2021-08;0.0061174037976274645
5752688018135006198;2021-07;0.022788942007872636
5752688018135006198;2021-08;0.006956267410467257
5752688018135006198;2021-08;0.01392172668760545
6633838062940819075;2021-07;0.0013655462184873949
6633838062940819075;2021-07;0.0013655462184873949
6633838062940819075;2021-07;0.002785700138641315
6633838062940819075;2021-08;0.001990967298068067
2598475569074240783;2021-07;0.01730058142663747
7750874287225529604;2021-07;0.009945450101978509
7750874287225529604;2021-08;0.026875686912920808
7750874287225529604;2021-08;0.0189554417197192
7750874287225529604;2021-08;0.019898837946134295
4635578010631860111;2021-07;0.007172834928074605
4820852183212661131;2021-07;0.03530031780670588
4820852183212661131;2021-08;0.0269359859916884
5078307295214858596;2021-07;0.013007376079487156
8559143756893267192;2021-07;0.07329361097854008
3511416927745338332;2021-07;0.0034545713815523726
3511416927745338332;2021-08;0.005101125951735707
5607900901204647807;2021-07;0.06346376612123363
7664272163315705419;2021-07;0.00867445047713255
7664272163315705419;2021-08;0.00270541958041958
2088532321693492263;2021-07;0.02733219589765381
2088532321693492263;2021-08;0.2647687431824188
2088532321693492263;2021-08;0.01689738712666457
6858769421191999702;2021-07;0.033884873032476184
6858769421191999702;2021-08;0.05279818989238112
6858769421191999702;2021-08;0.00919707254246728
1692423451726508456;2021-07;0.06009287727937874
8255085612985072878;2021-07;0.01741199187831719
8255085612985072878;2021-07;0.012296533492815403
8255085612985072878;2021-08;0.008040170623202643
7176848230239877915;2021-07;0.005504109455881117
7176848230239877915;2021-08;0.0062926338115678925
7176848230239877915;2021-08;0.0062926338115678925
5855956854975734380;2021-07;0.00950596775579421
5855956854975734380;2021-08;0.009776802326395122
1998941557906036376;2021-07;0.005902337360617207
1998941557906036376;2021-08;0.029696094488360907
7816319470107777265;2021-07;0.009483160175447055
295375823203017296;2021-07;0.00375587661965371
6828316696355015040;2021-07;0.004331087105114565
6828316696355015040;2021-08;0.0035225442834138487
8252215766413781202;2021-07;0.02797154275191168
8252215766413781202;2021-08;0.02060697479302323
3970610368027129821;2021-07;0.006965637932625415
3970610368027129821;2021-08;0.00017543859649122806
7141263195360679278;2021-07;0.10481888469505314
7141263195360679278;2021-08;0.4089962426681097
7141263195360679278;2021-08;0.14586806916408168
2003221759676247813;2021-07;0.006492666839765218
2003221759676247813;2021-08;0.0035713688610240334
2735662700719640627;2021-07;0.03173388481559041
4052557282157719526;2021-07;0.005513060825503222
4052557282157719526;2021-08;0.008660164135701455
4052557282157719526;2021-08;0.012878801758569485
3258345688897172820;2021-07;0.09825453056833255
7462607259426026440;2021-07;0.010639698823021869
7462607259426026440;2021-08;0.009900886337129294
4556737702757145073;2021-07;0.00243144518186963
4556737702757145073;2021-08;0.0
4556737702757145073;2021-08;0.0006976744186046512
6926309382371178621;2021-07;0.0037724432825239273
8961924617442201922;2021-07;0.006180963621962596
8961924617442201922;2021-08;0.013491024559675406
8961924617442201922;2021-08;0.017363810712196382
8961924617442201922;2021-08;0.13629643626594493
8961924617442201922;2021-08;0.010139341382573054
8552039412779393821;2021-07;0.028429649063916165
8552039412779393821;2021-08;0.03570083469418726
8552039412779393821;2021-08;0.03570083469418726
622073912578471754;2021-07;0.11801710673868843
1613152204777372951;2021-07;0.03599273424782584
6164364689409425900;2021-07;0.005857433019107334
6091519986999196884;2021-07;0.0003225806451612903
6091519986999196884;2021-08;0.003849913783193834
6091519986999196884;2021-08;0.0005733005733005734
8374461419511631785;2021-07;0.0037066043249561658
8374461419511631785;2021-08;0.0796979248953943
3421433989501830226;2021-07;0.0268462115359421
3713742318997880410;2021-07;0.001365824555628703
3713742318997880410;2021-07;0.005844353787834406
3713742318997880410;2021-08;0.0033656710448368944
3713742318997880410;2021-08;0.0027507451905493373
1368430815953333691;2021-07;0.07195622183814432
4183921942053157552;2021-07;0.02990310344677434
4183921942053157552;2021-08;0.009059893245211026
4183921942053157552;2021-08;0.007975835493110426
4183921942053157552;2021-08;0.009427448396336231
2900002014851776114;2021-07;0.2797632582777798
1778014915038250584;2021-07;0.15656359638606154
1778014915038250584;2021-07;0.11071259522152475
1778014915038250584;2021-08;0.10481137257132488
1420529738304793615;2021-07;0.02216225671759707
7818340804682162328;2021-07;0.023133871723915293
4661684997487171886;2021-07;0.014495141889107131
4661684997487171886;2021-07;0.013429182605417448
4661684997487171886;2021-08;0.03022641183471669
4661684997487171886;2021-08;0.020301107108884223
4661684997487171886;2021-08;0.020301107108884223
4661684997487171886;2021-08;0.019008719703156447
4661684997487171886;2021-08;0.016632506726694203
851897122328714307;2021-07;0.0035455441110613527
851897122328714307;2021-07;0.003533012249681564
851897122328714307;2021-08;0.005419493690893285
851897122328714307;2021-08;0.001379310344827586
257162352336759783;2021-07;0.001035901467505241
257162352336759783;2021-08;0.003140212052990958
5371387005775513675;2021-07;0.021179464260012985
5371387005775513675;2021-08;0.04276044457896139
5371387005775513675;2021-08;0.02760622365117343
662944582644865942;2021-07;0.07267629840546683
662944582644865942;2021-08;0.08185455348832821
662944582644865942;2021-08;0.07406547169282908
662944582644865942;2021-08;0.0819023432135373
1696462947583294958;2021-07;0.007462423639136465
1696462947583294958;2021-08;0.008834662645671726
6817075905797098547;2021-07;0.056591080615004126
6817075905797098547;2021-08;0.12632966163138418
6817075905797098547;2021-08;0.12632966163138418
6817075905797098547;2021-08;0.15580248702650773
6817075905797098547;2021-08;0.12632966163138418
6817075905797098547;2021-08;0.13164872702546493
2201150681962815877;2021-07;0.03284486722271589
7637066986811047950;2021-07;0.012305090538253375
7637066986811047950;2021-08;0.013326869042387961
4571290108043699959;2021-07;0.006276309228599503
4571290108043699959;2021-08;0.006889723809229139
5562543665139612149;2021-07;0.054170904257087885
2814790209436551216;2021-07;0.02817352221427055
2814790209436551216;2021-08;0.014415586040604021
2814790209436551216;2021-08;0.02705182903122165
8646472172649019955;2021-07;0.07863625106426146
8646472172649019955;2021-08;0.10179879710429143
4919908458022265747;2021-07;0.0015591133004926108
4919908458022265747;2021-08;0.01865196151063565
8049805689946244047;2021-07;0.05513968247575584
8049805689946244047;2021-08;0.07619979857617096
8049805689946244047;2021-08;0.07467768888330323
8049805689946244047;2021-08;0.07461503861215552
1292049196559782171;2021-07;0.006933899901386179
1292049196559782171;2021-08;0.0019842196597414812
1292049196559782171;2021-08;0.0002941176470588235
1292049196559782171;2021-08;0.0002941176470588235
1292049196559782171;2021-08;0.0002941176470588235
7810985951121711480;2021-07;0.003835452360297838
7810985951121711480;2021-08;0.004046033992017274
6098833389547425063;2021-07;0.033395902677708506
6098833389547425063;2021-08;0.04437991150406635
8376902089871279815;2021-07;0.0032814412665040345
8013668117699219722;2021-07;0.02962204452070917
8013668117699219722;2021-08;0.010388692948025115
6471448246085839373;2021-07;0.0018442790508419755
6471448246085839373;2021-08;0.0006923890063424947
1308019675417057675;2021-07;0.015503703778264348
1308019675417057675;2021-07;0.014670370444931014
1308019675417057675;2021-08;0.006571248668771889
1235244772550233980;2021-07;0.0007143508566217184
1235244772550233980;2021-08;0.0034581964110011144
1235244772550233980;2021-08;0.003155166107970811
5477900120643078645;2021-07;0.04553080966706826
5477900120643078645;2021-08;0.11011972608652336
5477900120643078645;2021-08;0.11055552792019104
5477900120643078645;2021-08;0.09289539892237737
6796564304742670823;2021-07;0.12069098170135442
3538481420098344176;2021-07;0.5832150523280322
3538481420098344176;2021-08;0.3435163362685052
7444686668183702737;2021-07;0.0005
7444686668183702737;2021-08;0.02978970335978266
7444686668183702737;2021-08;0.0180532310165826
3192341047315717823;2021-07;0.05079415916923885
3192341047315717823;2021-08;0.07048800617640615
2179772649873197365;2021-07;0.34356109218654746
7442192566700924647;2021-07;0.00568272579910511
6134696632487351445;2021-07;0.010634162693285964
6134696632487351445;2021-08;0.004346256491417781
8874257794774679816;2021-07;0.01597201796809628
2382123267535341265;2021-08;0.003904151404151404
2382123267535341265;2021-08;0.003959220544586398
2382123267535341265;2021-08;0.0032112462006079028
2382123267535341265;2021-08;0.003959220544586398
3275327267689584006;2021-08;0.4885781307021299
3275327267689584006;2021-08;0.4885781307021299
3275327267689584006;2021-08;0.49069717832117754
6216982347344525048;2021-08;0.011922661237657816
6216982347344525048;2021-08;0.009103407778698476
2780030912070252968;2021-08;0.07946163332476248
8245393384938410770;2021-08;0.005227983995808696
7920896580423665241;2021-08;0.0003225806451612903
7920896580423665241;2021-08;0.010765308456652587
7920896580423665241;2021-08;0.020883143538218664
1430896989654626045;2021-08;0.03885492963517446
1430896989654626045;2021-08;0.03885492963517446
9099218788416728596;2021-08;0.6558580622462692
9099218788416728596;2021-08;0.5122113593729369
5795100045494475994;2021-08;0.00441695254297492
5795100045494475994;2021-08;0.00441695254297492
8915958534285799867;2021-08;0.21939701824150093
7403979270048469991;2021-08;0.0006363636363636363
7403979270048469991;2021-08;0.007096556061254392
7590999900861381526;2021-08;0.006969778557800336
8843432852270832388;2021-08;0.0019235900367975838
5029701292539093910;2021-08;0.003039244663382594
5029701292539093910;2021-08;0.002205911330049261
2290083177086946553;2021-08;0.0022359039309503706
2290083177086946553;2021-08;0.0047004846031161816
2290083177086946553;2021-08;0.002411494252873563
1414132620714431952;2021-08;0.13931354862054537
3036967290595689189;2021-08;0.009104875061783181
2870813069335519467;2021-08;0.007563094128608052
7751080728852739823;2021-08;0.0023674110327336134
7751080728852739823;2021-08;0.001280241935483871
4762256864594914240;2021-08;0.009437688900757905
4762256864594914240;2021-08;0.00828489419289144
3386019519917828299;2021-08;0.0007030303030303031
3386019519917828299;2021-08;0.00035714285714285714
6532139198609901627;2021-08;0.005196430148956016
6532139198609901627;2021-08;0.009117194523629234
8067924767167570288;2021-08;0.010479107218860036
8067924767167570288;2021-08;0.017713335396304736
8067924767167570288;2021-08;0.01826889095186029
1945147145527703963;2021-08;0.008241931698059124
1945147145527703963;2021-08;0.008241931698059124
1945147145527703963;2021-08;0.007472700928828354
3333870869270823799;2021-08;0.05610339053886102
2250817603281429928;2021-08;0.0016538461538461542
2250817603281429928;2021-08;0.0024740347018572823
9038299527164672091;2021-08;0.08070320165319583
8715120689636420963;2021-08;0.005288731383655424
984915269987074754;2021-08;0.0074486088842113515
984915269987074754;2021-08;0.013315014678665851
984915269987074754;2021-08;0.01366964430829548
2012477868296377155;2021-08;0.01139900562432996
2012477868296377155;2021-08;0.012472983933602386
2012477868296377155;2021-08;0.008943572168896501
2012477868296377155;2021-08;0.014928417389035841
6100972975033180377;2021-08;0.005094047780520866
8511588642284189303;2021-08;0.02489547816877888
8511588642284189303;2021-08;0.02489547816877888
8511588642284189303;2021-08;0.01886009666581483
7206599058451025691;2021-08;0.034605537135572274
7206599058451025691;2021-08;0.03114425767429281
4392369075438855735;2021-08;0.11043453440992636
4392369075438855735;2021-08;0.11043453440992636
4392369075438855735;2021-08;0.10885558704150532
3447213159487287154;2021-08;0.17505691584591293
3447213159487287154;2021-08;0.1998232474729117
3447213159487287154;2021-08;0.2004025661215525
1579681122696922043;2021-08;0.04771467128471532
1579681122696922043;2021-08;0.044211368934710914
2687720147676132707;2021-08;0.003891031822565092
2687720147676132707;2021-08;0.008775321999855716
683445437387317282;2021-08;0.00561645256711046
683445437387317282;2021-08;0.0036103021978021975
3903290047715748290;2021-08;0.3919586351525642
7970976988071755401;2021-08;0.0062343737990022815
7970976988071755401;2021-08;0.4453138356726113
7970976988071755401;2021-08;0.013266181032434902
8083157716178259762;2021-08;0.0017271673039553688
8083157716178259762;2021-08;0.0076126015659229405
8083157716178259762;2021-08;0.008530445090372063
8343941262792249232;2021-08;0.11345486462429559
8343941262792249232;2021-08;0.11766431584601693
8343941262792249232;2021-08;0.11972369861811183
5225029212547588718;2021-08;0.012474325123659306
170089315547146305;2021-08;0.13772979854303571
170089315547146305;2021-08;0.09779161086648143
170089315547146305;2021-08;0.3067406542242173
170089315547146305;2021-08;0.09157071029337334
3724562776372632620;2021-08;0.08233348470593546
1000372849175668062;2021-08;0.001565158371040724
1000372849175668062;2021-08;0.0038869759869759866
5200455618694210402;2021-08;0.004290776411807244
2619109825960703851;2021-08;0.02823138762454586
6337915293429442229;2021-08;0.036857561179651985
1951407691087813358;2021-08;0.008639311121305235
1951407691087813358;2021-08;0.006766371416756766
1951407691087813358;2021-08;0.004934616720082714
7471183491728700531;2021-08;0.20731977916176356
7471183491728700531;2021-08;0.1820090175711807
7330131219998265639;2021-08;0.006385239463670982
5465001651966355821;2021-08;0.08218689012344584
5465001651966355821;2021-08;0.0953402443913281
5465001651966355821;2021-08;0.07196989471019184
5883155883105348987;2021-08;0.03412738636618061
4090195792518021727;2021-08;0.0034671052631578946
4090195792518021727;2021-08;0.000625
4090195792518021727;2021-08;0.0012254901960784314
18719614953021044;2021-08;0.09856849899692945
1533755281771668509;2021-08;0.014052096281572113
837142477962609471;2021-08;0.004528924903924904
6456490958004500912;2021-08;0.03755362255916854
5460280878923715699;2021-08;0.0011212121212121212
5460280878923715699;2021-08;0.08199972874162449
1757249986361236700;2021-08;0.012490037576437508
6909701795322574613;2021-08;0.16546552407528112
1115703227712697214;2021-08;0.03334690523403561
107343823625119033;2021-08;0.0102601560952706
107343823625119033;2021-08;0.08958507038540699
107343823625119033;2021-08;0.01575909937672269
107343823625119033;2021-08;0.015657294369437275
4956614249204803652;2021-08;0.13511057086203052
4956614249204803652;2021-08;0.08787822095448546
4008627434689715639;2021-08;0.17692134595332362
4008627434689715639;2021-08;0.3846290672873676
4008627434689715639;2021-08;0.46005332669300986
4008627434689715639;2021-08;0.4664576407141673
4008627434689715639;2021-08;0.2728724310176511
2772135008486239291;2021-08;0.3826631786785861
5558533999208199371;2021-08;0.30240066155758916
4130617254899676131;2021-08;0.20782189823792455
4130617254899676131;2021-08;0.03384577605261008
3543162424793477785;2021-08;0.03850197167228182
3543162424793477785;2021-08;0.00385018154466988
4512887927067894301;2021-08;0.2657542638535765
1044946691507317745;2021-08;0.0024983522224901536
7031913170099381454;2021-08;0.12194366373387723
2407532237672094312;2021-08;0.3545664961155126
2407532237672094312;2021-08;0.0013940092165898616
5687511145009775604;2021-08;0.683971964945496
696014079855281037;2021-08;0.08054704743672944
1708019696828098378;2021-08;0.43864042650958174
1708019696828098378;2021-08;0.4220375068096388
9206030810342980458;2021-08;0.2355915582170861
9206030810342980458;2021-08;0.0035904178401190484
2778852475840838977;2021-08;0.0423347424188108
1106971614386004604;2021-08;0.6613070538603775
3045840317107313913;2021-08;0.006708935077007923
3045840317107313913;2021-08;0.005835802991506144
6754039979151386401;2021-08;0.011695316505163702
6754039979151386401;2021-08;0.017907199697720012
6754039979151386401;2021-08;0.011615983482685024
8004409125524742779;2021-08;0.01769649329797624
8004409125524742779;2021-08;0.015952795818984646
8004409125524742779;2021-08;0.001607142857142857
1741049493106216406;2021-08;0.28747976288350485
4335865859049992260;2021-08;0.004720224410774099
4335865859049992260;2021-08;0.004892400676639369
4335865859049992260;2021-08;0.008601610256803085
8623308321032624474;2021-08;0.5081296717701294
8623308321032624474;2021-08;0.03111648267566628
3516294920850464913;2021-08;0.0589132226313158
1052398277967427422;2021-08;0.28832455290645087
1334091158016312155;2021-08;0.014300904595241972
6486277549325701534;2021-08;0.004343824879171482
6486277549325701534;2021-08;0.004343824879171482
6486277549325701534;2021-08;0.004343824879171482
1423952977138155129;2021-08;0.0009286412512218964
1423952977138155129;2021-08;0.0005405405405405405
1956406515279457110;2021-08;0.1996067011324324
1956406515279457110;2021-08;0.09053472863704268
1956406515279457110;2021-08;0.0830776773338012
7142043104834932013;2021-08;0.17333748545308475
7142043104834932013;2021-08;0.17269232416276215
2785178201607654410;2021-08;0.15388422377891217
3472934456083131714;2021-08;0.011744968663874035
3472934456083131714;2021-08;0.011680532879678523
5487870288449327165;2021-08;0.04020336571310615
6528158819463595826;2021-08;0.002462890632776325
8163895533020293251;2021-08;0.22928004905630367
8163895533020293251;2021-08;0.37216587530509027
4660230701075746534;2021-08;0.1999887785342972
4660230701075746534;2021-08;0.16027252550276494
6842075380768862290;2021-08;0.02209578040983787
7911162482760986289;2021-08;0.07244014880419196
8729164666041467296;2021-08;0.13447719749889664
521351744568531135;2021-08;0.004887800747005058
1166653268490470189;2021-08;0.031600102169636164
1166653268490470189;2021-08;0.031600102169636164
7076661330300123587;2021-08;0.002125145687645688
531805620371082364;2021-08;0.06309372965419238
4165983075385227812;2021-08;0.002321514245143358
4165983075385227812;2021-08;0.001385189075630252
4165983075385227812;2021-08;0.0025429331716987106
665505091521986356;2021-08;0.006896604844873925
1687017009357941608;2021-08;0.18188522603749513
2773493808492482979;2021-08;0.0014378088390934638
4662079815415471798;2021-08;0.16924680962875133
5574997762710520717;2021-08;0.005299537568108887
1207306324957395736;2021-08;0.548240841742968
3915426102465954493;2021-08;0.006314457481610119
1093053069479288753;2021-08;0.039105282129379776
4569866309119931805;2021-08;0.02688446136295097
4351694415353093046;2021-08;0.21447380375798356
5255460548789019114;2021-08;0.009363249846389282
8826489829259520138;2021-08;0.006448453157879729
3592461881055047578;2021-08;0.07949693921827386
6987942592445950913;2021-08;0.003901429718556899
1467843186411742274;2021-08;0.017368700538132612
1467843186411742274;2021-08;0.023843644472072528
39547025441582855;2021-08;0.006437505282686504
39547025441582855;2021-08;0.042687258357030446
873223039957991123;2021-08;0.07430110763719348
7671566034617837932;2021-08;0.0012725779967159279
7671566034617837932;2021-08;0.008881749738515186
7671566034617837932;2021-08;0.009876835733601182
5689766561863956319;2021-08;0.016910346729657185
7260748352873493818;2021-08;0.12850067162064685
4284129442855564250;2021-08;0.023450173805969227
1069093308328204542;2021-08;0.022259843745524505
326257359176916767;2021-08;0.006166586748666252
6615694774618628402;2021-08;0.0834171796166664
6615694774618628402;2021-08;0.06475253639644386
7524505197759784814;2021-08;0.11167059465078792
6598561842700412652;2021-08;0.7067952217038492
6598561842700412652;2021-08;0.6517611794021931
6598561842700412652;2021-08;0.7794402035465918
6598561842700412652;2021-08;0.7336219571888561
69766362497027920;2021-08;0.04513562299843273
6865071386683133124;2021-08;0.003759578388713021
6865071386683133124;2021-08;0.0037420345290638977
6020593949794792044;2021-08;0.12209991642295312
1698828605814171242;2021-08;0.006073618600330004
1698828605814171242;2021-08;0.005722211554819876
8707474618041058293;2021-08;0.11945940860327237
6731795019313479942;2021-08;0.009730812371911089
6941381638534728190;2021-08;0.011099892831818827
5854364934896993687;2021-08;0.012554853215934974
2678966409665050034;2021-08;0.00924029234733315
8706851346184249504;2021-08;0.014712585927756571
988707525807573448;2021-08;0.016665812571460305
8736788139020105764;2021-08;0.11043807991373022
7061868716439556791;2021-08;0.759418600268978
4677213860368191144;2021-08;0.025764888916316803
4677213860368191144;2021-08;0.025764888916316803
8463871205935856285;2021-08;0.016378533007122748
8463871205935856285;2021-08;0.010027332055577497
7944852965555666513;2021-08;0.005757816567733592
3361278050140871809;2021-08;0.18400964334124545
5373371196946859811;2021-08;0.012190857036457923
5373371196946859811;2021-08;0.009857523703124592
2386535178006664233;2021-08;0.6182008141092185
2308217045093677129;2021-08;0.01198622476410482
4831988987853936627;2021-08;0.02251454482223292
8292458529987016717;2021-08;0.0007837301587301587
8292458529987016717;2021-08;0.0
2805743565496207618;2021-08;0.009968278844339963
6968106554514688300;2021-08;0.011130191293037328
8994944800097997361;2021-08;0.06497613945888625
8994944800097997361;2021-08;0.06823848911420904
8994944800097997361;2021-08;0.06770277482849477
4874157215501489741;2021-08;0.029277788120601465
6636325081217917184;2021-08;0.195085878470111
5540361570968095722;2021-08;0.001686217008797654
7848910047105468475;2021-08;0.3043873114262887
8449503736717242889;2021-08;0.42160140814651564
7708030042671632236;2021-08;0.005559025651767587
7708030042671632236;2021-08;0.0041465899691706136
8859064595603380512;2021-08;0.017822614204052525
5082813456193598086;2021-08;0.0033336643890036544
6704528044328834201;2021-08;0.0019537037037037036
2499050168966442376;2021-08;0.17509522145475245
7138126049219817285;2021-08;0.05551537966327736
9142266044170177362;2021-08;0.04558154577146187
2508429106201166689;2021-08;0.0016057535959974987
7719481195372677540;2021-08;0.0013602613602613602
8398000036517692656;2021-08;0.3794540863971552
1285245417998627607;2021-08;0.4349835717978035
1997130697107291654;2021-08;0.035718213058331984
6724017568171288443;2021-08;0.004074991935034214
5136739522477907100;2021-08;0.021552359198043516
3148228961195376491;2021-08;0.10484373003482825
1827463638348028912;2021-08;0.005594059478615767
6213213514675778388;2021-08;0.021220534237361838
1396078312562623766;2021-08;0.0706294053904898
2092588065958607289;2021-08;0.001225531914893617
2092588065958607289;2021-08;0.002507583196944899
2092588065958607289;2021-08;0.014895493691903294
2092588065958607289;2021-08;0.010742447912044276
2092588065958607289;2021-09;0.0024604774705581155
2092588065958607289;2021-09;0.00256464934464898
2092588065958607289;2021-09;0.00256464934464898
2092588065958607289;2021-09;0.006599562913522868
2092588065958607289;2021-09;0.0024604774705581155
2092588065958607289;2021-09;0.0024604774705581155
2092588065958607289;2021-09;0.009673719779400222
8004409125524742779;2021-08;0.001607142857142857
8004409125524742779;2021-09;0.004015243045831254
8004409125524742779;2021-09;0.005768804299392507
8004409125524742779;2021-09;0.004063696978294793
1308019675417057675;2021-08;0.0009608323133414933
1308019675417057675;2021-08;0.0017179751704843504
1308019675417057675;2021-09;0.06408232854705885
1308019675417057675;2021-09;0.002088345540854721
1687017009357941608;2021-08;0.19554753526971383
5220206408301580591;2021-08;0.06744572560129995
1088268935649917461;2021-08;0.02503395976013248
1088268935649917461;2021-08;0.024251198196725755
683445437387317282;2021-08;0.003924723243802191
683445437387317282;2021-08;0.0038960164835164833
683445437387317282;2021-09;0.0051031994965818495
3447213159487287154;2021-08;0.17290303160676396
2499050168966442376;2021-08;0.2144780258636381
2499050168966442376;2021-09;0.22711914739045017
8529899700094903171;2021-08;0.0002631578947368421
8529899700094903171;2021-08;0.0036758563074352547
8529899700094903171;2021-08;0.0002631578947368421
8529899700094903171;2021-08;0.057558891874458215
8529899700094903171;2021-08;0.062052781782981105
8529899700094903171;2021-08;0.005337346990665068
8529899700094903171;2021-08;0.0002631578947368421
8529899700094903171;2021-08;0.0002631578947368421
8529899700094903171;2021-08;0.0002631578947368421
8529899700094903171;2021-08;0.0002631578947368421
8529899700094903171;2021-08;0.04933618392047884
8529899700094903171;2021-08;0.0002631578947368421
8529899700094903171;2021-08;0.05556406785789506
8529899700094903171;2021-08;0.06169563892583825
8529899700094903171;2021-08;0.0002631578947368421
8529899700094903171;2021-08;0.0002631578947368421
8529899700094903171;2021-08;0.0002631578947368421
8529899700094903171;2021-08;0.0002631578947368421
8529899700094903171;2021-09;0.0011815252416756176
8529899700094903171;2021-09;0.004976788801645059
8529899700094903171;2021-09;0.003506200566350942
8529899700094903171;2021-09;0.011504296342345446
8529899700094903171;2021-09;0.004976788801645059
8529899700094903171;2021-09;0.011504296342345446
8529899700094903171;2021-09;0.0011815252416756176
8529899700094903171;2021-09;0.0011815252416756176
8529899700094903171;2021-09;0.002843015924905431
8529899700094903171;2021-09;0.0011815252416756176
8529899700094903171;2021-09;0.011504296342345446
7221446976321358973;2021-08;0.013914005449243505
7221446976321358973;2021-09;0.012927246742148131
7221446976321358973;2021-09;0.009245661782836024
6594970822995540982;2021-08;0.17085048742956432
6594970822995540982;2021-09;0.019346239930603158
1156053485989336481;2021-08;0.18235834428204975
1156053485989336481;2021-08;0.19045636073820563
1156053485989336481;2021-08;0.308188270099289
1156053485989336481;2021-08;0.19294432535979097
1156053485989336481;2021-08;0.32482795443456164
1156053485989336481;2021-08;0.32445234119256905
1156053485989336481;2021-08;0.312077341192569
1156053485989336481;2021-08;0.32505228865889585
1156053485989336481;2021-08;0.3078126568572965
1156053485989336481;2021-08;0.32445234119256905
1156053485989336481;2021-08;0.32445234119256905
1156053485989336481;2021-08;0.32505228865889585
1156053485989336481;2021-08;0.3078246922357112
1156053485989336481;2021-08;0.3078246922357112
1156053485989336481;2021-08;0.32482795443456164
1156053485989336481;2021-08;0.3078246922357112
1156053485989336481;2021-08;0.3205971852037923
1156053485989336481;2021-08;0.15959319841396047
1156053485989336481;2021-08;0.308188270099289
1156053485989336481;2021-08;0.308188270099289
1156053485989336481;2021-08;0.3210676867289672
1156053485989336481;2021-08;0.3127787462897652
1156053485989336481;2021-08;0.15959319841396047
1156053485989336481;2021-08;0.32482795443456164
1156053485989336481;2021-08;0.32482795443456164
1156053485989336481;2021-08;0.308188270099289
1156053485989336481;2021-08;0.3078246922357112
1156053485989336481;2021-08;0.3244643765709837
1156053485989336481;2021-08;0.3244643765709837
1156053485989336481;2021-08;0.3127787462897652
1156053485989336481;2021-08;0.32482795443456164
1156053485989336481;2021-08;0.308188270099289
1156053485989336481;2021-08;0.3127787462897652
1156053485989336481;2021-09;0.28894179142826665
1156053485989336481;2021-09;0.3081313347404736
1156053485989336481;2021-09;0.28931740467025924
1156053485989336481;2021-09;0.31241054474357566
1156053485989336481;2021-09;0.30001345838295373
1156053485989336481;2021-09;0.2889538268066813
1156053485989336481;2021-09;0.3077677568768957
1156053485989336481;2021-09;0.28818459603745056
1156053485989336481;2021-09;0.28854817390102844
1156053485989336481;2021-09;0.6463467120054875
1156053485989336481;2021-09;0.30093676107454914
1156053485989336481;2021-09;0.2958118188552273
1156053485989336481;2021-09;0.2958118188552273
1156053485989336481;2021-09;0.6040202395746939
1156053485989336481;2021-09;0.5954085715899774
1156053485989336481;2021-09;0.2836193786461462
1156053485989336481;2021-09;0.30675293053598246
1156053485989336481;2021-09;0.5048683074215117
1156053485989336481;2021-09;0.29600796581966693
1156053485989336481;2021-09;0.2958118188552273
1156053485989336481;2021-09;0.2847521872789549
1156053485989336481;2021-09;0.2847521872789549
1156053485989336481;2021-09;0.308014730021674
1156053485989336481;2021-09;0.28438860941537697
1156053485989336481;2021-09;0.28398295650972405
1156053485989336481;2021-09;0.2958118188552273
1156053485989336481;2021-09;0.1675824002799715
1156053485989336481;2021-09;0.29311951116291957
1156053485989336481;2021-09;0.28438860941537697
1156053485989336481;2021-09;0.28398295650972405
8926565682509268383;2021-08;0.008089730641053797
8926565682509268383;2021-08;0.010138683843024238
8926565682509268383;2021-08;0.005368439312965395
8926565682509268383;2021-08;0.004139738678698634
8926565682509268383;2021-08;0.010138683843024238
8926565682509268383;2021-08;0.002943310107270063
8926565682509268383;2021-08;0.008089730641053797
8926565682509268383;2021-09;0.003955711787287814
8926565682509268383;2021-09;0.006215131095575328
8926565682509268383;2021-09;0.005566646247090479
8926565682509268383;2021-09;0.0030781526868483393
8926565682509268383;2021-09;0.005329951138200593
8926565682509268383;2021-09;0.0030781526868483393
8926565682509268383;2021-09;0.003878152686848339
8926565682509268383;2021-09;0.00412237845395448
8926565682509268383;2021-09;0.6895646650288997
8926565682509268383;2021-09;0.014577337385696814
8926565682509268383;2021-09;0.00412237845395448
5517114603826429870;2021-08;0.019865770504066148
5517114603826429870;2021-08;0.018366057774666343
1118514612547157551;2021-08;0.07417925958328332
1118514612547157551;2021-08;0.07546469716895139
1118514612547157551;2021-09;0.103848998097108
1118514612547157551;2021-09;0.10316120580554212
5108407319813072955;2021-08;0.021895335087790912
5108407319813072955;2021-08;0.012341186729906821
5108407319813072955;2021-08;0.022424067421686834
5108407319813072955;2021-09;0.036048598424890915
5481711897502154955;2021-08;0.01204130184474256
5481711897502154955;2021-08;0.015159146962587678
5481711897502154955;2021-08;0.01352278332622404
5481711897502154955;2021-09;0.026849127688604063
5481711897502154955;2021-09;0.02611833170780808
5481711897502154955;2021-09;0.008281354858285142
5880041582322293710;2021-08;0.05021235798634011
5880041582322293710;2021-08;0.006833282130056324
5880041582322293710;2021-08;0.051550741824723946
5880041582322293710;2021-08;0.053932730540716234
5880041582322293710;2021-08;0.055271114379100074
5880041582322293710;2021-08;0.05021235798634011
5880041582322293710;2021-08;0.051550741824723946
5880041582322293710;2021-08;0.008401909581036714
5880041582322293710;2021-09;0.011139970295572416
5880041582322293710;2021-09;0.04650615052301487
5880041582322293710;2021-09;0.05280241259010658
4862285428951244424;2021-08;0.011631848934677067
4862285428951244424;2021-08;0.0027484848484848486
4862285428951244424;2021-08;0.005256321839080461
4862285428951244424;2021-08;0.007943783393783394
4862285428951244424;2021-09;0.0019444444444444442
4862285428951244424;2021-09;0.0030961718020541553
4850722092974676955;2021-08;0.08095738705026427
4850722092974676955;2021-08;0.044433043026839876
4850722092974676955;2021-09;0.03315634636372004
8163895533020293251;2021-08;0.5806804636688659
8163895533020293251;2021-08;0.5944970659299504
8163895533020293251;2021-08;0.5947595637676947
8163895533020293251;2021-08;0.37744511456135776
8163895533020293251;2021-08;0.4679303547150993
8163895533020293251;2021-08;0.37174752783435927
8163895533020293251;2021-08;0.4828871222545212
8163895533020293251;2021-09;0.3114285385698583
8163895533020293251;2021-09;0.35678719818323484
8163895533020293251;2021-09;0.2976471343070622
5761480994209806499;2021-08;0.014230501731748287
5761480994209806499;2021-08;0.021931591004820495
5761480994209806499;2021-08;0.002571041861364442
5761480994209806499;2021-08;0.002722140762463343
5761480994209806499;2021-08;0.009483929591920568
5761480994209806499;2021-08;0.009483929591920568
5761480994209806499;2021-08;0.013605501731748284
5761480994209806499;2021-08;0.013605501731748284
5761480994209806499;2021-08;0.0034406070787557463
5761480994209806499;2021-08;0.012748358874605428
5761480994209806499;2021-08;0.008158840133522935
5761480994209806499;2021-08;0.00862678673477771
5761480994209806499;2021-08;0.0043363880742913
5761480994209806499;2021-08;0.00404163009665856
5761480994209806499;2021-08;0.01132835621581792
5761480994209806499;2021-08;0.0042587386431559675
5761480994209806499;2021-08;0.015744947211711005
5761480994209806499;2021-08;0.002044036187299944
5761480994209806499;2021-08;0.0034406070787557463
5761480994209806499;2021-09;0.004936186315692957
5761480994209806499;2021-09;0.008322676130298634
5761480994209806499;2021-09;0.020282150276205713
5761480994209806499;2021-09;0.005576036134859665
5761480994209806499;2021-09;0.16218675074733535
5761480994209806499;2021-09;0.005576036134859665
5761480994209806499;2021-09;0.004594262059779301
5761480994209806499;2021-09;0.018725740386304066
5761480994209806499;2021-09;0.004594262059779301
5761480994209806499;2021-09;0.005927595393112634
5761480994209806499;2021-09;0.008322676130298634
5761480994209806499;2021-09;0.001932900432900433
5761480994209806499;2021-09;0.00851873373964356
5761480994209806499;2021-09;0.022946870607434288
5761480994209806499;2021-09;0.0015757575757575758
5761480994209806499;2021-09;0.03454746083385635
5761480994209806499;2021-09;0.004464925023748553
5761480994209806499;2021-09;0.007083853266687994
5761480994209806499;2021-09;0.009322676130298635
5761480994209806499;2021-09;0.009322676130298635
5761480994209806499;2021-09;0.007083853266687994
5761480994209806499;2021-09;0.007236682457592279
5761480994209806499;2021-09;0.00611387544004842
4935929591787890253;2021-08;0.007227003312132623
4935929591787890253;2021-08;0.025151977004143834
4935929591787890253;2021-08;0.01026998842696517
4935929591787890253;2021-09;0.006207090017692484
4935929591787890253;2021-09;0.013510668638277743
4935929591787890253;2021-09;0.003906530850503297
5522764880180045081;2021-08;0.004307016625475044
5522764880180045081;2021-08;0.0034471868001279765
5522764880180045081;2021-08;0.006130429323887742
5522764880180045081;2021-09;0.005605441836341667
8409181491723988567;2021-08;0.006963223974764574
8409181491723988567;2021-08;0.006461154615552358
8409181491723988567;2021-08;0.006147539594258171
8409181491723988567;2021-09;0.013582131328900357
6582676833651678345;2021-08;0.058632212287957515
6582676833651678345;2021-08;0.015802486592927767
6582676833651678345;2021-08;0.0196257432582897
6582676833651678345;2021-09;0.04531564986426122
6582676833651678345;2021-09;0.020533182316610867
6582676833651678345;2021-09;0.01793640532696092
6582676833651678345;2021-09;0.01793640532696092
6582676833651678345;2021-09;0.016395079185520363
6582676833651678345;2021-09;0.020140787007088597
8487807876567995441;2021-08;0.008616091794810576
8487807876567995441;2021-08;0.006048079800383948
8487807876567995441;2021-09;0.005693456971182536
8487807876567995441;2021-09;0.014709529916129848
8733525963966339207;2021-08;0.33154379647746757
8733525963966339207;2021-08;0.4357037689297803
8733525963966339207;2021-08;0.3757161412484011
8733525963966339207;2021-09;0.22233855020055449
8733525963966339207;2021-09;0.2443334482800489
4045739494965095560;2021-08;0.004755904317630324
4045739494965095560;2021-08;0.0
4045739494965095560;2021-08;0.002369318181818182
4045739494965095560;2021-08;0.0029098587223587223
4045739494965095560;2021-08;0.0027280405405405404
4045739494965095560;2021-09;0.014195978329805028
4045739494965095560;2021-09;0.013170329917586742
4045739494965095560;2021-09;0.013170329917586742
4045739494965095560;2021-09;0.0046547279412554555
4045739494965095560;2021-09;0.0005818181818181818
4045739494965095560;2021-09;0.0008068181818181819
4045739494965095560;2021-09;0.014481692615519313
4045739494965095560;2021-09;0.0014183961463373228
4045739494965095560;2021-09;0.005335817684845198
4045739494965095560;2021-09;0.007737928985185811
1613152204777372951;2021-08;0.06807314586189564
1613152204777372951;2021-08;0.0789590752574187
8826489829259520138;2021-08;0.005349254253802777
8826489829259520138;2021-08;0.006462240041274884
8826489829259520138;2021-08;0.003838942148169035
8826489829259520138;2021-09;0.012065187465582581
8826489829259520138;2021-09;0.004269915278035943
3382624494518753363;2021-08;0.2153672719864448
3382624494518753363;2021-09;0.28496465585809794
8564920972266217847;2021-08;0.013908116310417662
8564920972266217847;2021-09;0.01942536613225202
5794903898038236832;2021-08;0.09223312992751748
5794903898038236832;2021-08;0.07871191257847755
5794903898038236832;2021-09;0.08161425243934259
3118152790263512426;2021-08;0.004005699543980383
3118152790263512426;2021-08;0.005478935079336459
3118152790263512426;2021-08;0.006535664779002755
3118152790263512426;2021-08;0.003692146850308696
3118152790263512426;2021-08;0.0027976755218216322
3118152790263512426;2021-09;0.0058945234637287425
3118152790263512426;2021-09;0.0054003027633540675
8348574220426911086;2021-08;0.053951412977060825
8348574220426911086;2021-08;0.060484531768061206
8348574220426911086;2021-08;0.04904570110214693
8348574220426911086;2021-09;0.025716958746680736
8464809590757561185;2021-08;0.0019140583554376658
8464809590757561185;2021-08;0.006418699618699619
8464809590757561185;2021-08;0.0014153846153846157
8464809590757561185;2021-08;0.0018344827586206896
8464809590757561185;2021-08;0.0019140583554376658
8464809590757561185;2021-09;0.05974597110559694
7707459425750676368;2021-08;0.045273846430062485
7707459425750676368;2021-08;0.6885982061742475
7707459425750676368;2021-09;0.15296192367630324
2025898153078562640;2021-08;0.03350757583268674
2025898153078562640;2021-08;0.007923271566034727
7910340581026492945;2021-08;0.004869860715173353
7910340581026492945;2021-08;0.004101866590357639
7910340581026492945;2021-08;0.004869860715173353
7910340581026492945;2021-08;0.0010122358175750834
7910340581026492945;2021-09;0.23828115833231112
7910340581026492945;2021-09;0.005441753176815945
7910340581026492945;2021-09;0.006757571458151467
8505870778358741102;2021-08;0.05895230081834681
8505870778358741102;2021-08;0.007054529899608478
8505870778358741102;2021-09;0.06944633390396637
8505870778358741102;2021-09;0.005412755750572715
6145308913889808258;2021-08;0.2963732042297521
9184785003280841216;2021-08;0.05494681572822932
9184785003280841216;2021-08;0.062121944682731474
9184785003280841216;2021-08;0.06465520410623479
9184785003280841216;2021-08;0.048626969972373285
9184785003280841216;2021-08;0.06679742538807039
9184785003280841216;2021-08;0.04337926877671003
9184785003280841216;2021-09;0.04232232271027986
9184785003280841216;2021-09;0.04322179582467493
7177785309735471560;2021-08;0.010667010764001505
7177785309735471560;2021-08;0.017455309306108086
7177785309735471560;2021-08;0.01144431992826719
7177785309735471560;2021-09;0.021413163754045606
7177785309735471560;2021-09;0.050161949328216035
7177785309735471560;2021-09;0.007796503425875073
7177785309735471560;2021-09;0.014576218449608042
7177785309735471560;2021-09;0.0031044936014174313
8835646476961190471;2021-08;0.09914203002754213
8835646476961190471;2021-08;0.1009302033964164
8835646476961190471;2021-09;0.10668378531605645
6061850657256270336;2021-08;0.030854486450567452
6061850657256270336;2021-08;0.0304197038418718
6061850657256270336;2021-09;0.025780959912577162
6061850657256270336;2021-09;0.027061982871019477
6061850657256270336;2021-09;0.11063898320243239
4679462479444735708;2021-08;0.006201008046625766
4679462479444735708;2021-08;0.007130759786031204
4679462479444735708;2021-08;0.006201008046625766
4679462479444735708;2021-08;0.006201008046625766
4679462479444735708;2021-08;0.00675125314466498
4679462479444735708;2021-08;0.001843501326259947
4679462479444735708;2021-08;0.007296707690119526
4679462479444735708;2021-09;0.007635132626015768
4679462479444735708;2021-09;0.00841889875414562
4679462479444735708;2021-09;0.005338385285194017
4679462479444735708;2021-09;0.007635132626015768
7818340804682162328;2021-08;0.006159508194019444
7818340804682162328;2021-08;0.00809436821684769
7818340804682162328;2021-09;0.09701938024434868
7818340804682162328;2021-09;0.012168645187911642
7818340804682162328;2021-09;0.005287550567756966
5757271354816214865;2021-08;0.8667036617399347
5757271354816214865;2021-08;0.8703964763426264
5757271354816214865;2021-09;0.8217003460843779
8784237149961904;2021-08;0.0003333333333333333
8784237149961904;2021-08;0.0018748403575989782
8784237149961904;2021-08;0.002477673605593517
8784237149961904;2021-08;0.0003846153846153846
8784237149961904;2021-08;0.0017880184331797234
8784237149961904;2021-09;0.00726208113883289
8784237149961904;2021-09;0.0010597826086956523
4414438591613884911;2021-08;0.009785443847784276
4414438591613884911;2021-08;0.004267181959061826
4414438591613884911;2021-08;0.003773044850123958
4414438591613884911;2021-09;0.0030240370401361117
4414438591613884911;2021-09;0.009150789170950462
3970610368027129821;2021-08;0.0006516290726817042
3970610368027129821;2021-09;0.0010185625185625186
3829967475074118757;2021-08;0.43260287142115383
3829967475074118757;2021-08;0.3824008315406636
3829967475074118757;2021-08;0.41401491808914703
3829967475074118757;2021-08;0.3693347890074687
3829967475074118757;2021-08;0.3824008315406636
3829967475074118757;2021-08;0.4599456465903542
3829967475074118757;2021-09;0.2822203539905781
8889055492416898333;2021-08;0.034538970619443964
8889055492416898333;2021-08;0.03168418246787359
8889055492416898333;2021-09;0.03664677616937118
8889055492416898333;2021-09;0.1569386143209526
8889055492416898333;2021-09;0.028566300358320963
7436628409157313756;2021-08;0.06707071129740308
7436628409157313756;2021-08;0.06707071129740308
7436628409157313756;2021-09;0.10098433134582441
7436628409157313756;2021-09;0.0769207036867356
2191990606593345695;2021-08;0.02230916701574603
2191990606593345695;2021-08;0.02553805987122691
2191990606593345695;2021-08;0.02230916701574603
3408536439470975134;2021-08;0.00125
3408536439470975134;2021-08;0.0
3408536439470975134;2021-08;0.0002702702702702703
3408536439470975134;2021-08;0.0
3408536439470975134;2021-08;0.0002040816326530612
3408536439470975134;2021-09;0.0018016194331983806
3408536439470975134;2021-09;0.002094017094017094
3408536439470975134;2021-09;0.0
3408536439470975134;2021-09;0.0
3408536439470975134;2021-09;0.00041666666666666664
3408536439470975134;2021-09;0.0
3408536439470975134;2021-09;0.0
3408536439470975134;2021-09;0.0
3408536439470975134;2021-09;0.004307455829194959
170089315547146305;2021-08;0.13193398305211784
170089315547146305;2021-08;0.1226535488327678
170089315547146305;2021-08;0.09767596901216648
170089315547146305;2021-08;0.08916367851514481
170089315547146305;2021-08;0.13451456809147244
170089315547146305;2021-08;0.10168270301890046
170089315547146305;2021-08;0.10168270301890046
170089315547146305;2021-08;0.14297320625094645
170089315547146305;2021-09;0.08475095883892182
170089315547146305;2021-09;0.07722733904506601
3161361581909316305;2021-08;0.019779543849830838
8535586342375301953;2021-08;0.028423754734901066
8535586342375301953;2021-08;0.008735320721424064
8535586342375301953;2021-08;0.003582791052251641
8535586342375301953;2021-09;0.008727358953158834
8939476669690489534;2021-08;0.03182231928274508
8939476669690489534;2021-08;0.03182231928274508
8939476669690489534;2021-08;0.03182231928274508
8939476669690489534;2021-09;0.01085201605049166
7457803471605010846;2021-08;0.0017121690972497425
7457803471605010846;2021-08;0.0003225806451612903
7457803471605010846;2021-08;0.0041887172160687235
7457803471605010846;2021-09;0.010754669676623998
3192341047315717823;2021-08;0.07752864814073808
3192341047315717823;2021-08;0.0856196456122344
3263212305228307743;2021-08;0.0
3263212305228307743;2021-08;0.0003448275862068965
3263212305228307743;2021-08;0.009903808806699275
3263212305228307743;2021-08;0.0
3263212305228307743;2021-08;0.0
3263212305228307743;2021-08;0.0
3263212305228307743;2021-08;0.0
3263212305228307743;2021-09;0.005197492163009405
3263212305228307743;2021-09;0.0006155303030303031
4050525344257805036;2021-08;0.09332711016982258
1292049196559782171;2021-08;0.0034911067690479446
1292049196559782171;2021-08;0.0002941176470588235
1292049196559782171;2021-08;0.0006066176470588236
1292049196559782171;2021-09;0.006912504042464884
4956614249204803652;2021-08;0.5795444653858172
4956614249204803652;2021-08;0.04956557031518477
4956614249204803652;2021-08;0.08926710984337433
4956614249204803652;2021-08;0.08926710984337433
4956614249204803652;2021-09;0.11056037624138393
4956614249204803652;2021-09;0.11056037624138393
4956614249204803652;2021-09;0.11576488927144642
5465001651966355821;2021-08;0.08617487385401908
5465001651966355821;2021-08;0.07286070317519572
5465001651966355821;2021-08;0.08218689012344584
5465001651966355821;2021-09;0.08778301836301937
4723919748432185874;2021-08;0.004281903108356521
4723919748432185874;2021-08;0.007386298712752125
4723919748432185874;2021-08;0.0022735471845594206
4723919748432185874;2021-08;0.007568377405720109
4723919748432185874;2021-09;0.0018535353535353535
4723919748432185874;2021-09;0.0006363636363636363
4723919748432185874;2021-09;0.0016111111111111111
4723919748432185874;2021-09;0.001936868686868687
8173830874846355280;2021-08;0.004808031049410359
8173830874846355280;2021-08;0.0013392857142857143
8173830874846355280;2021-08;0.0006904761904761906
8173830874846355280;2021-08;0.001455026455026455
8173830874846355280;2021-08;0.0024022314239705543
8173830874846355280;2021-08;0.0011048717180792652
8173830874846355280;2021-08;0.0057807182182182185
8173830874846355280;2021-08;0.0003333333333333333
8173830874846355280;2021-08;0.004149165649165649
8173830874846355280;2021-08;0.0036175548589341693
8173830874846355280;2021-08;0.0023333333333333335
8173830874846355280;2021-08;0.00371594684385382
8173830874846355280;2021-09;0.0020117347531140636
8173830874846355280;2021-09;0.0014056741470534573
8173830874846355280;2021-09;0.007362839292401323
8173830874846355280;2021-09;0.0012857142857142856
8173830874846355280;2021-09;0.0007142857142857143
8173830874846355280;2021-09;0.0013392857142857143
8173830874846355280;2021-09;0.004817181843497633
8173830874846355280;2021-09;0.0014056741470534573
8173830874846355280;2021-09;0.0016614906832298137
8173830874846355280;2021-09;0.009588699080761112
4489904752023469353;2021-08;0.13703981539989477
4489904752023469353;2021-08;0.150256664853243
4489904752023469353;2021-09;0.10079505039719507
4489904752023469353;2021-09;0.12065244997609194
1658487213084590146;2021-08;0.3806849151180865
2290083177086946553;2021-08;0.0013818646232439335
2290083177086946553;2021-08;0.003723040994093626
2290083177086946553;2021-09;0.0120044637653045
2290083177086946553;2021-09;0.004113238453097246
1253437108265925705;2021-08;0.01016958503858777
1253437108265925705;2021-09;0.0012698412698412698
5122095358293179297;2021-08;0.4851229763923349
5122095358293179297;2021-08;0.2842995071296998
5122095358293179297;2021-08;0.15912357927238963
5122095358293179297;2021-08;0.001248804399808704
5122095358293179297;2021-08;0.00041666666666666664
7708030042671632236;2021-08;0.003251863876863877
8376902089871279815;2021-08;0.008935051000996121
8376902089871279815;2021-09;0.0175587248491004
8376902089871279815;2021-09;0.0175587248491004
8343941262792249232;2021-08;0.11628500550118934
8343941262792249232;2021-08;0.11834438827328424
8343941262792249232;2021-08;0.1101887618266378
8343941262792249232;2021-09;0.199175541312358
8343941262792249232;2021-09;0.07016478638197243
4717717003637613480;2021-08;0.004913991644092759
4717717003637613480;2021-08;0.0038728664333246908
4717717003637613480;2021-08;0.004640487370588486
4717717003637613480;2021-08;0.0059830392631403774
4717717003637613480;2021-09;0.002902453391125559
2408009918678280470;2021-08;0.02446687919687807
2408009918678280470;2021-08;0.012545099460699696
2408009918678280470;2021-09;0.010074891806799815
2408009918678280470;2021-09;0.07465501087685425
2408009918678280470;2021-09;0.01086149768176776
2408009918678280470;2021-09;0.011527272759180767
2408009918678280470;2021-09;0.007781241013149021
2408009918678280470;2021-09;0.010746156034168047
2408009918678280470;2021-09;0.011718640538910616
2408009918678280470;2021-09;0.013219318038071755
2408009918678280470;2021-09;0.009041929562316451
6276792736652545216;2021-08;0.007175725567047661
6276792736652545216;2021-09;0.002250544662309368
6276792736652545216;2021-09;0.005685958710626642
6276792736652545216;2021-09;0.006082387282055214
6276792736652545216;2021-09;0.0022113289760348582
3750579377644235511;2021-08;0.1437496211101209
3750579377644235511;2021-08;0.25052019138852927
69766362497027920;2021-08;0.04823247983629853
69766362497027920;2021-09;0.037538854723742944
69766362497027920;2021-09;0.03967844282442944
69766362497027920;2021-09;0.03810344282442944
7325545718770538459;2021-08;0.0034972899728997284
7325545718770538459;2021-08;0.008964519875613504
7325545718770538459;2021-08;0.008964519875613504
7325545718770538459;2021-08;0.012074397252593214
7325545718770538459;2021-08;0.008964519875613504
7325545718770538459;2021-08;0.0140148042293374
7325545718770538459;2021-08;0.008586506473453439
7325545718770538459;2021-08;0.061441147110586306
7325545718770538459;2021-09;0.04764374095067696
7325545718770538459;2021-09;0.016669437711798775
7325545718770538459;2021-09;0.05062890993990274
7325545718770538459;2021-09;0.01756511719571355
7325545718770538459;2021-09;0.01756511719571355
7325545718770538459;2021-09;0.047841601913243804
7325545718770538459;2021-09;0.013382129685139832
7325545718770538459;2021-09;0.01756511719571355
7325545718770538459;2021-09;0.04764374095067696
7325545718770538459;2021-09;0.03985906950935208
7325545718770538459;2021-09;0.047841601913243804
7325545718770538459;2021-09;0.013382129685139832
3997247264680905799;2021-08;0.016026748181993133
3997247264680905799;2021-08;0.006536051445918619
3997247264680905799;2021-08;0.006536051445918619
3997247264680905799;2021-08;0.004419028683734566
3997247264680905799;2021-09;0.007948894369088057
3997247264680905799;2021-09;0.006494395625159942
3997247264680905799;2021-09;0.006557691291525952
7710364735942975505;2021-08;0.08306297806057797
7710364735942975505;2021-08;0.06260799764536158
7710364735942975505;2021-09;0.007606822759492392
6100972975033180377;2021-08;0.005868521740206103
6100972975033180377;2021-09;0.007905781259921286
1276604410881911401;2021-08;0.11401129905602815
1276604410881911401;2021-08;0.11890929953971696
1276604410881911401;2021-08;0.11401129905602815
1276604410881911401;2021-08;0.11393794224851642
1276604410881911401;2021-08;0.11911763287305029
1276604410881911401;2021-08;0.11421963238936149
1276604410881911401;2021-08;0.1158129422485164
1276604410881911401;2021-08;0.11401129905602815
1276604410881911401;2021-08;0.11401129905602815
1276604410881911401;2021-08;0.11890929953971696
1276604410881911401;2021-08;0.12020800083841826
1276604410881911401;2021-08;0.11401129905602815
1276604410881911401;2021-09;0.10317933291102487
1276604410881911401;2021-09;0.10338766624435819
1276604410881911401;2021-09;0.12090621462264156
1276604410881911401;2021-09;0.12090621462264156
1276604410881911401;2021-09;0.10317933291102487
1276604410881911401;2021-09;0.12090621462264156
1276604410881911401;2021-09;0.10322099957769153
4661684997487171886;2021-08;0.03022641183471669
4661684997487171886;2021-08;0.013083687385350958
4661684997487171886;2021-09;0.003432895506104516
4661684997487171886;2021-09;0.013259938036163894
4661684997487171886;2021-09;0.014387312571355493
4661684997487171886;2021-09;0.007524361761936406
7590999900861381526;2021-08;0.0036522301228183586
7590999900861381526;2021-09;0.0003225806451612903
819552547620904652;2021-08;0.17059167473441478
819552547620904652;2021-08;0.09986849864033634
819552547620904652;2021-08;0.10515558903578587
819552547620904652;2021-08;0.17059167473441478
3156852928909455203;2021-08;0.004458338721496616
3156852928909455203;2021-08;0.007972478092778845
3156852928909455203;2021-09;0.0011215538847117795
2598475569074240783;2021-08;0.006857028997297053
6030285068945261052;2021-08;0.005948779108061925
6030285068945261052;2021-08;0.0057219929075135465
6030285068945261052;2021-08;0.003891490077010717
6030285068945261052;2021-08;0.01021531819030979
6030285068945261052;2021-09;0.006364814733560973
6030285068945261052;2021-09;0.008433313480978371
6030285068945261052;2021-09;0.0046575318203957074
8843432852270832388;2021-08;0.001322242028124381
8843432852270832388;2021-09;0.01972551519249368
1033361676287635885;2021-08;0.015523038858374003
1033361676287635885;2021-08;0.015523038858374003
1033361676287635885;2021-08;0.015523038858374003
1033361676287635885;2021-09;0.02097344440398079
1033361676287635885;2021-09;0.020402015832552217
1956406515279457110;2021-08;0.08260013403289022
1956406515279457110;2021-08;0.08768468952892315
1956406515279457110;2021-08;0.08260013403289022
1956406515279457110;2021-08;0.09507931743099213
1956406515279457110;2021-09;0.10447102287347333
1956406515279457110;2021-09;0.10447102287347333
1956406515279457110;2021-09;0.11609201217828616
4795152981525833467;2021-08;0.006232126900312532
4795152981525833467;2021-08;0.009085193610314582
4795152981525833467;2021-08;0.015413329025248175
4795152981525833467;2021-08;0.015595524626189038
4795152981525833467;2021-09;0.0089020777840278
4795152981525833467;2021-09;0.0025390512265512266
4795152981525833467;2021-09;0.002422287390029325
314309872114206760;2021-08;0.06351982928469173
314309872114206760;2021-08;0.06241941989016468
314309872114206760;2021-08;0.06241941989016468
314309872114206760;2021-08;0.06452468304805942
314309872114206760;2021-09;0.0775189515103824
314309872114206760;2021-09;0.0771963708652211
314309872114206760;2021-09;0.0775189515103824
314309872114206760;2021-09;0.0775189515103824
314309872114206760;2021-09;0.0775189515103824
2407532237672094312;2021-08;0.0
2407532237672094312;2021-08;0.0035187274617818187
792560389712312178;2021-08;0.004674609360093231
792560389712312178;2021-08;0.0034479828748395893
792560389712312178;2021-09;0.0013067249863313285
792560389712312178;2021-09;0.0029552420098483525
6238903426443761049;2021-08;0.0020121212121212125
6238903426443761049;2021-08;0.0012121212121212121
6238903426443761049;2021-08;0.0026504190844616375
6238903426443761049;2021-08;0.0014382978723404254
6238903426443761049;2021-08;0.0012121212121212121
6238903426443761049;2021-09;0.09242327704306272
6238903426443761049;2021-09;0.002562872698988852
6238903426443761049;2021-09;0.002463054187192118
6238903426443761049;2021-09;0.0038733078653544117
531805620371082364;2021-08;0.05566845861007133
531805620371082364;2021-09;0.5444844158877409
2771214050521171719;2021-08;0.006096369316957551
2771214050521171719;2021-08;0.0023392857142857143
2771214050521171719;2021-09;0.0007803030303030304
4995217181024687397;2021-08;0.009136416279665435
4995217181024687397;2021-08;0.005275195161765035
4995217181024687397;2021-09;0.043481468324133216
4995217181024687397;2021-09;0.02059807011371852
4995217181024687397;2021-09;0.0140473534012371
4995217181024687397;2021-09;0.008638645138645137
4995217181024687397;2021-09;0.008638645138645137
8107542605807471599;2021-08;0.7250576030444026
8107542605807471599;2021-09;0.67511203704383
7908414709866823255;2021-08;0.019418090763754888
7908414709866823255;2021-08;0.06683343125844671
7908414709866823255;2021-08;0.03327794766423148
7908414709866823255;2021-08;0.019418090763754888
7908414709866823255;2021-08;0.019418090763754888
7908414709866823255;2021-08;0.014431158325103126
7908414709866823255;2021-09;0.028496764682320347
7908414709866823255;2021-09;0.04589594988626372
7908414709866823255;2021-09;0.033796343748392826
6349142675790687765;2021-08;0.3792491215593572
6349142675790687765;2021-08;0.3607904081114135
6349142675790687765;2021-08;0.3792491215593572
6349142675790687765;2021-08;0.3831660253947387
6349142675790687765;2021-08;0.6076037724678307
6349142675790687765;2021-08;0.3792491215593572
6349142675790687765;2021-08;0.39078254428370296
6349142675790687765;2021-09;0.25180623052222306
6349142675790687765;2021-09;0.20079676344270567
7911162482760986289;2021-08;0.06972753356855041
7911162482760986289;2021-09;0.09216762142724462
6817075905797098547;2021-08;0.1321191353155947
6817075905797098547;2021-08;0.1546394089960017
6471448246085839373;2021-08;0.0037268847795163583
6471448246085839373;2021-08;0.0023140106279641165
6471448246085839373;2021-08;0.0023140106279641165
6471448246085839373;2021-09;0.0006923890063424947
4863405965754103821;2021-08;0.057911354298263766
4863405965754103821;2021-08;0.08269027959147378
4863405965754103821;2021-09;0.05889149105215347
4863405965754103821;2021-09;0.06144109686149345
2022367282554149730;2021-08;0.007085114021299746
2022367282554149730;2021-08;0.0070569859913109335
2022367282554149730;2021-08;0.008431893461768189
2022367282554149730;2021-08;0.007216953177529144
2022367282554149730;2021-08;0.007216953177529144
2022367282554149730;2021-09;0.007506627551497189
2022367282554149730;2021-09;0.009991009218676817
5067621068959932809;2021-08;0.07716295801543457
5067621068959932809;2021-08;0.10170586014538188
5067621068959932809;2021-08;0.1743528769718451
5067621068959932809;2021-09;0.034005566237006
5067621068959932809;2021-09;0.034005566237006
5067621068959932809;2021-09;0.03249041472185449
5067621068959932809;2021-09;0.08363151300906843
5067621068959932809;2021-09;0.044634597884420917
5067621068959932809;2021-09;0.03249041472185449
8123515208041701633;2021-08;0.057223396610664744
8123515208041701633;2021-08;0.07013163638001381
8123515208041701633;2021-08;0.06408217652809817
5974858472822751652;2021-08;0.011762493313544696
5974858472822751652;2021-09;0.006491575281977318
5974858472822751652;2021-09;0.007481118832569089
6715993871935527857;2021-08;0.18683471035584565
6715993871935527857;2021-08;0.18683471035584565
1553628056929342565;2021-08;0.01736116277289322
1553628056929342565;2021-08;0.03757304345009429
1553628056929342565;2021-09;0.056188995422351985
7403979270048469991;2021-08;0.007096556061254392
7403979270048469991;2021-08;0.007096556061254392
7403979270048469991;2021-09;0.007797583700758638
7403979270048469991;2021-09;0.013068286714656464
7403979270048469991;2021-09;0.009493734565237045
2083323809219952960;2021-08;0.0037150027906002864
2083323809219952960;2021-08;0.0033099438652766638
2083323809219952960;2021-08;0.011470794471522008
2083323809219952960;2021-08;0.003122605363984674
2083323809219952960;2021-08;0.008870318929689244
2083323809219952960;2021-08;0.00755679071212351
2083323809219952960;2021-09;0.021419971825302375
2083323809219952960;2021-09;0.022771323176653726
2083323809219952960;2021-09;0.022551936697632363
2083323809219952960;2021-09;0.049467101509081186
2083323809219952960;2021-09;0.049467101509081186
4166581859919473627;2021-08;0.018478202119543242
4166581859919473627;2021-08;0.020848769557907296
4166581859919473627;2021-08;0.012054971251126409
4166581859919473627;2021-08;0.01206589562087431
7215093571368368138;2021-08;0.12094621490022182
7215093571368368138;2021-08;0.06366572877578586
7215093571368368138;2021-08;0.15299218993540895
7215093571368368138;2021-08;0.12094621490022182
7215093571368368138;2021-09;0.08522763388344252
7215093571368368138;2021-09;0.08522763388344252
7215093571368368138;2021-09;0.12293448557449865
7215093571368368138;2021-09;0.09488438115417606
7957786135641291906;2021-08;0.44811797426388206
7957786135641291906;2021-08;0.5199556565684567
4008627434689715639;2021-08;0.2772928680782393
4008627434689715639;2021-08;0.3796828431591208
4008627434689715639;2021-08;0.28532755024477735
4008627434689715639;2021-09;0.2751439003183704
4008627434689715639;2021-09;0.26120734654841005
4008627434689715639;2021-09;0.18158573689036217
4008627434689715639;2021-09;0.3305733644095244
4008627434689715639;2021-09;0.288802617383342
1003144834589372198;2021-08;0.006164600838553681
1003144834589372198;2021-08;0.026368480502242445
1003144834589372198;2021-08;0.010297412471365312
1003144834589372198;2021-09;0.013969908565852587
1003144834589372198;2021-09;0.014241650967540997
1003144834589372198;2021-09;0.022408317602443457
1003144834589372198;2021-09;0.014242870404999577
226405871752897670;2021-08;0.004052533488017359
226405871752897670;2021-08;0.004052533488017359
226405871752897670;2021-08;0.006677648418065876
226405871752897670;2021-08;0.005914239940085652
226405871752897670;2021-09;0.022574288005928252
226405871752897670;2021-09;0.015926061729151005
8013668117699219722;2021-08;0.03929440550322049
8013668117699219722;2021-08;0.003653600284451976
8013668117699219722;2021-08;0.016577530201985276
8013668117699219722;2021-09;0.01550118874418642
8013668117699219722;2021-09;0.010356284860421304
2943087245123311166;2021-08;0.010570158994621472
2943087245123311166;2021-08;0.016106439527586815
2943087245123311166;2021-08;0.010121883131892256
2943087245123311166;2021-09;0.01623071317542871
2214132103234633622;2021-08;0.061949740051288976
2214132103234633622;2021-09;0.014135663558348286
2214132103234633622;2021-09;0.01574854812171277
2214132103234633622;2021-09;0.014135663558348286
2214132103234633622;2021-09;0.014026072982118064
2214132103234633622;2021-09;0.015006465138980806
1953058402621337677;2021-08;0.00030303030303030303
1953058402621337677;2021-08;0.000903030303030303
1953058402621337677;2021-09;0.011046905742639326
6486277549325701534;2021-08;0.004968824879171481
6486277549325701534;2021-08;0.004968824879171481
6486277549325701534;2021-09;0.008603459877278365
6486277549325701534;2021-09;0.008603459877278365
6486277549325701534;2021-09;0.008603459877278365
6486277549325701534;2021-09;0.010727856518612067
4850936440093751199;2021-08;0.00018518518518518518
4850936440093751199;2021-08;0.0006503014642549526
4850936440093751199;2021-08;0.000625
4820852183212661131;2021-08;0.036419249869369404
4820852183212661131;2021-08;0.027818210484772638
4820852183212661131;2021-09;0.03299106035208021
4820852183212661131;2021-09;0.534426559521202
4820852183212661131;2021-09;0.03390693055333694
8729164666041467296;2021-08;0.13323015320050854
8729164666041467296;2021-08;0.11786180687539749
924957821424248698;2021-08;0.004301728177905638
924957821424248698;2021-08;0.006415786533343304
924957821424248698;2021-09;0.005802534013313416
7787306805605072964;2021-08;0.34162529942966835
2532435113844289043;2021-08;0.010195508233172898
2532435113844289043;2021-08;0.009253493860819261
2532435113844289043;2021-08;0.018966788357104237
2532435113844289043;2021-08;0.019084693675259872
2532435113844289043;2021-08;0.018966788357104237
2532435113844289043;2021-08;0.00959247691166672
2532435113844289043;2021-08;0.018966788357104237
2532435113844289043;2021-09;0.003989913112953161
2532435113844289043;2021-09;0.005100213312437421
2532435113844289043;2021-09;0.012901849058010896
2532435113844289043;2021-09;0.006962880730712752
2532435113844289043;2021-09;0.009525748202506807
2532435113844289043;2021-09;0.012901849058010896
2532435113844289043;2021-09;0.006962880730712752
2532435113844289043;2021-09;0.0671163531347034
2532435113844289043;2021-09;0.012901849058010896
2532435113844289043;2021-09;0.006962880730712752
2532435113844289043;2021-09;0.01488640504256688
2532435113844289043;2021-09;0.00998551882355777
3931892303497206092;2021-08;0.04532425605764284
3931892303497206092;2021-08;0.03598604588334413
3931892303497206092;2021-08;0.024570827325905403
3931892303497206092;2021-09;0.017141322790413246
3931892303497206092;2021-09;0.02661893333099572
324916756972236008;2021-08;0.021164914373400595
324916756972236008;2021-08;0.007073182698658324
324916756972236008;2021-09;0.019211079758357907
324916756972236008;2021-09;0.01546835585116691
324916756972236008;2021-09;0.01910461476075728
3634047863995720708;2021-08;0.002154811483147315
7442192566700924647;2021-08;0.0030735834932263508
5613825020130267729;2021-08;0.0076175395849987105
5613825020130267729;2021-08;0.0007600253927090508
5613825020130267729;2021-09;0.002161978624288167
5613825020130267729;2021-09;0.004313619098509287
6098833389547425063;2021-08;0.06462674763077446
6098833389547425063;2021-08;0.05402250754571893
6098833389547425063;2021-08;0.0634680562626328
6098833389547425063;2021-09;0.008609199709641876
3660744270380078352;2021-08;0.13231177048193107
3660744270380078352;2021-08;0.06790839613902089
3660744270380078352;2021-08;0.06928831946503605
3660744270380078352;2021-08;0.08867289277666934
3660744270380078352;2021-09;0.05495882082799298
3660744270380078352;2021-09;0.11611619182208475
3660744270380078352;2021-09;0.06192782220754758
3660744270380078352;2021-09;0.051614306878334244
1454789421854453615;2021-08;0.05932643895188785
1454789421854453615;2021-08;0.05355272717233773
1454789421854453615;2021-08;0.03787594745430449
1454789421854453615;2021-09;0.372603540780459
1454789421854453615;2021-09;0.19576594826294916
1454789421854453615;2021-09;0.1362172497145876
1454789421854453615;2021-09;0.19576594826294916
1454789421854453615;2021-09;0.13711749033074835
1454789421854453615;2021-09;0.29008155443670924
2128970218770090704;2021-08;0.0024755799755799756
2128970218770090704;2021-09;0.0006286549707602339
2128970218770090704;2021-09;0.000600358422939068
2128970218770090704;2021-09;0.0002777777777777778
2128970218770090704;2021-09;0.0
2128970218770090704;2021-09;0.010382334857550864
3807130563335796378;2021-08;0.05150160196245138
3807130563335796378;2021-08;0.04507019497132526
968199235777440720;2021-08;0.0033841500277985424
968199235777440720;2021-08;0.0033841500277985424
968199235777440720;2021-08;0.0017563471011746872
968199235777440720;2021-08;0.008225248676058537
968199235777440720;2021-08;0.002317571590970606
968199235777440720;2021-09;0.0007019704433497537
968199235777440720;2021-09;0.0007019704433497537
968199235777440720;2021-09;0.0007142857142857143
968199235777440720;2021-09;0.0007019704433497537
968199235777440720;2021-09;0.001263194933145672
968199235777440720;2021-09;0.0007142857142857143
968199235777440720;2021-09;0.0014427111840904943
8609938720215175911;2021-08;0.02695630490027815
8609938720215175911;2021-08;0.0156236831001423
8609938720215175911;2021-08;0.02248457310656493
8609938720215175911;2021-08;0.018347641969866352
8609938720215175911;2021-09;0.01689026231364516
8609938720215175911;2021-09;0.020109362280755473
8609938720215175911;2021-09;0.02275659424074893
988707525807573448;2021-08;0.007202128599915546
2903869860445366876;2021-08;0.0053566512790325415
2903869860445366876;2021-08;0.012821393934490312
2903869860445366876;2021-08;0.007313766922728511
2903869860445366876;2021-08;0.007461297553017761
2903869860445366876;2021-08;0.005177332023931409
6969348581033924947;2021-08;0.010653229417544733
6969348581033924947;2021-08;0.009428446378306126
6969348581033924947;2021-08;0.02696731382950773
6969348581033924947;2021-08;0.01247629197590141
6969348581033924947;2021-08;0.036160928260051066
6969348581033924947;2021-08;0.007445794945794945
6969348581033924947;2021-08;0.007980827993705935
6969348581033924947;2021-09;0.011580507975446169
6969348581033924947;2021-09;0.022283044307817388
6969348581033924947;2021-09;0.005806014128338378
6969348581033924947;2021-09;0.011937650832589025
6969348581033924947;2021-09;0.0055886228239905526
3536704882799524586;2021-08;0.06280668083398029
3536704882799524586;2021-08;0.05930095876743285
3631603567749349715;2021-08;0.0028891718641718645
3631603567749349715;2021-08;0.008147942885718056
5029701292539093910;2021-08;0.0036233766233766235
5029701292539093910;2021-08;0.001869069224786103
5029701292539093910;2021-09;0.01502422649882066
8332840690177201182;2021-08;0.16423923635616447
2302464746243069589;2021-08;0.0014516129032258066
2302464746243069589;2021-08;0.000988235294117647
2302464746243069589;2021-09;0.004307140283555378
6964108750473070287;2021-08;0.03851355084526337
6964108750473070287;2021-08;0.04712695357156932
6964108750473070287;2021-08;0.0528087717533875
6964108750473070287;2021-08;0.042214163770014225
6964108750473070287;2021-08;0.05362042416293391
6964108750473070287;2021-08;0.042214163770014225
6964108750473070287;2021-08;0.039137240693091144
6964108750473070287;2021-08;0.060280045376634804
6964108750473070287;2021-08;0.09149998843908831
6964108750473070287;2021-08;0.0973740370575217
6964108750473070287;2021-08;0.09867012777494598
6964108750473070287;2021-08;0.042214163770014225
6964108750473070287;2021-08;0.03851355084526337
6964108750473070287;2021-08;0.039137240693091144
6964108750473070287;2021-09;0.06241990344530346
6964108750473070287;2021-09;0.0540585510155719
6964108750473070287;2021-09;0.08669473291006932
6964108750473070287;2021-09;0.08669473291006932
6964108750473070287;2021-09;0.09314858508916289
6964108750473070287;2021-09;0.10961695562107104
6964108750473070287;2021-09;0.10882550312752926
6964108750473070287;2021-09;0.09665031899065538
6964108750473070287;2021-09;0.08669473291006932
6964108750473070287;2021-09;0.08669473291006932
6964108750473070287;2021-09;0.06241990344530346
6964108750473070287;2021-09;0.08611271963136147
6964108750473070287;2021-09;0.03833882868294633
6964108750473070287;2021-09;0.07315675290031928
6964108750473070287;2021-09;0.09665031899065538
6964108750473070287;2021-09;0.06952038926395565
6964108750473070287;2021-09;0.10251646980241881
6964108750473070287;2021-09;0.08669473291006932
6964108750473070287;2021-09;0.08669473291006932
6964108750473070287;2021-09;0.08669473291006932
6964108750473070287;2021-09;0.05228101455641458
6964108750473070287;2021-09;0.14325814985409677
3960251564708868781;2021-08;0.04123561192961409
3960251564708868781;2021-08;0.0741803797722604
3960251564708868781;2021-09;0.04774198315971731
3960251564708868781;2021-09;0.08448264030011168
4740535838297269949;2021-08;0.0026914087514639745
4740535838297269949;2021-09;0.004586656034024455
4740535838297269949;2021-09;0.16171989548190602
4740535838297269949;2021-09;0.0039860024392532134
5440313607363845188;2021-08;0.008626020108993139
5440313607363845188;2021-08;0.010537032811829
5440313607363845188;2021-09;0.007783545898136644
5810778736737569699;2021-08;0.029465113843574024
5810778736737569699;2021-08;0.03200914734139736
8185063234515056194;2021-08;0.018518039511983917
8185063234515056194;2021-09;0.009374192799701917
8185063234515056194;2021-09;0.004954092580374112
682352428813668634;2021-08;0.02798180417912246
682352428813668634;2021-08;0.02798180417912246
682352428813668634;2021-08;0.02798180417912246
682352428813668634;2021-08;0.02798180417912246
682352428813668634;2021-08;0.02792373680323594
682352428813668634;2021-09;0.0327336981467298
682352428813668634;2021-09;0.0327336981467298
682352428813668634;2021-09;0.0327336981467298
682352428813668634;2021-09;0.03435531976835142
682352428813668634;2021-09;0.0327336981467298
682352428813668634;2021-09;0.035332801197175356
682352428813668634;2021-09;0.0327336981467298
696014079855281037;2021-08;0.08153493381935269
696014079855281037;2021-09;0.07884286918141645
696014079855281037;2021-09;0.07912064695919423
696014079855281037;2021-09;0.07725492763810864
696014079855281037;2021-09;0.14204560566064253
6842075380768862290;2021-08;0.021452923380904
6842075380768862290;2021-08;0.017227324792124105
1117184216453911295;2021-08;0.002769070010449321
1117184216453911295;2021-08;0.007829365291029322
1117184216453911295;2021-09;0.27797674076551915
3838562409581494430;2021-08;0.008092333039381477
2346482557594782345;2021-08;0.016178234727731236
2346482557594782345;2021-09;0.017307902375596696
2346482557594782345;2021-09;0.03909835096408252
2346482557594782345;2021-09;0.04274285218033012
2346482557594782345;2021-09;0.036774921440852516
1430896989654626045;2021-08;0.08241263623617477
1430896989654626045;2021-08;0.08005592237946094
7696655736121386405;2021-08;0.04970674693428773
2493688222671282470;2021-08;0.0026520343411720795
2493688222671282470;2021-08;0.0035877068557919624
2493688222671282470;2021-09;0.003214165266371618
2493688222671282470;2021-09;0.004520223488244161
5082813456193598086;2021-08;0.003227782585541206
5082813456193598086;2021-08;0.001640873015873016
5082813456193598086;2021-09;0.0014511096462315977
5082813456193598086;2021-09;0.003758026732809701
5082813456193598086;2021-09;0.0035156811695964568
7398738404146260251;2021-08;0.009346432906916776
7398738404146260251;2021-09;0.04887061600121205
7398738404146260251;2021-09;0.02640338722583512
7398738404146260251;2021-09;0.02614694113981946
7398738404146260251;2021-09;0.021380312133051572
4556737702757145073;2021-08;0.002115239903966747
4556737702757145073;2021-09;0.055188923440824586
4556737702757145073;2021-09;0.009724545831838117
4556737702757145073;2021-09;0.0024696969696969702
4556737702757145073;2021-09;0.002702255109231854
6091519986999196884;2021-08;0.008069790082408322
6091519986999196884;2021-08;0.00736418623923642
6091519986999196884;2021-08;0.005544257564041988
8716163053080758848;2021-08;0.011576727650904325
8716163053080758848;2021-08;0.0025151515151515154
8716163053080758848;2021-08;0.003765151515151515
8716163053080758848;2021-08;0.006987305593479138
8716163053080758848;2021-09;0.006067376251199781
8716163053080758848;2021-09;0.04464071972789987
8716163053080758848;2021-09;0.011308949687274625
8716163053080758848;2021-09;0.006067376251199781
8716163053080758848;2021-09;0.004254513217279174
8716163053080758848;2021-09;0.011769851703110876
4524147234488547993;2021-08;0.0014285714285714286
4524147234488547993;2021-08;0.000625
5606267905834401873;2021-08;0.04373492136798016
5606267905834401873;2021-08;0.035636579999898214
5606267905834401873;2021-08;0.04185698518840566
5606267905834401873;2021-09;0.0213383782369598
5606267905834401873;2021-09;0.027632661309315302
5606267905834401873;2021-09;0.020741871988909918
6213213514675778388;2021-08;0.03776502086064933
1343530446996409207;2021-08;0.01128540439312298
1343530446996409207;2021-08;0.007483851393718566
1343530446996409207;2021-08;0.007483851393718566
1343530446996409207;2021-09;0.017026636493123113
6164364689409425900;2021-08;0.020230758147632356
3355881107559250653;2021-08;0.018147273411769128
3355881107559250653;2021-08;0.011452192868069548
3355881107559250653;2021-08;0.016023850423350135
3355881107559250653;2021-08;0.01454294063141613
3355881107559250653;2021-08;0.015653480052979764
3355881107559250653;2021-08;0.019077729449983788
3355881107559250653;2021-08;0.01724257992517909
3355881107559250653;2021-08;0.007354106192866539
3355881107559250653;2021-08;0.018147273411769128
3355881107559250653;2021-08;0.01724257992517909
3355881107559250653;2021-09;0.011182143768951616
3355881107559250653;2021-09;0.012327080840224278
3355881107559250653;2021-09;0.012327080840224278
3355881107559250653;2021-09;0.017347212815782765
3355881107559250653;2021-09;0.017347212815782765
3355881107559250653;2021-09;0.020859786933414236
3355881107559250653;2021-09;0.015749193577380735
66220087398241662;2021-08;0.0007417582417582418
66220087398241662;2021-09;0.0
66220087398241662;2021-09;0.0
66220087398241662;2021-09;0.0
2645324649046215594;2021-08;0.004932972435254035
2645324649046215594;2021-08;0.028479134313782586
2645324649046215594;2021-08;0.004421309439186738
2645324649046215594;2021-08;0.004932972435254035
2645324649046215594;2021-09;0.0
2645324649046215594;2021-09;0.00030303030303030303
7330131219998265639;2021-08;0.015800045966334535
7330131219998265639;2021-08;0.01563534971011589
7330131219998265639;2021-09;0.13725794763615634
7330131219998265639;2021-09;0.010202004829720255
7330131219998265639;2021-09;0.011165911480317784
8080988579391900405;2021-08;0.00635092232261411
8080988579391900405;2021-09;0.007114794463588144
5999145415800242177;2021-08;0.06053562688909483
5999145415800242177;2021-08;0.03493081886111295
5999145415800242177;2021-09;0.028513933328468122
5999145415800242177;2021-09;0.020967138124470326
7395696797140470088;2021-08;0.004423714036617263
7395696797140470088;2021-08;0.0038963408842441092
7395696797140470088;2021-08;0.017135839280294825
7395696797140470088;2021-09;0.005977240392711052
7395696797140470088;2021-09;0.010500686969331208
7395696797140470088;2021-09;0.005571496876195332
7395696797140470088;2021-09;0.003555373005873562
417157680860985231;2021-08;0.0036759482669783943
417157680860985231;2021-08;0.004775925775955258
417157680860985231;2021-09;0.00374326438458648
417157680860985231;2021-09;0.0041583036088041645
417157680860985231;2021-09;0.006454882619022644
417157680860985231;2021-09;0.0053584915156109185
7485107528960607346;2021-08;0.006796439233323919
7485107528960607346;2021-08;0.024769619949759517
7485107528960607346;2021-09;0.09263567796161996
7485107528960607346;2021-09;0.2016045810245365
7485107528960607346;2021-09;0.040668551063190596
8350724667410677464;2021-08;0.027063885411252687
8350724667410677464;2021-08;0.026537569621779004
8350724667410677464;2021-08;0.024260030668281862
8350724667410677464;2021-08;0.026537569621779004
8350724667410677464;2021-09;0.27079260508340225
8350724667410677464;2021-09;0.08922322441700724
5078284853636449041;2021-08;0.046224442259351795
5577659616907513811;2021-08;0.448863741525356
5577659616907513811;2021-08;0.4590897923562456
5577659616907513811;2021-08;0.48090486042081015
5577659616907513811;2021-08;0.40652523818297687
5577659616907513811;2021-09;0.4213208080400838
1299146298565441811;2021-08;0.042206228536446705
3093415403379897112;2021-08;0.0056781286775966855
3093415403379897112;2021-08;0.002372132115760302
3093415403379897112;2021-08;0.001956989247311828
3093415403379897112;2021-09;0.003914614121510673
1357573192598249600;2021-08;0.020650904387404752
1357573192598249600;2021-08;0.015107633744699242
1357573192598249600;2021-09;0.03794736374691577
1357573192598249600;2021-09;0.04265210629094403
1357573192598249600;2021-09;0.046875360487116983
4527499691197377217;2021-08;0.019261937229866747
2673576168790933175;2021-08;0.015584145238009552
3140918607946425426;2021-08;0.0007692307692307692
3140918607946425426;2021-08;0.0014597069597069598
3140918607946425426;2021-09;0.0
3140918607946425426;2021-09;0.0003333333333333333
2983174282784691273;2021-08;0.0035902816566432123
2983174282784691273;2021-08;0.006503022311071845
2983174282784691273;2021-08;0.0035902816566432123
2983174282784691273;2021-08;0.009968528731701171
2983174282784691273;2021-09;0.005957841151173851
2983174282784691273;2021-09;0.006068257628040237
2983174282784691273;2021-09;0.004546744095864272
7347715771145302549;2021-08;0.006089211939034246
7347715771145302549;2021-08;0.0009375
7347715771145302549;2021-08;0.002558288703449994
7347715771145302549;2021-09;0.0009350163627863488
7347715771145302549;2021-09;0.05640136352295686
4831939798545673038;2021-08;0.11750849232206048
5409960473983330744;2021-08;0.022581857159634816
5409960473983330744;2021-09;0.5417999686648534
5409960473983330744;2021-09;0.06237572243098063
6916556752218696485;2021-08;0.008964740577804012
6916556752218696485;2021-08;0.010269927550864701
6916556752218696485;2021-08;0.010269927550864701
6916556752218696485;2021-08;0.008644313675801084
6916556752218696485;2021-08;0.006841485889026456
6916556752218696485;2021-08;0.004784415383106014
6916556752218696485;2021-09;0.0028001610207492563
6916556752218696485;2021-09;0.010048987612317784
6916556752218696485;2021-09;0.020035301591061493
6916556752218696485;2021-09;0.019342841273601176
6916556752218696485;2021-09;0.017345337433355396
6916556752218696485;2021-09;0.012490941933289715
6916556752218696485;2021-09;0.01074185820382575
6916556752218696485;2021-09;0.0028001610207492563
6916556752218696485;2021-09;0.019942366565130418
6916556752218696485;2021-09;0.01165647550137261
6916556752218696485;2021-09;0.011161243105969271
6916556752218696485;2021-09;0.01165647550137261
6916556752218696485;2021-09;0.0028001610207492563
6916556752218696485;2021-09;0.007413431977385465
6615694774618628402;2021-08;0.08144061320001543
6615694774618628402;2021-08;0.06993724453257243
6615694774618628402;2021-08;0.06859613938725725
6615694774618628402;2021-09;0.05903022385452368
7692330898726665144;2021-08;0.020861995378808652
7692330898726665144;2021-08;0.014349268045304581
7692330898726665144;2021-09;0.07217759165668834
7692330898726665144;2021-09;0.022871167963880345
7692330898726665144;2021-09;0.02053575829038721
7646606457278894341;2021-08;0.0018968285035328913
7646606457278894341;2021-08;0.002442171640787793
7646606457278894341;2021-09;0.0024004307169786677
3382609338395832683;2021-08;0.13265823590067483
3382609338395832683;2021-08;0.14388520686609774
8067924767167570288;2021-08;0.009825512447618204
8067924767167570288;2021-09;0.01726710670637659
8480109508191086169;2021-08;0.0025151515151515154
8480109508191086169;2021-09;0.029665081345082764
8480109508191086169;2021-09;0.004892266135831681
2573553293518763494;2021-08;0.0062156277902623925
2573553293518763494;2021-08;0.012595363918008464
2573553293518763494;2021-09;0.017111647357335898
2573553293518763494;2021-09;0.01687776797475
2573553293518763494;2021-09;0.016213029845815158
2573553293518763494;2021-09;0.014491029274853408
2573553293518763494;2021-09;0.032106422728576174
2573553293518763494;2021-09;0.018323768569457107
2573553293518763494;2021-09;0.01418401173099376
2573553293518763494;2021-09;0.013362130744916056
660382477567765256;2021-08;0.07662735129582997
660382477567765256;2021-09;0.054303842349279735
660382477567765256;2021-09;0.028307432167527947
660382477567765256;2021-09;0.05207858998891706
660382477567765256;2021-09;0.036162123083929944
8049805689946244047;2021-08;0.08410291878310655
8049805689946244047;2021-08;0.10665171990132967
8049805689946244047;2021-09;0.09499996917534187
7968118679747232249;2021-08;0.3432281105592002
7968118679747232249;2021-09;0.21013404105583558
459290606780222306;2021-08;0.0024470659407138536
459290606780222306;2021-08;0.0048085191426842965
459290606780222306;2021-08;0.021764278191299606
459290606780222306;2021-08;0.0019298245614035087
459290606780222306;2021-08;0.002888157894736842
459290606780222306;2021-09;0.021517585311775375
459290606780222306;2021-09;0.021000343932465033
459290606780222306;2021-09;0.043431621833635636
459290606780222306;2021-09;0.04048123627947465
459290606780222306;2021-09;0.02326449487586126
459290606780222306;2021-09;0.021917759474478007
6978269497652315763;2021-08;0.06102466348050596
1536087798470875922;2021-08;0.08684317375346878
1536087798470875922;2021-09;0.06701163533830262
1536087798470875922;2021-09;0.04241317172938566
1129657311668961746;2021-08;0.012052667153797192
1129657311668961746;2021-09;0.02547515127523264
1129657311668961746;2021-09;0.01802363782791192
7895753719321668294;2021-08;0.012802953022911961
7895753719321668294;2021-09;0.0007689050211736237
7895753719321668294;2021-09;0.005502331093195829
524026009392362402;2021-08;0.017019236924604334
524026009392362402;2021-08;0.011221300337156149
7776069961364493674;2021-08;0.08061463267103429
7776069961364493674;2021-09;0.0357756975712661
4530631557358349711;2021-08;0.0035415150832976195
4530631557358349711;2021-08;0.004049751680591503
4530631557358349711;2021-09;0.008112902330833553
1273229638516517354;2021-08;0.010710736123469516
1273229638516517354;2021-08;0.010710736123469516
1273229638516517354;2021-09;0.019091045529054183
187117706370645370;2021-08;0.12300262000244767
187117706370645370;2021-08;0.033881135728367415
187117706370645370;2021-08;0.027012598801063662
187117706370645370;2021-09;0.049340150844346786
187117706370645370;2021-09;0.08526560271872624
187117706370645370;2021-09;0.2672262678584441
187117706370645370;2021-09;0.047653919097796
187117706370645370;2021-09;0.09194240108498924
187117706370645370;2021-09;0.07974021025900557
187117706370645370;2021-09;0.055726918109328685
4569866309119931805;2021-08;0.029177720512219004
4569866309119931805;2021-09;0.023859538844525782
2382123267535341265;2021-08;0.0036020776874435413
2382123267535341265;2021-08;0.003904151404151404
2382123267535341265;2021-08;0.00437130845667431
2382123267535341265;2021-09;0.003611111111111111
5799279645678609726;2021-08;0.0689484843436869
5799279645678609726;2021-09;0.1866826232953615
5726178124659661019;2021-08;0.012795431763868919
5726178124659661019;2021-08;0.019779008254953233
5726178124659661019;2021-08;0.006502425502425503
5726178124659661019;2021-08;0.0016265356265356265
5726178124659661019;2021-08;0.0017932022932022932
5726178124659661019;2021-08;0.003293202293202293
5726178124659661019;2021-08;0.0017932022932022932
5726178124659661019;2021-08;0.003293202293202293
5726178124659661019;2021-08;0.0016265356265356265
5726178124659661019;2021-08;0.003293202293202293
5726178124659661019;2021-09;0.0
5726178124659661019;2021-09;0.005057983942908117
5726178124659661019;2021-09;0.0
5726178124659661019;2021-09;0.0
5726178124659661019;2021-09;0.0
257162352336759783;2021-08;0.005375241015642613
257162352336759783;2021-08;0.005375241015642613
257162352336759783;2021-08;0.003774529668926221
7269781193318890653;2021-08;0.013424797000911624
835441927760881602;2021-08;0.10436610251105101
835441927760881602;2021-08;0.10495124281894669
835441927760881602;2021-09;0.16938793407370217
835441927760881602;2021-09;0.16768818401358665
835441927760881602;2021-09;0.16938793407370217
5714540197488862003;2021-08;0.13168046041188675
5714540197488862003;2021-09;0.22767350558413685
5714540197488862003;2021-09;0.22840864915748924
7751080728852739823;2021-08;0.017572856852215057
7751080728852739823;2021-08;0.004020188810511392
7751080728852739823;2021-08;0.003569886717967919
7751080728852739823;2021-09;0.006234555081676885
5687511145009775604;2021-08;0.1037518136358258
5687511145009775604;2021-09;0.13650582083411852
3204108603682323936;2021-08;0.00797007149916136
6053752047545474051;2021-08;0.004499837457953312
6053752047545474051;2021-08;0.0038251620874571696
6053752047545474051;2021-08;0.005521991422969715
6053752047545474051;2021-08;0.0034478220422987866
6053752047545474051;2021-09;0.004528292940726692
6053752047545474051;2021-09;0.003140000183432387
6053752047545474051;2021-09;0.003975198975868021
6053752047545474051;2021-09;0.0018461134453781514
6053752047545474051;2021-09;0.003975198975868021
6053752047545474051;2021-09;0.001153846153846154
6053752047545474051;2021-09;0.0009185606060606061
6053752047545474051;2021-09;0.003140000183432387
8292458529987016717;2021-08;0.0002
2333404192508932057;2021-08;0.0011923076923076924
2333404192508932057;2021-08;0.0012190934065934066
2333404192508932057;2021-09;0.001119047619047619
2333404192508932057;2021-09;0.006967578853839216
2333404192508932057;2021-09;0.007610435996696358
2333404192508932057;2021-09;0.007610435996696358
2333404192508932057;2021-09;0.005149186824886287
9156666134024889730;2021-08;0.02009073130684711
9156666134024889730;2021-08;0.019284042272663067
9156666134024889730;2021-08;0.01599554701303924
9156666134024889730;2021-08;0.019410027990633745
9156666134024889730;2021-09;0.01944979937794569
9156666134024889730;2021-09;0.5484472924864746
837142477962609471;2021-08;0.012180797317207512
837142477962609471;2021-08;0.006418306827525013
837142477962609471;2021-09;0.005044984462823337
837142477962609471;2021-09;0.004625000000000001
6528158819463595826;2021-08;0.0014504528703450292
6528158819463595826;2021-08;0.0011278722251837389
6528158819463595826;2021-09;0.003978894246116772
4347826483121154490;2021-08;0.0002702702702702703
4347826483121154490;2021-08;0.008554505901185637
4347826483121154490;2021-08;0.001183973354231975
4347826483121154490;2021-08;0.0019036703239289445
4347826483121154490;2021-08;0.0018655303030303031
4347826483121154490;2021-08;0.0030042875739106014
4347826483121154490;2021-08;0.0019036703239289445
4347826483121154490;2021-08;0.0023203369905956113
4347826483121154490;2021-09;0.001306353464633907
4347826483121154490;2021-09;0.001306353464633907
4347826483121154490;2021-09;0.001306353464633907
4347826483121154490;2021-09;0.001306353464633907
4347826483121154490;2021-09;0.001306353464633907
4347826483121154490;2021-09;0.003056580990167328
4347826483121154490;2021-09;0.006017000891265598
4347826483121154490;2021-09;0.006357095332597329
4347826483121154490;2021-09;0.0018992043800654676
4347826483121154490;2021-09;0.009371862646473111
7478791630746523220;2021-08;0.10798595559097604
7478791630746523220;2021-08;0.0810890822186861
7478791630746523220;2021-09;0.10311515562862557
7478791630746523220;2021-09;0.08135467835678456
3045840317107313913;2021-08;0.0047472975654033875
3045840317107313913;2021-09;0.011513136025121553
3045840317107313913;2021-09;0.034591873314900885
3045840317107313913;2021-09;0.008746402311780074
2687720147676132707;2021-08;0.004235859408771988
2687720147676132707;2021-08;0.006458577815698033
4980232475645447238;2021-08;0.007110046807909255
4980232475645447238;2021-08;0.0006060606060606061
4980232475645447238;2021-09;0.004127512339208645
6759864637454708017;2021-08;0.01958854596170706
6759864637454708017;2021-08;0.016885037189777238
6759864637454708017;2021-08;0.018627724367948285
6759864637454708017;2021-09;0.019881779424617923
6759864637454708017;2021-09;0.019881779424617923
5162636608292907782;2021-08;0.3718402678055392
5162636608292907782;2021-08;0.30246511528073833
5162636608292907782;2021-09;0.3657309171801544
5162636608292907782;2021-09;0.3657309171801544
5162636608292907782;2021-09;0.3657309171801544
8994944800097997361;2021-08;0.061061580822798334
8994944800097997361;2021-08;0.06451520073124482
8994944800097997361;2021-09;0.046129167486747835
8994944800097997361;2021-09;0.045193942023732836
8994944800097997361;2021-09;0.0470075806520171
8994944800097997361;2021-09;0.04878198964725554
8994944800097997361;2021-09;0.05040326120911742
7665801401860589626;2021-08;0.0028289562289562286
7665801401860589626;2021-08;0.0013289858666005454
7665801401860589626;2021-09;0.0032686942124993414
49632905576538927;2021-08;0.007417692433985003
621182491555347581;2021-08;0.013144997481234743
621182491555347581;2021-08;0.013144997481234743
621182491555347581;2021-08;0.01610361311259961
621182491555347581;2021-09;0.019569197712082907
621182491555347581;2021-09;0.014894030425451952
7492389223353246125;2021-08;0.10168867791720089
7492389223353246125;2021-08;0.09542045889403161
7492389223353246125;2021-09;0.1105914262567662
7492389223353246125;2021-09;0.10111090772377902
7492389223353246125;2021-09;0.11984395580371256
8060154314331993193;2021-08;0.012313393586867212
8060154314331993193;2021-08;0.006785060451737577
7930925883736021864;2021-08;0.008407691227155654
7930925883736021864;2021-08;0.011204109471455956
7930925883736021864;2021-08;0.024943366367746588
7930925883736021864;2021-08;0.022151779083448533
7930925883736021864;2021-08;0.023776484292909923
7930925883736021864;2021-09;0.005111440476266784
7930925883736021864;2021-09;0.000845195374800638
7930925883736021864;2021-09;0.0033891230405205565
7930925883736021864;2021-09;0.0027487684729064037
4724876423989598202;2021-08;0.03258657019204142
4724876423989598202;2021-08;0.058974727063273065
4724876423989598202;2021-08;0.013659116751198448
4724876423989598202;2021-08;0.05141492398971688
4724876423989598202;2021-09;0.03332531703013224
4724876423989598202;2021-09;0.05860400780220229
4724876423989598202;2021-09;0.020284909340012813
3977861004707764824;2021-08;0.04237396911755781
3977861004707764824;2021-08;0.04250000407638002
3977861004707764824;2021-08;0.07747210388030783
3977861004707764824;2021-08;0.09663577828281211
3977861004707764824;2021-08;0.06054668416771475
3977861004707764824;2021-09;0.129715201235538
3977861004707764824;2021-09;0.09662254897500056
3977861004707764824;2021-09;0.06819448267851178
3977861004707764824;2021-09;0.10219270282222709
3977861004707764824;2021-09;0.08201037349903398
3977861004707764824;2021-09;0.035342033642519366
3977861004707764824;2021-09;0.09131932402228768
6448234172949059931;2021-08;0.14754081863217025
8287608084245946173;2021-08;0.006502295017923843
8287608084245946173;2021-08;0.0057837131742807316
8287608084245946173;2021-08;0.004914506263180463
8287608084245946173;2021-09;0.0022195121951219515
8287608084245946173;2021-09;0.0018861788617886178
8287608084245946173;2021-09;0.0026798296554394114
8287608084245946173;2021-09;0.0026798296554394114
8287608084245946173;2021-09;0.010574885447481672
8229446069655666941;2021-08;0.20285651813843109
8229446069655666941;2021-08;0.7232947957427194
1998941557906036376;2021-08;0.022159067017096693
1998941557906036376;2021-09;0.004189427129216783
1998941557906036376;2021-09;0.0139249925861
4104959289203999917;2021-08;0.007523492015888336
1036256411320325774;2021-08;0.032464697391116536
1036256411320325774;2021-08;0.0281499079703927
1036256411320325774;2021-08;0.02377918462301233
1036256411320325774;2021-08;0.02555071101906565
1036256411320325774;2021-09;0.03276102904968213
1036256411320325774;2021-09;0.021585905272868394
1036256411320325774;2021-09;0.029842390686818647
1036256411320325774;2021-09;0.021585905272868394
1036256411320325774;2021-09;0.03157361779304575
3543162424793477785;2021-08;0.004151692533680869
3543162424793477785;2021-08;0.003353804080246159
3543162424793477785;2021-09;0.010443370277436654
3543162424793477785;2021-09;0.003555828404330069
5048392903148444335;2021-08;0.09238380935647501
5048392903148444335;2021-08;0.1742372329054384
5048392903148444335;2021-08;0.1294777278472976
5048392903148444335;2021-09;0.09425882863196604
8646472172649019955;2021-08;0.07857204780383206
8646472172649019955;2021-08;0.11137901350353858
8646472172649019955;2021-09;0.10751891255973499
8646472172649019955;2021-09;0.09783558239204881
2012477868296377155;2021-08;0.035367002277941345
2012477868296377155;2021-08;0.008943572168896501
2929243640075785940;2021-08;0.00974149524527494
2929243640075785940;2021-08;0.005692872858692485
2451708306555441014;2021-08;0.017727611242458627
2451708306555441014;2021-08;0.014687934620626937
2451708306555441014;2021-09;0.0067621954691722145
2451708306555441014;2021-09;0.02391319635280855
2451708306555441014;2021-09;0.010542058295753614
2451708306555441014;2021-09;0.0065504502251689046
2250817603281429928;2021-08;0.0005
2250817603281429928;2021-08;0.0015714285714285715
2250817603281429928;2021-09;0.008034685643474648
8271604276097280304;2021-08;0.009657949849017432
4593070249039532001;2021-08;0.016038456782283352
4593070249039532001;2021-08;0.011195514106679388
4593070249039532001;2021-09;0.00302606723749263
5897410907783139228;2021-08;0.004566657478307476
5897410907783139228;2021-08;0.004083969000348311
5897410907783139228;2021-09;0.002539267447615905
5897410907783139228;2021-09;0.005945466577045524
2530707686830644666;2021-08;0.001705357142857143
2530707686830644666;2021-09;0.0022291666666666666
340285351737204923;2021-08;0.017782803110163396
340285351737204923;2021-09;0.06795440963123366
340285351737204923;2021-09;0.08509583151507663
340285351737204923;2021-09;0.06795440963123366
340285351737204923;2021-09;0.1036392049195924
340285351737204923;2021-09;0.0702802986107734
7067471043900250355;2021-08;0.046940770218323255
7067471043900250355;2021-08;0.7831441106323332
7067471043900250355;2021-08;0.7731640224753268
7067471043900250355;2021-08;0.045017693295246325
7067471043900250355;2021-08;0.046940770218323255
3248432590399829766;2021-08;0.00943133671883672
3248432590399829766;2021-08;0.003729332174776564
3248432590399829766;2021-08;0.00455929802955665
7176848230239877915;2021-08;0.00346824791381243
761746217261797478;2021-08;0.010907943760090846
761746217261797478;2021-09;0.00492147177498803
761746217261797478;2021-09;0.0013215686274509805
761746217261797478;2021-09;0.004442934039138972
7041489327620930099;2021-08;0.019659352767014054
7041489327620930099;2021-09;0.03133985740347472
5958664040344043635;2021-08;0.010548216465272589
5958664040344043635;2021-09;0.022076986468611132
4327694790333781288;2021-08;0.002917505181835312
1078687383992817574;2021-08;0.4025793118254734
1078687383992817574;2021-08;0.2517271891600101
1078687383992817574;2021-08;0.4025793118254734
1078687383992817574;2021-08;0.25550295539160184
1078687383992817574;2021-09;0.337163591118648
1078687383992817574;2021-09;0.21598628469626013
1078687383992817574;2021-09;0.18878243073807624
1078687383992817574;2021-09;0.3369129078938269
2619109825960703851;2021-08;0.02823138762454586
2619109825960703851;2021-08;0.02823138762454586
2619109825960703851;2021-09;0.03689692008181719
2619109825960703851;2021-09;0.03590974059463771
175003104385133396;2021-08;0.01327902907079594
175003104385133396;2021-09;0.0109363807307992
2397171153213063761;2021-08;0.0038711404824890426
2397171153213063761;2021-08;0.00432022458372491
2397171153213063761;2021-08;0.007057398879134046
2397171153213063761;2021-08;0.003537686559807575
2397171153213063761;2021-09;0.004740568428032597
2397171153213063761;2021-09;0.003964105171001723
2397171153213063761;2021-09;0.2521510928040477
2397171153213063761;2021-09;0.006411370743996203
2397171153213063761;2021-09;0.005766209453673622
5176940320835464459;2021-08;0.0012908249158249158
5176940320835464459;2021-08;0.0024548888126474334
5176940320835464459;2021-08;0.0011704545454545453
5176940320835464459;2021-08;0.0009158249158249157
5176940320835464459;2021-08;0.0002631578947368421
5176940320835464459;2021-08;0.0009158249158249157
5176940320835464459;2021-08;0.0
5176940320835464459;2021-09;0.0027628874956461156
5176940320835464459;2021-09;0.0019226483696927043
5176940320835464459;2021-09;0.0022930187400630746
5176940320835464459;2021-09;0.0009621212121212121
5176940320835464459;2021-09;0.00041666666666666664
5176940320835464459;2021-09;0.011718966038891221
5176940320835464459;2021-09;0.00041666666666666664
5176940320835464459;2021-09;0.0009621212121212121
5176940320835464459;2021-09;0.0019007936507936508
2768068015169423097;2021-08;0.04697398510851811
2768068015169423097;2021-08;0.04647705193538403
7970976988071755401;2021-08;0.011285516659627641
7970976988071755401;2021-08;0.0062343737990022815
7970976988071755401;2021-08;0.010274274687587381
7970976988071755401;2021-09;0.005527868974850398
7970976988071755401;2021-09;0.010002552472131152
7930644815080409701;2021-08;0.025194610272336083
7930644815080409701;2021-09;0.027134791660095883
8874257794774679816;2021-08;0.012978298531696058
8874257794774679816;2021-08;0.010945002137954109
8874257794774679816;2021-09;0.006758226504006554
8874257794774679816;2021-09;0.012132042382445045
8874257794774679816;2021-09;0.006758226504006554
8874257794774679816;2021-09;0.029883784028820477
7949169060790541229;2021-08;0.005487710220878653
7949169060790541229;2021-09;0.011258475174348637
7949169060790541229;2021-09;0.013180781991257612
4210463673385510745;2021-08;0.21886288043674526
4210463673385510745;2021-08;0.27812470717734517
4210463673385510745;2021-09;0.19932513677900499
4210463673385510745;2021-09;0.16035499638262263
5855956854975734380;2021-08;0.011291630428787837
5753677550753111444;2021-08;0.0015827702702702704
5753677550753111444;2021-08;0.0012702702702702703
5753677550753111444;2021-09;0.0028678503659528326
8909740532547211288;2021-08;0.011773292142036937
8909740532547211288;2021-08;0.011362774375226774
8909740532547211288;2021-09;0.010532577919584252
8909740532547211288;2021-09;0.007556574693127305
8909740532547211288;2021-09;0.008144809987244952
345447888460137901;2021-08;0.03290478094230929
345447888460137901;2021-09;0.027576290298358938
6662531979151878793;2021-08;0.0030191188649835265
6662531979151878793;2021-09;0.002018598707558663
1616952665234409442;2021-08;0.04476726909478965
1616952665234409442;2021-08;0.18467994189692244
1616952665234409442;2021-08;0.04774235944882952
2808145376905474927;2021-08;0.16375929249443505
2808145376905474927;2021-08;0.13277503078628985
2808145376905474927;2021-09;0.15527856026595505
2808145376905474927;2021-09;0.15135648406164615
7471183491728700531;2021-08;0.1870816450608758
7471183491728700531;2021-08;0.23230742686508044
5373371196946859811;2021-08;0.013263822108599383
5373371196946859811;2021-08;0.01930615190156242
5373371196946859811;2021-08;0.012614313416233551
5373371196946859811;2021-09;0.0038241679583528353
5373371196946859811;2021-09;0.0006581632653061225
6941381638534728190;2021-08;0.013184898566092576
6941381638534728190;2021-08;0.012253738985664982
6941381638534728190;2021-09;0.011911789271703065
8213533889694327948;2021-08;0.008751141130433364
8213533889694327948;2021-08;0.0069852424393553394
8213533889694327948;2021-08;0.0069852424393553394
8213533889694327948;2021-08;0.006604251404393695
8213533889694327948;2021-09;0.012752801308710114
8213533889694327948;2021-09;0.013876882217860799
8213533889694327948;2021-09;0.009431521419116544
6020593949794792044;2021-08;0.12333731873917647
6020593949794792044;2021-09;0.37137441795685816
3285246914299291124;2021-08;0.0015534262485481997
3285246914299291124;2021-09;0.005936248300834211
3285246914299291124;2021-09;0.009922028724114634
3285246914299291124;2021-09;0.0012990196078431374
3285246914299291124;2021-09;0.001752640168970814
3511416927745338332;2021-08;0.007000504401258421
3511416927745338332;2021-09;0.01052567934927428
1997130697107291654;2021-08;0.03824503406341386
864510931144626280;2021-08;0.009491255909197978
5726884001073147293;2021-08;0.012770174753402324
8559143756893267192;2021-08;0.06061012518882449
8559143756893267192;2021-08;0.061060378868891825
7085295800541340563;2021-08;0.002934590876200829
7085295800541340563;2021-08;0.0011333655083655084
7085295800541340563;2021-08;0.017359025811691586
7085295800541340563;2021-09;0.08792444426142743
1958660709350677213;2021-08;0.06243878590659929
1958660709350677213;2021-09;0.05650454681827293
1958660709350677213;2021-09;0.05846422602910941
1958660709350677213;2021-09;0.08271011921173142
1958660709350677213;2021-09;0.1591957242411553
312543480920432545;2021-08;0.019494565977310682
312543480920432545;2021-08;0.019770653463169256
312543480920432545;2021-08;0.014094376555301926
312543480920432545;2021-08;0.011359728587096758
312543480920432545;2021-08;0.01119306192043009
312543480920432545;2021-09;0.018515141252025736
312543480920432545;2021-09;0.019438613455625267
312543480920432545;2021-09;0.029708196915997832
312543480920432545;2021-09;0.02826448172063621
312543480920432545;2021-09;0.025894117106523295
5786895437851445408;2021-08;0.040352082556475065
6914631631926429447;2021-08;0.052907763992544474
274692171162531764;2021-08;0.011273859232496025
274692171162531764;2021-08;0.01227385923249602
274692171162531764;2021-08;0.013204091790635556
274692171162531764;2021-09;0.024911157277439814
274692171162531764;2021-09;0.03066613298511697
274692171162531764;2021-09;0.03066613298511697
274692171162531764;2021-09;0.03066613298511697
274692171162531764;2021-09;0.03066613298511697
2088532321693492263;2021-08;0.017986467586434688
2088532321693492263;2021-08;0.029198380153829556
2088532321693492263;2021-09;0.3535830901003599
2088532321693492263;2021-09;0.03188771513671301
4335865859049992260;2021-08;0.003966256156805845
4335865859049992260;2021-09;0.003271578523882671
4335865859049992260;2021-09;0.005007983438352187
2209806355660046187;2021-08;0.005076994705417756
3218226066162129945;2021-08;0.1453729286078766
3218226066162129945;2021-09;0.2549935709434649
3218226066162129945;2021-09;0.298501199460726
6985631100944640910;2021-08;0.03596702254565823
5358243820364010940;2021-08;0.001821631878557875
5358243820364010940;2021-08;0.002861673678710884
5358243820364010940;2021-08;0.0012293460925039872
4588313530969303734;2021-08;0.026097490946842966
4588313530969303734;2021-08;0.02477423007338769
4588313530969303734;2021-09;0.08055133225854344
2033394215069562776;2021-08;0.02675261582794467
2033394215069562776;2021-08;0.02675261582794467
2033394215069562776;2021-09;0.0292842350537676
2033394215069562776;2021-09;0.029998520768053316
662944582644865942;2021-08;0.06871041789733866
662944582644865942;2021-09;0.09412356404552712
662944582644865942;2021-09;0.07336593346962073
662944582644865942;2021-09;0.07710086328686763
662944582644865942;2021-09;0.08078294556388167
662944582644865942;2021-09;0.09903752361353581
4874157215501489741;2021-08;0.02972819302771497
4874157215501489741;2021-08;0.030975982752924045
4874157215501489741;2021-08;0.030928528102639016
4874157215501489741;2021-09;0.025160726611466785
2371917341091102894;2021-08;0.03895975236416129
2819054834565698513;2021-08;0.13572909863837312
2819054834565698513;2021-08;0.12196280819530876
2819054834565698513;2021-09;0.058066336200959634
2819054834565698513;2021-09;0.04627058213992014
2819054834565698513;2021-09;0.025432594967214305
4675067298171588603;2021-08;0.10632434939598663
4675067298171588603;2021-08;0.12715981742241636
4675067298171588603;2021-08;0.14337804235050972
3118683330911759410;2021-08;0.14402065944248416
3118683330911759410;2021-09;0.14623252761663447
5460280878923715699;2021-08;0.006101042601042601
5460280878923715699;2021-08;0.0031893048128342244
5460280878923715699;2021-09;0.005930976362902359
7268895973869107930;2021-08;0.0036038394900923033
7268895973869107930;2021-08;0.0048627993756374215
7268895973869107930;2021-09;0.0014872448979591836
7268895973869107930;2021-09;0.0014872448979591836
1141681690629134039;2021-08;0.00738251848884365
8715120689636420963;2021-08;0.012210578009506201
940214356651040716;2021-08;0.12052460009190387
940214356651040716;2021-09;0.08459549198706962
940214356651040716;2021-09;0.08576442004974767
295375823203017296;2021-08;0.0030391986351288674
295375823203017296;2021-09;0.0034406987632794083
5528372913947954503;2021-08;0.019276623991192468
5528372913947954503;2021-09;0.010440179220630364
9108733472015251498;2021-08;0.0017264379764379766
3591324331706630867;2021-08;0.02091893455368737
3591324331706630867;2021-08;0.028000531962021853
3591324331706630867;2021-09;0.02169790347300625
8603678028264007695;2021-08;0.0026115779645191407
8603678028264007695;2021-09;0.0074040911874697305
8603678028264007695;2021-09;0.004878815906007915
6858769421191999702;2021-08;0.011241964526909754
6858769421191999702;2021-08;0.009858636238476028
6858769421191999702;2021-09;0.005391567358363669
6858769421191999702;2021-09;0.005397061863858175
8596605705893456305;2021-08;0.1219610552786638
8596605705893456305;2021-09;0.3328244263252744
8596605705893456305;2021-09;0.7173183920485083
8596605705893456305;2021-09;0.4949967832153071
8596605705893456305;2021-09;0.3046936564780934
8596605705893456305;2021-09;0.33757496905665724
8596605705893456305;2021-09;0.32326707133362964
8596605705893456305;2021-09;0.33370577868938545
5888474320320735000;2021-08;0.4790401789084276
5888474320320735000;2021-08;0.48123335645173143
5888474320320735000;2021-09;0.49575763848398485
5888474320320735000;2021-09;0.5004709729649779
5888474320320735000;2021-09;0.4852042624009672
6795467882769787169;2021-08;0.007270032209809652
6795467882769787169;2021-08;0.007270032209809652
6795467882769787169;2021-09;0.022304359254951226
6795467882769787169;2021-09;0.004887585532746823
6795467882769787169;2021-09;0.012249607958277486
6828316696355015040;2021-08;0.0010443307757885762
6828316696355015040;2021-08;0.0010443307757885762
6828316696355015040;2021-08;0.0019215237582447166
6828316696355015040;2021-09;0.0019334754575029173
6828316696355015040;2021-09;0.004070646565262261
1477629972594346481;2021-08;0.07393302095928025
1477629972594346481;2021-08;0.062383488508664806
1477629972594346481;2021-09;0.04564760450463303
1543875954928694094;2021-08;0.0018254055039183526
1543875954928694094;2021-08;0.002988743550558107
1543875954928694094;2021-08;0.0022213901689708145
1543875954928694094;2021-09;0.004701043823326432
5477900120643078645;2021-08;0.1015205251347814
5477900120643078645;2021-08;0.10620052378552206
5477900120643078645;2021-08;0.1054242247248803
5432443358006556295;2021-08;0.011612849318613075
5462970244186515758;2021-08;0.0009475806451612903
5462970244186515758;2021-08;0.007951806149114348
5462970244186515758;2021-09;0.006334394453876627
5462970244186515758;2021-09;0.009234629145012233
5462970244186515758;2021-09;0.007642000484303362
5462970244186515758;2021-09;0.006334394453876627
5462970244186515758;2021-09;0.0006825075834175935
665854826624598350;2021-08;0.030546052501680476
665854826624598350;2021-08;0.030546052501680476
665854826624598350;2021-08;0.020029431518840398
665854826624598350;2021-08;0.03088503555252793
665854826624598350;2021-08;0.029474623930251905
665854826624598350;2021-09;0.05434060376393567
665854826624598350;2021-09;0.032493533071898575
1738460583932152602;2021-08;0.4476386727213088
5864443060004179363;2021-08;0.002707136080238547
5864443060004179363;2021-08;0.0009191176470588236
5864443060004179363;2021-09;0.11755285157358618
5864443060004179363;2021-09;0.006079749172396232
5864443060004179363;2021-09;0.0019021739130434783
5864443060004179363;2021-09;0.0025271739130434782
5864443060004179363;2021-09;0.0030651923462232016
5864443060004179363;2021-09;0.005617927252425931
2508429106201166689;2021-08;0.0031044746011369886
2508429106201166689;2021-09;0.0
2508429106201166689;2021-09;0.0011330998868138086
1272921915900711149;2021-08;0.012338144019464415
1272921915900711149;2021-08;0.004562040957956066
1272921915900711149;2021-09;0.005031246273106738
7719481195372677540;2021-08;0.0009809981684981684
7719481195372677540;2021-09;0.002396259497369959
7719481195372677540;2021-09;0.0011893629456458212
1097345589386012260;2021-08;0.016933560879095866
5166128847048245697;2021-08;0.07318279067705184
5166128847048245697;2021-09;0.0883699265966537
5166128847048245697;2021-09;0.09678127893308561
1192891347324061812;2021-08;0.02790842042514566
1192891347324061812;2021-08;0.033816760494915846
1192891347324061812;2021-08;0.033816760494915846
1192891347324061812;2021-09;0.01716533713870143
1192891347324061812;2021-09;0.01716533713870143
1192891347324061812;2021-09;0.020886712477454817
1192891347324061812;2021-09;0.01716533713870143
1192891347324061812;2021-09;0.01716533713870143
1192891347324061812;2021-09;0.01716533713870143
1192891347324061812;2021-09;0.01716533713870143
1683619849073499603;2021-08;0.006571114438953706
1683619849073499603;2021-08;0.0037572156196943973
1683619849073499603;2021-08;0.003612903225806452
1683619849073499603;2021-08;0.003129398826979472
1683619849073499603;2021-09;0.008010398395383951
1683619849073499603;2021-09;0.004367455035492665
1683619849073499603;2021-09;0.008010398395383951
8195468623809753777;2021-08;0.0694923464763674
8195468623809753777;2021-09;0.053524083352939185
5883155883105348987;2021-08;0.044226247686998656
5883155883105348987;2021-08;0.03223563158192336
5883155883105348987;2021-09;0.5462580439942599
5883155883105348987;2021-09;0.06314295242194379
5883155883105348987;2021-09;0.05911283763168336
4571290108043699959;2021-08;0.015033711475935503
4571290108043699959;2021-08;0.010281532280705998
4571290108043699959;2021-09;0.006409048373922813
4571290108043699959;2021-09;0.0018154143897996355
4571290108043699959;2021-09;0.006186162703701665
4571290108043699959;2021-09;0.004248158866627235
4571290108043699959;2021-09;0.013872385375903826
4571290108043699959;2021-09;0.0025503350247202705
465309249432033993;2021-08;0.006795915470838072
465309249432033993;2021-08;0.001951048951048951
465309249432033993;2021-08;0.0110131266497259
465309249432033993;2021-08;0.005656768231949806
465309249432033993;2021-08;0.0016902927580893683
465309249432033993;2021-09;0.034526759068172846
9206030810342980458;2021-08;0.005613547047142284
9206030810342980458;2021-08;0.003757635717093023
9206030810342980458;2021-08;0.005315158173143655
9206030810342980458;2021-09;0.0072636349881379896
9206030810342980458;2021-09;0.006323464047967051
6330043096034525408;2021-08;0.1404826091543141
6330043096034525408;2021-08;0.15416773645013612
6330043096034525408;2021-08;0.13215407435101642
6330043096034525408;2021-08;0.14558371162092787
6330043096034525408;2021-09;0.31235475124260836
6330043096034525408;2021-09;0.08772493861341372
6330043096034525408;2021-09;0.660592218266158
6330043096034525408;2021-09;0.07822856909762065
6330043096034525408;2021-09;0.1350785297510589
6330043096034525408;2021-09;0.11781761927188589
3724562776372632620;2021-08;0.07364535834196329
3724562776372632620;2021-09;0.10900803072610421
7142043104834932013;2021-08;0.18501326374383684
7142043104834932013;2021-09;0.15769019557277847
6681781879793693802;2021-08;0.0031723632503912
7535160686416710323;2021-08;0.009142169351349247
7535160686416710323;2021-08;0.004795175207643309
7535160686416710323;2021-08;0.0031325009678668213
7535160686416710323;2021-09;0.010188988381204602
7770458886439606839;2021-08;0.09561859278235577
7770458886439606839;2021-08;0.11487578492876009
7770458886439606839;2021-08;0.11659121046067498
7770458886439606839;2021-09;0.1913918509233168
7770458886439606839;2021-09;0.29773250071898383
7770458886439606839;2021-09;0.14427299712198416
7770458886439606839;2021-09;0.1879461089470502
7770458886439606839;2021-09;0.1541121005448385
7770458886439606839;2021-09;0.20185931143557984
5304536516981778801;2021-08;0.004106831526737024
5304536516981778801;2021-08;0.00294828494518897
5304536516981778801;2021-08;0.0033283215752256
5304536516981778801;2021-08;0.005742691989174716
5304536516981778801;2021-09;0.0018406593406593407
5304536516981778801;2021-09;0.008287072698727702
5304536516981778801;2021-09;0.0010714285714285713
5304536516981778801;2021-09;0.011215988998167708
3279078057358159966;2021-08;0.029938800290133093
3279078057358159966;2021-08;0.030780353395983184
3279078057358159966;2021-09;0.028565257536446523
6337915293429442229;2021-08;0.03678554312793719
7992317448197179816;2021-08;0.010534919978468367
7992317448197179816;2021-08;0.011259310093043791
7992317448197179816;2021-09;0.003991341991341991
710593997981520423;2021-08;0.0053695689231403505
5611787644735474299;2021-08;0.011499055481536045
5611787644735474299;2021-08;0.0008333333333333333
5611787644735474299;2021-08;0.011499055481536045
5611787644735474299;2021-08;0.0001818181818181818
5611787644735474299;2021-08;0.0001818181818181818
5611787644735474299;2021-08;0.014355422054814384
5611787644735474299;2021-09;0.001696969696969697
5611787644735474299;2021-09;0.0018425111328337134
5611787644735474299;2021-09;0.0004382284382284382
5611787644735474299;2021-09;0.002350348123429325
5611787644735474299;2021-09;0.0011655011655011655
5611787644735474299;2021-09;0.002350348123429325
5611787644735474299;2021-09;0.00940727834659003
5611787644735474299;2021-09;0.0001818181818181818
5611787644735474299;2021-09;0.0015408249158249158
3822753345985951756;2021-08;0.017527484652264166
3822753345985951756;2021-08;0.019702927662437385
3822753345985951756;2021-08;0.014180954096318399
3822753345985951756;2021-09;0.0061196889500011
1028630885537616736;2021-08;0.013104609972003512
6217788509719675691;2021-08;0.008739042998829076
6217788509719675691;2021-09;0.005189121921044529
6217788509719675691;2021-09;0.29715696783394063
6217788509719675691;2021-09;0.006523952483187159
6217788509719675691;2021-09;0.006523952483187159
6217788509719675691;2021-09;0.005372323744283945
1827463638348028912;2021-08;0.005701988115186674
3095686599956852697;2021-08;0.002848657576577488
3095686599956852697;2021-08;0.004037878110458756
2951563549197799278;2021-08;0.016120386159029314
7944852965555666513;2021-08;0.00663736637616271
7944852965555666513;2021-09;0.008475470151948711
7963861799566207637;2021-08;0.005599284071179829
7963861799566207637;2021-08;0.008230655537206345
7963861799566207637;2021-09;0.0028688197835706262
7963861799566207637;2021-09;0.0027195660522273423
7963861799566207637;2021-09;0.006343312209391263
2735662700719640627;2021-08;0.06584787935826579
6271697692808086495;2021-08;0.008391483733703848
6271697692808086495;2021-09;0.005494345284359893
6271697692808086495;2021-09;0.007990229872781794
6885171468891031140;2021-08;0.0024951529951529948
6885171468891031140;2021-08;0.0006256109481915934
6885171468891031140;2021-09;0.01203479683633557
6885171468891031140;2021-09;0.011799020249648977
6754039979151386401;2021-08;0.008344693618371906
8609211777002937758;2021-08;0.004089822441568327
8609211777002937758;2021-08;0.006227415827637322
8609211777002937758;2021-09;0.007821648257377998
1044946691507317745;2021-08;0.001370468611847922
1044946691507317745;2021-08;0.003080655565439497
1044946691507317745;2021-09;0.0009396551724137931
1044946691507317745;2021-09;0.0009396551724137931
1044946691507317745;2021-09;0.005539403057905009
107343823625119033;2021-08;0.011503715696588826
107343823625119033;2021-09;0.0566761984404577
9052787288251876909;2021-08;0.0026905068452855894
9052787288251876909;2021-09;0.0015140830662211007
8090492548102964782;2021-08;0.1079737099049551
8090492548102964782;2021-09;0.2600838700997977
8196449005061156808;2021-08;0.004316502335780525
8196449005061156808;2021-09;0.005447530288104701
5635781225931111684;2021-08;0.008093806111795672
5635781225931111684;2021-09;0.009413702831704698
5635781225931111684;2021-09;0.007417037607249259
5635781225931111684;2021-09;0.007883697073908727
5635781225931111684;2021-09;0.006368944741757727
4071158585850879204;2021-08;0.010113548031682709
4071158585850879204;2021-09;0.00854531991454553
4071158585850879204;2021-09;0.004638362424384593
4071158585850879204;2021-09;0.004638362424384593
1617695035450525647;2021-08;0.0029416069295101553
1617695035450525647;2021-09;0.0003333333333333333
1617695035450525647;2021-09;0.04765785977748464
1617695035450525647;2021-09;0.0
1617695035450525647;2021-09;0.06179488200498537
1617695035450525647;2021-09;0.0035599027409372237
1617695035450525647;2021-09;0.01873387243577161
1617695035450525647;2021-09;0.0
5986344948775572227;2021-08;0.39934844045777745
1977574645216036803;2021-08;0.34425807358107646
1977574645216036803;2021-09;0.26749490338144144
8918635099296971351;2021-08;0.07683172015901275
2310272650667756227;2021-08;0.5852380672724097
5303720405946805990;2021-08;0.0031261269634724415
5303720405946805990;2021-08;0.0027115405769600966
5303720405946805990;2021-08;0.0031846046673632876
5303720405946805990;2021-08;0.015323998623541769
5303720405946805990;2021-08;0.003390138998164175
5303720405946805990;2021-09;0.008569960567091126
2763141362035716801;2021-08;0.013218311494737874
2763141362035716801;2021-09;0.01632930616311473
2763141362035716801;2021-09;0.016329351563929288
3036967290595689189;2021-08;0.005593990982516749
3036967290595689189;2021-08;0.0039563496746168195
3036967290595689189;2021-09;0.006873484861121737
1115703227712697214;2021-08;0.039922792298269574
1115703227712697214;2021-08;0.03611757039650572
1115703227712697214;2021-09;0.038838094713370894
1115703227712697214;2021-09;0.03229262434386418
1115703227712697214;2021-09;0.03274029876246884
7141263195360679278;2021-08;0.1507879127883318
7141263195360679278;2021-08;0.1508228459362157
7141263195360679278;2021-08;0.14970147277422774
6462952350255736003;2021-08;0.00832642969651511
6462952350255736003;2021-08;0.006639258880166341
6462952350255736003;2021-08;0.009451023060210622
6462952350255736003;2021-09;0.0008871513010098367
472772897496154354;2021-08;0.0021685463659147867
472772897496154354;2021-08;0.001882832080200501
472772897496154354;2021-09;0.004905756423451524
472772897496154354;2021-09;0.003699343893900696
8248484932270772248;2021-08;0.15041407956612596
8895896724713458749;2021-08;0.02691946284921354
8895896724713458749;2021-08;0.039604656881204396
8895896724713458749;2021-08;0.012543058835591439
8895896724713458749;2021-08;0.039604656881204396
8895896724713458749;2021-08;0.039604656881204396
8895896724713458749;2021-09;0.012654863559454133
8895896724713458749;2021-09;0.007783148662223439
8895896724713458749;2021-09;0.008761298763882468
5732713959930509093;2021-08;0.02553131708956086
4365965554261111250;2021-08;0.06631623025253792
4365965554261111250;2021-09;0.329927283960209
4365965554261111250;2021-09;0.35598665100476184
5430917218683822543;2021-08;0.03812888324050556
5430917218683822543;2021-08;0.03892986697027896
5430917218683822543;2021-09;0.0528770399105919
5430917218683822543;2021-09;0.030605391826940963
717981637594591016;2021-08;0.002416871416871417
717981637594591016;2021-09;0.0016931637519872816
511305041047444825;2021-08;0.042340595467601855
511305041047444825;2021-09;0.41664617887872796
511305041047444825;2021-09;0.039746098248389476
511305041047444825;2021-09;0.040116468618759844
2208316821038817776;2021-08;0.1972610931378243
2201150681962815877;2021-08;0.023027177043805653
2201150681962815877;2021-08;0.026929512760657505
2201150681962815877;2021-09;0.025675144172865098
2201150681962815877;2021-09;0.034047433811711596
3480297543931395935;2021-08;0.15257696678752874
3480297543931395935;2021-08;0.16754873611329033
8915958534285799867;2021-08;0.22095651565465688
652740132671309295;2021-08;0.0381039298741975
652740132671309295;2021-09;0.012600638983225231
7595945751692012281;2021-08;0.00599785931638061
7595945751692012281;2021-08;0.019360274305092687
7595945751692012281;2021-09;0.010230511224644618
7468724002190465812;2021-08;0.012961969046488341
3281617395243454427;2021-08;0.0129128087085274
1551531256789550891;2021-08;0.006609081678694344
1551531256789550891;2021-09;0.005274486827787112
8570963260597299378;2021-08;0.007184613121704701
8570963260597299378;2021-09;0.006609058565955117
8570963260597299378;2021-09;0.004369459542479414
8570963260597299378;2021-09;0.004360410242033455
8570963260597299378;2021-09;0.006555305424604645
8570963260597299378;2021-09;0.009523351657874652
8570963260597299378;2021-09;0.0069171287864280085
7613717984547031729;2021-08;0.00358395213483523
7613717984547031729;2021-08;0.006032568256515852
7613717984547031729;2021-09;0.001357960794462056
7613717984547031729;2021-09;0.0062195650466941085
7613717984547031729;2021-09;0.0006
7613717984547031729;2021-09;0.0007882352941176471
7613717984547031729;2021-09;0.00430803104941036
3258345688897172820;2021-08;0.11320132128670082
3258345688897172820;2021-09;0.36032431232484946
3258345688897172820;2021-09;0.10481072382556855
3258345688897172820;2021-09;0.10952953736192121
843896882208504179;2021-08;0.4005520401393852
7870373680211625064;2021-08;0.002164999414999415
410843023337872279;2021-08;0.5783909713651229
410843023337872279;2021-09;0.1766541913651505
410843023337872279;2021-09;0.007557628143767383
5225029212547588718;2021-08;0.006625881690685837
5225029212547588718;2021-08;0.00938834390444746
5225029212547588718;2021-09;0.004459759294724732
5225029212547588718;2021-09;0.02836001111950197
5225029212547588718;2021-09;0.012119087634653171
5225029212547588718;2021-09;0.0064700806688022874
5225029212547588718;2021-09;0.014707603403397787
5225029212547588718;2021-09;0.016112626951278478
7686361238195690925;2021-08;0.015347637227074702
7686361238195690925;2021-09;0.02798557257542811
873223039957991123;2021-08;0.005035290449922039
873223039957991123;2021-09;0.014841143686434556
3027683745465216663;2021-08;0.007902595939153321
2003221759676247813;2021-08;0.006306181847308845
2322847438374159400;2021-08;0.00934923091961393
2322847438374159400;2021-09;0.0017687940040881217
1696462947583294958;2021-08;0.009720022864544145
1696462947583294958;2021-09;0.034691709156714996
6987942592445950913;2021-08;0.0015277959165904836
6987942592445950913;2021-08;0.0023010609462222366
6987942592445950913;2021-09;0.0020274472604422393
6987942592445950913;2021-09;0.0008068181818181819
8854680481766219396;2021-08;0.15026278590006323
8854680481766219396;2021-08;0.15026278590006323
8854680481766219396;2021-08;0.18720878322852424
8854680481766219396;2021-09;0.15141370964514972
2870813069335519467;2021-08;0.008453167359981915
2870813069335519467;2021-09;0.007316131981567227
1000372849175668062;2021-08;0.4245541253282986
1000372849175668062;2021-08;0.0024104664381328373
7031913170099381454;2021-08;0.1261157201632866
7031913170099381454;2021-09;0.23319249343310872
1106971614386004604;2021-08;0.09942548698808164
3472934456083131714;2021-08;0.006104456129706408
3472934456083131714;2021-08;0.015792548181444366
3472934456083131714;2021-09;0.005236810603189914
2032592272238235730;2021-08;0.010871224724769014
2032592272238235730;2021-09;0.01337459068625695
7637066986811047950;2021-08;0.009730475119171033
7637066986811047950;2021-09;0.013042825280652854
2347028805684088098;2021-08;0.024777520447007113
2347028805684088098;2021-08;0.022430814285575185
2347028805684088098;2021-09;0.034024598104461366
2347028805684088098;2021-09;0.016057504448362483
2347028805684088098;2021-09;0.020498376616519917
2347028805684088098;2021-09;0.01672947358880322
2347028805684088098;2021-09;0.008592796944141256
2347028805684088098;2021-09;0.01575279683632968
2347028805684088098;2021-09;0.009875433764736982
2634859679238614382;2021-08;0.015421125306903878
2634859679238614382;2021-09;0.0024597514554411106
2634859679238614382;2021-09;0.004787658605454167
2634859679238614382;2021-09;0.0010815047021943574
2634859679238614382;2021-09;0.0015612648221343872
2634859679238614382;2021-09;0.0024597514554411106
1661240395903230676;2021-08;0.06499255530874636
1661240395903230676;2021-09;0.04885581167027476
1661240395903230676;2021-09;0.04497262810159696
8748106677402909629;2021-08;0.06461863387689502
4495596792165551705;2021-08;0.03623795834106051
6242636379248496392;2021-08;0.012123108308038205
6242636379248496392;2021-08;0.013168543655581262
6242636379248496392;2021-08;0.0121273492844091
6242636379248496392;2021-09;0.0013775257001063454
6242636379248496392;2021-09;0.002592773892773893
2535803443850893368;2021-08;0.03946604982460718
7529137091657891207;2021-08;0.08280414593155826
5136739522477907100;2021-08;0.020428655527162425
5136739522477907100;2021-08;0.009744189931689932
5136739522477907100;2021-09;0.0101825078516255
5274777191770957761;2021-08;0.18855653924692642
5274777191770957761;2021-09;0.6071750501348622
5274777191770957761;2021-09;0.3189429589055148
5091704914816802802;2021-08;0.038805925320585945
8919892162361650175;2021-08;0.0422015889420928
8919892162361650175;2021-09;0.03693225834216249
8919892162361650175;2021-09;0.03361553340043754
6547872039250784411;2021-08;0.7415723508453971
4465150716052427320;2021-08;0.012910774784604633
4465150716052427320;2021-09;0.29053742905504215
4465150716052427320;2021-09;0.007386764154784502
4465150716052427320;2021-09;0.014403740702366935
4465150716052427320;2021-09;0.003571952076635634
4465150716052427320;2021-09;0.0038763335601590325
4465150716052427320;2021-09;0.004751818660430236
4465150716052427320;2021-09;0.0031071574466624324
4183921942053157552;2021-08;0.012164783799705791
4183921942053157552;2021-09;0.02733740285894716
4183921942053157552;2021-09;0.025534806719099815
963687627963462983;2021-08;0.00617032313873238
2778852475840838977;2021-08;0.06323134094753975
8041261093764417881;2021-08;0.009374296059796451
3538481420098344176;2021-08;0.5984069463283932
8174633018998080168;2021-08;0.007571800631176272
39547025441582855;2021-08;0.04061178665891724
39547025441582855;2021-09;0.0833587167610635
8901696535927078963;2021-08;0.003937218990160166
8901696535927078963;2021-09;0.005966077790745722
8901696535927078963;2021-09;0.005966077790745722
8901696535927078963;2021-09;0.0034093879593879595
8901696535927078963;2021-09;0.004486576899480125
8901696535927078963;2021-09;0.010484852372116625
6367769402148499693;2021-08;0.005466953104448729
6367769402148499693;2021-09;0.00607934657934658
8503092146854371576;2021-08;0.007932474257898304
8503092146854371576;2021-09;0.002386387435953247
8512214463586144353;2021-08;0.006374308750399143
8512214463586144353;2021-09;0.006774268012582141
8512214463586144353;2021-09;0.0004
8512214463586144353;2021-09;0.010918756825293328
9175443729335908760;2021-08;0.07663909342455252
3632378524835692731;2021-08;0.017134064426651382
4018182555897034052;2021-08;0.0003225806451612903
4018182555897034052;2021-08;0.0017142857142857142
4018182555897034052;2021-09;0.001141456582633053
4018182555897034052;2021-09;0.06329474958577515
6394935036014530592;2021-08;0.004156458511800804
6394935036014530592;2021-09;0.005788375081519455
5078307295214858596;2021-08;0.005671456538126155
903093877129717133;2021-08;0.010583821093684703
903093877129717133;2021-08;0.005960033570606423
903093877129717133;2021-08;0.007492177965784901
903093877129717133;2021-08;0.00799528539090311
903093877129717133;2021-09;0.005671287766905485
903093877129717133;2021-09;0.0018391310012377043
903093877129717133;2021-09;0.002228993077146292
903093877129717133;2021-09;0.0018391310012377043
5042877476420217533;2021-08;0.01535412704597542
5042877476420217533;2021-08;0.0031034482758620693
5042877476420217533;2021-09;0.00711231510313904
2006188298374001315;2021-08;0.0032129010695187165
2006188298374001315;2021-09;0.003086876230925174
2006188298374001315;2021-09;0.0050802591920500705
6926309382371178621;2021-08;0.002744879858087406
5689766561863956319;2021-08;0.012682911267060615
5689766561863956319;2021-08;0.007929263591293973
5689766561863956319;2021-09;0.005811517649725198
5689766561863956319;2021-09;0.005143520106727655
2773493808492482979;2021-08;0.0015564211807668898
2773493808492482979;2021-09;0.0035708161874152184
6731795019313479942;2021-08;0.010967816029173365
7451017400765373278;2021-08;0.004320347140498574
7451017400765373278;2021-09;0.0044335364329501515
3357976326879346012;2021-08;0.10409591374286321
3357976326879346012;2021-09;0.16311394561754092
3357976326879346012;2021-09;0.16311394561754092
6722781660631652440;2021-08;0.008070595856707503
6056959220685085102;2021-08;0.1764268259512679
3281818438120834833;2021-08;0.01968941799885362
3281818438120834833;2021-09;0.01593409342242129
6055278873962623670;2021-08;0.02174131117267867
6055278873962623670;2021-08;0.0359106632182633
8374461419511631785;2021-08;0.0796979248953943
8374461419511631785;2021-09;0.07454848728056511
8374461419511631785;2021-09;0.057052079234588104
5301988619224057921;2021-08;0.2979327522210155
5301988619224057921;2021-09;0.370429451573957
5301988619224057921;2021-09;0.3776067597443604
5301988619224057921;2021-09;0.7234841168815228
5301988619224057921;2021-09;0.7251527366277375
5301988619224057921;2021-09;0.3710538751289758
5301988619224057921;2021-09;0.3710538751289758
1235244772550233980;2021-08;0.003155166107970811
1235244772550233980;2021-08;0.0034581964110011144
1235244772550233980;2021-09;0.0049597726069861925
1235244772550233980;2021-09;0.004211506536139477
2780030912070252968;2021-08;0.2609784166085309
4090195792518021727;2021-08;0.0021689450899977213
1778014915038250584;2021-08;0.08187239522038758
1778014915038250584;2021-09;0.12438643803232767
2658946240987854807;2021-08;0.009560672986579222
2658946240987854807;2021-08;0.006333070668858099
2658946240987854807;2021-09;0.016752385359828856
2658946240987854807;2021-09;0.01590162292508915
4566920105008626302;2021-08;0.004856156725452626
7628167057144760589;2021-08;0.015159129223434282
7628167057144760589;2021-09;0.009881145569845508
7628167057144760589;2021-09;0.007427141779186688
5893903674205161232;2021-08;0.0
4769364850030443969;2021-08;0.061348547624430184
3682570285558758138;2021-08;0.009612607846614475
6950439982480713649;2021-08;0.11971184748158223
6950439982480713649;2021-09;0.10447059574005867
6950439982480713649;2021-09;0.08132374717702354
6784879562354696650;2021-08;0.12064747644816082
6784879562354696650;2021-09;0.056101665091226056
6784879562354696650;2021-09;0.05755135327359342
6784879562354696650;2021-09;0.060862136382991885
8464769152264029983;2021-08;0.003502479127509418
5735794880899687600;2021-08;0.02869120513351732
5735794880899687600;2021-09;0.03007497052422368
5735794880899687600;2021-09;0.02037636698187504
6545052034269841737;2021-08;0.00024390243902439024
6545052034269841737;2021-09;0.0033544973544973543
6545052034269841737;2021-09;0.0033544973544973543
6545052034269841737;2021-09;0.07015559267105537
4762256864594914240;2021-08;0.009396005304002551
4762256864594914240;2021-09;0.008423606181690767
4762256864594914240;2021-09;0.006856269386510722
4762256864594914240;2021-09;0.008429655788466326
6865071386683133124;2021-08;0.005103582037918061
7105441534376526569;2021-08;0.1475432570485421
1574054842704135993;2021-08;0.0071017487971745
2335982750277990437;2021-08;0.0685039465964091
2335982750277990437;2021-09;0.10075524680816354
5511113649464808344;2021-08;0.04600037608375736
8400764778654490278;2021-08;0.015430909389844365
8400764778654490278;2021-09;0.024449771636246134
8400764778654490278;2021-09;0.15312064067892922
8400764778654490278;2021-09;0.024480074666549164
6546850858912852316;2021-08;0.7933697199622132
6546850858912852316;2021-08;0.06739372447861555
6546850858912852316;2021-09;0.03181174184357034
2432667449154431819;2021-08;0.426326440343367
2432667449154431819;2021-09;0.41892555619914096
1368430815953333691;2021-08;0.08455663464201246
4717593620120611957;2021-08;0.00429847494938496
4717593620120611957;2021-09;0.005109010765885405
15070048310374146;2021-08;0.2835144211243045
15070048310374146;2021-08;0.2828477544576378
15070048310374146;2021-09;0.2631183552778623
3668905663669864663;2021-08;0.0019696166754990287
3668905663669864663;2021-09;0.002638297872340426
180672270337706285;2021-08;0.3473362613790629
4532469127306079736;2021-08;0.01415817183850942
4532469127306079736;2021-09;0.09499529309666295
4532469127306079736;2021-09;0.012652621310093495
4532469127306079736;2021-09;0.005520715638512792
9060693308980292489;2021-08;0.042659037371491786
9127318190908282126;2021-08;0.014600187412853086
4296149971687628223;2021-08;0.0041790339744407065
4342146186255136598;2021-08;0.007638240102884251
4342146186255136598;2021-09;0.00522139718770844
4342146186255136598;2021-09;0.012092204092204094
3095408468798675621;2021-08;0.002687925729747801
3095408468798675621;2021-09;0.0
3095408468798675621;2021-09;0.000689655172413793
8083157716178259762;2021-09;0.0005718954248366013
3713742318997880410;2021-09;0.0018635204081632654
3713742318997880410;2021-09;0.0013217085614733697
1044568737046072781;2021-09;0.03749004581759294
1044568737046072781;2021-09;0.02643975100393282
798425422240919854;2021-09;0.002328921296663232
798425422240919854;2021-09;0.00578560188013188
798425422240919854;2021-09;0.0036109725787145143
5369576709077493659;2021-09;0.08685609509142152
5369576709077493659;2021-09;0.08685609509142152
5369576709077493659;2021-09;0.08552281900668617
984915269987074754;2021-09;0.0019916256157635464
984915269987074754;2021-09;0.0024477180527383365
984915269987074754;2021-09;0.031235951730546444
984915269987074754;2021-09;0.0019916256157635464
984915269987074754;2021-09;0.0025777038077240914
2678966409665050034;2021-09;0.0007769145394006659
2678966409665050034;2021-09;0.000588235294117647
2678966409665050034;2021-09;0.0007769145394006659
2678966409665050034;2021-09;0.0007769145394006659
4898797487317475277;2021-09;0.03408536059463761
4898797487317475277;2021-09;0.03597812114370952
6547707428090179960;2021-09;0.0014572635515840385
6547707428090179960;2021-09;0.0030518527577351106
6547707428090179960;2021-09;0.0002941176470588235
8859064595603380512;2021-09;0.03326065709427923
1234611356650812259;2021-09;0.05278269062687221
4334472256949955221;2021-09;0.006315098372651602
4334472256949955221;2021-09;0.003564437253078227
2900002014851776114;2021-09;0.29933989674847444
6368582840625614207;2021-09;0.010038698470963357
4993499380140734678;2021-09;0.014999111713159718
4993499380140734678;2021-09;0.014999111713159718
4993499380140734678;2021-09;0.015602377185750905
4993499380140734678;2021-09;0.018245576997371487
18719614953021044;2021-09;0.11445127428671902
3228830386980584958;2021-09;0.0037211149258857875
3228830386980584958;2021-09;0.0037211149258857875
5263285038415073073;2021-09;0.024859750635535086
5263285038415073073;2021-09;0.015573717079639983
5263285038415073073;2021-09;0.015573717079639983
3137879241768961145;2021-09;0.00811076646701197
3137879241768961145;2021-09;0.007875723731969235
4714214581184951490;2021-09;0.0015835042150831623
4714214581184951490;2021-09;0.0003333333333333333
4714214581184951490;2021-09;0.0006060606060606061
4781265535199914934;2021-09;0.07019777195434354
4781265535199914934;2021-09;0.634842003064897
4781265535199914934;2021-09;0.7859810359235305
4919908458022265747;2021-09;0.0047418355785696234
4919908458022265747;2021-09;0.012152992356478083
6198047969028248384;2021-09;0.0009721082854799015
6198047969028248384;2021-09;0.00292311390855844
5860276371789140450;2021-09;0.018679558160760435
5791518044186095039;2021-09;0.011411256471255397
5791518044186095039;2021-09;0.012256215804253812
4061297388883391410;2021-09;0.004235274227361871
2814790209436551216;2021-09;0.026293188068093255
2814790209436551216;2021-09;0.04686101873466456
2106875407768047316;2021-09;0.0026014413428206533
1192810733461560329;2021-09;0.007281787884411711
1192810733461560329;2021-09;0.004696578690127078
1192810733461560329;2021-09;0.004696578690127078
1192810733461560329;2021-09;0.0014903225806451612
1192810733461560329;2021-09;0.003675531774929795
1192810733461560329;2021-09;0.006142979096608128
5540361570968095722;2021-09;0.0023059866962305987
8548612698724688238;2021-09;0.058473646848885216
2455576782104041698;2021-09;0.06393695668912741
2455576782104041698;2021-09;0.05684769086133264
3421433989501830226;2021-09;0.07300994119199233
3421433989501830226;2021-09;0.07628118503435687
2233850024349336054;2021-09;0.026942479860119595
1088521227159442264;2021-09;0.03614885636368039
1088521227159442264;2021-09;0.030245508083022798
1088521227159442264;2021-09;0.02504936721736874
1088521227159442264;2021-09;0.02576061049627406
1088521227159442264;2021-09;0.02504936721736874
1088521227159442264;2021-09;0.0394146756158647
1002362614649347438;2021-09;0.06458435325296874
1002362614649347438;2021-09;0.0655503909888178
6284433051333854194;2021-09;0.005710935325890462
8828303152301461681;2021-09;0.07619588046400426
8828303152301461681;2021-09;0.07140482414113448
6927178425683104769;2021-09;0.008830765144459067
6927178425683104769;2021-09;0.0034816897480257447
6927178425683104769;2021-09;0.003918069186458974
7182085930008391174;2021-09;0.0172047758788688
7182085930008391174;2021-09;0.023490656623944273
7182085930008391174;2021-09;0.014919942917344104
8398000036517692656;2021-09;0.12959212500223907
4972567100282306577;2021-09;0.018328263167332687
4972567100282306577;2021-09;0.020864105461239495
4972567100282306577;2021-09;0.020129010061361315
8750634267020436314;2021-09;0.22528978007115255
3275327267689584006;2021-09;0.26574523509202863
3275327267689584006;2021-09;0.770734049919498
255928150711119413;2021-09;0.34388228224550127
4995679129936981612;2021-09;0.05508001581559714
4995679129936981612;2021-09;0.020161009563712494
7664272163315705419;2021-09;0.008924072572311112
7664272163315705419;2021-09;0.008618118994298709
1611146298923153842;2021-09;0.014543377060896041
1611146298923153842;2021-09;0.010390598265143576
8961924617442201922;2021-09;0.009735697300472216
8961924617442201922;2021-09;0.10495238193020573
8961924617442201922;2021-09;0.007309236461506614
7671566034617837932;2021-09;0.012886251418878936
7671566034617837932;2021-09;0.012664306294759897
6643358471662528195;2021-09;0.0014801364023870416
1698828605814171242;2021-09;0.008089878548575345
1698828605814171242;2021-09;0.006351288779132582
1182975716201409626;2021-09;0.0051882800672057895
1182975716201409626;2021-09;0.0051882800672057895
1182975716201409626;2021-09;0.004323656823272201
6871485876456523363;2021-09;0.019979136126465
2549266739079962864;2021-09;0.6297934481494947
4537982850248578883;2021-09;0.011667392656906174
4537982850248578883;2021-09;0.005554240675767046
4537982850248578883;2021-09;0.008386243867180237
4537982850248578883;2021-09;0.0076284979276358585
5694881483989656694;2021-09;0.05224740437226739
1788369195969129749;2021-09;0.007415243800127523
1788369195969129749;2021-09;0.01774491771167839
4235078665660987689;2021-09;0.07060381492060477
4235078665660987689;2021-09;0.07167718448582217
86110062990790869;2021-09;0.11368660396036401
86110062990790869;2021-09;0.054834021595430424
86110062990790869;2021-09;0.05896262348998976
2805743565496207618;2021-09;0.05755802694253221
2805743565496207618;2021-09;0.004862841553843251
4395946187332973749;2021-09;0.010725254608909766
7920896580423665241;2021-09;0.003167751405773227
7920896580423665241;2021-09;0.13676577083129376
7920896580423665241;2021-09;0.0007019704433497537
5271591321704178730;2021-09;0.30929034892634094
5271591321704178730;2021-09;0.014233059889755616
8680213253228719510;2021-09;0.03393222824725843
3832944730982767714;2021-09;0.022952054605867345
7231408738455755015;2021-09;0.810889569207786
7231408738455755015;2021-09;0.5184985663001898
4537268360654655629;2021-09;0.05953708694208973
3888528635045328222;2021-09;0.3235038393875344
3888528635045328222;2021-09;0.030376937801826355
8552039412779393821;2021-09;0.04426444853232365
3970572142453508637;2021-09;0.202948763983031
7367321179169390502;2021-09;0.6333171233197458
2380458252615213706;2021-09;0.0797037132212782
2380458252615213706;2021-09;0.0797037132212782
2380458252615213706;2021-09;0.07564944965538672
5055200744384119654;2021-09;0.011916856268896674
4858887739802767402;2021-09;0.058316264582417926
2772135008486239291;2021-09;0.18435799551484292
6617479989097680138;2021-09;0.3348360952390537
6617479989097680138;2021-09;0.062128252280488155
1668564607105585557;2021-09;0.3617039429705748
345033315379741874;2021-09;0.01985624752589488
1423952977138155129;2021-09;0.0002857142857142857
1423952977138155129;2021-09;0.0002857142857142857
1637960623843047520;2021-09;0.43138733592741846
1637960623843047520;2021-09;0.09884735045799725
1637960623843047520;2021-09;0.11045823792915399
7444686668183702737;2021-09;0.008805430753557426
7444686668183702737;2021-09;0.010475403892310909
7444686668183702737;2021-09;0.0075964749175118085
510795635145114083;2021-09;0.008491626339815055
510795635145114083;2021-09;0.011375270759247264
510795635145114083;2021-09;0.009919112155418481
510795635145114083;2021-09;0.011280823644171713
904857901361577913;2021-09;0.046405588460253104
7692335720341018458;2021-09;0.004222793508535624
1507697130807703164;2021-09;0.006499644744527287
1507697130807703164;2021-09;0.015335970711753086
1507697130807703164;2021-09;0.019085970711753084
8706851346184249504;2021-09;0.010740970772122332
9099218788416728596;2021-09;0.7548334799458424
3605652314611460806;2021-09;0.004361378205128205
5058298901476893676;2021-09;0.01559060912985909
3555655653190753786;2021-09;0.2176040640239057
4392369075438855735;2021-09;0.10118037868461592
4392369075438855735;2021-09;0.10118037868461592
8255085612985072878;2021-09;0.013567741567250826
8255085612985072878;2021-09;0.005388719124013241
8255085612985072878;2021-09;0.013567741567250826
8255085612985072878;2021-09;0.013567741567250826
8255085612985072878;2021-09;0.045072633628594504
1741049493106216406;2021-09;0.06016818740870136
5562543665139612149;2021-09;0.03810105178319937
5562543665139612149;2021-09;0.03020853220636413
7200509200540839533;2021-09;0.008823521114809423
5503391736465275980;2021-09;0.004644790224023307
4662079815415471798;2021-09;0.1435428172624674
5931905128207886847;2021-09;0.10392611270689038
5795100045494475994;2021-09;0.003659065655270589
5503073374822479037;2021-09;0.07742856076887128
5503073374822479037;2021-09;0.15716866769003912
5503073374822479037;2021-09;0.11276386842866584
7750874287225529604;2021-09;0.023653318962775026
93982185886107798;2021-09;0.004294868278637154
93982185886107798;2021-09;0.006023929829932722
968400235888951633;2021-09;0.010859399359770944
7816319470107777265;2021-09;0.08878379465936853
7816319470107777265;2021-09;0.1202628081086578
3283662016127058429;2021-09;0.007386039282609444
7815839878620843192;2021-09;0.25148913438797754
8385636129786687263;2021-09;0.05947317868017141
9016049685460415544;2021-09;0.28394998573728375
1334091158016312155;2021-09;0.0021672776148582602
4165983075385227812;2021-09;0.0014224941724941724
4165983075385227812;2021-09;0.007523732921962235
4817816966382229074;2021-09;0.01839821859923728
4817816966382229074;2021-09;0.0222372843248436
4817816966382229074;2021-09;0.01839821859923728
7120090169052575663;2021-09;0.0030596923970852103
7120090169052575663;2021-09;0.004729815284950033
7120090169052575663;2021-09;0.004729815284950033
5162621729453966204;2021-09;0.035115946406678214
1059336566956767188;2021-09;0.0038284107579727895
4284129442855564250;2021-09;0.017995256497593818
5376084855227654309;2021-09;0.1085613609355417
5376084855227654309;2021-09;0.06895552060398305
7171835894416689226;2021-09;0.08361007163400166
234898976850399181;2021-09;0.01740346069860145
5448628641564935127;2021-09;0.02961578381519455
4043546053926060305;2021-09;0.504053310543933
4541506527938763361;2021-09;0.05507857989778595
4541506527938763361;2021-09;0.05234343585464484
1874387298050692165;2021-09;0.007164874976356169
2119292203323657032;2021-09;0.011073004165293452
2119292203323657032;2021-09;0.009200926747286646
8724731934863284019;2021-09;0.004843138020419968
8724731934863284019;2021-09;0.006015494600437838
7246466789138290692;2021-09;0.0015094138451136425
3812760626052898456;2021-09;0.002793084455324357
5198904647759787695;2021-09;0.20095189811285896
8511588642284189303;2021-09;0.009163936138627425
7462607259426026440;2021-09;0.008694528262846135
3022528659032597047;2021-09;0.007594521523008995
3022528659032597047;2021-09;0.011234544576084193
4228701400180066884;2021-09;0.5110327298560967
3915426102465954493;2021-09;0.004908287260111102
1040994770557588198;2021-09;0.2196839314761801
8313765100460016738;2021-09;0.3279901272066476
6134696632487351445;2021-09;0.0024971254775416345
6134696632487351445;2021-09;0.0025673009161381257
7215053254854713098;2021-09;0.005129564981102699
4614484019183480654;2021-09;0.001683016058016058
3183208564139585182;2021-09;0.5157547962716287
6532139198609901627;2021-09;0.005482707152965774
5706551050445880395;2021-09;0.34467511785069815
493667100055938118;2021-09;0.5016036898094313
4351694415353093046;2021-09;0.4922994650844476
5993765508162121762;2021-09;0.04150998475706251
3698481516392183789;2021-09;0.0036507121910347717
665505091521986356;2021-09;0.002469449557064286
4559400286159883576;2021-09;0.12351536763970483
7236776406341522879;2021-09;0.009341322467085293
1414132620714431952;2021-09;0.14086725668811778
5255460548789019114;2021-09;0.014880032818325183
4095739077267179172;2021-09;0.06458758802908092
2988042199057874759;2021-09;0.021549235353817184
1462395707491634845;2021-09;0.23738583625402224
6721448955097663572;2021-09;0.008829110884319775
6721448955097663572;2021-09;0.009487200938748276
4052557282157719526;2021-09;0.00490838446489707
8684964138237894839;2021-09;0.013158929068225191
4189705495607963592;2021-09;0.09455688593122417
3592461881055047578;2021-09;0.08381420184528465
2307201111381758912;2021-09;0.0022509565905792324
5547032541615425352;2021-09;0.021252018486191303
7779268298304613772;2021-09;0.005647302865671344
5574997762710520717;2021-09;0.0069649384611773
7754936094607992857;2021-09;0.013564103156742115
8829286411654484379;2021-09;0.15119016579555514
6012031176108922616;2021-09;0.030290261342990083
8245393384938410770;2021-09;0.011660702039057592
4660230701075746534;2021-09;0.18911824963151416
6352592240901579272;2021-09;0.0023896824055292614
7060969657673447359;2021-09;0.06694423724094636
4512887927067894301;2021-09;0.12373790461895208
1467843186411742274;2021-09;0.011912451211116028
4937566934664053767;2021-09;0.21793914832838815
3386019519917828299;2021-09;0.004713461270698112
4187591029730357479;2021-09;0.12047103587207238
6999154286942764669;2021-09;0.3687781362603797
6999154286942764669;2021-09;0.36287225144205254
7662578945735335954;2021-09;0.34932672856262104
2493305884832539159;2021-09;0.10444352186730735
3592639146446725280;2021-09;0.09917321693643237
5758033363847724111;2021-09;0.003528407164523317
5558533999208199371;2021-09;0.3933241107530806
4950871361132426979;2021-09;0.09148020031752253
1717812527056208209;2021-09;0.3499601669762082
1396078312562623766;2021-09;0.10956554330161367
1951407691087813358;2021-09;0.004445133085437789
8536031856585966123;2021-09;0.009499727695290094
2444743522510084109;2021-09;0.13837222932342297
4641659186059167709;2021-09;0.07262307222701149
4850722092974676955;2021-09;0.0332463013862088
4850722092974676955;2021-09;0.020054652335824655
4850722092974676955;2021-09;0.02022586142993715
4850722092974676955;2021-10;0.03435449686216067
4850722092974676955;2021-10;0.03574605482547726
8409181491723988567;2021-09;0.01603467794542848
8409181491723988567;2021-09;0.014563981974732507
8409181491723988567;2021-10;0.0587830157401846
8409181491723988567;2021-10;0.009241098212535343
1329553496073467331;2021-09;0.01140435934373397
1329553496073467331;2021-10;0.013779993069605548
6615694774618628402;2021-09;0.052121412216085156
6615694774618628402;2021-09;0.03598787414743531
6615694774618628402;2021-09;0.045867943380995896
6615694774618628402;2021-09;0.043658902852055766
8829286411654484379;2021-09;0.15506317138675738
6964108750473070287;2021-09;0.040843238852873734
6964108750473070287;2021-09;0.03976333010744775
6964108750473070287;2021-09;0.10174723903318805
6964108750473070287;2021-09;0.10980178611666268
6964108750473070287;2021-09;0.03433839432001196
6964108750473070287;2021-09;0.05071947541141915
6964108750473070287;2021-09;0.04113735649993256
6964108750473070287;2021-09;0.040843238852873734
6964108750473070287;2021-09;0.03433839432001196
6964108750473070287;2021-09;0.03433839432001196
6964108750473070287;2021-09;0.03433839432001196
6964108750473070287;2021-09;0.04445034134156138
6964108750473070287;2021-09;0.10961695562107104
6964108750473070287;2021-09;0.1385881991151805
6964108750473070287;2021-09;0.03433839432001196
6964108750473070287;2021-09;0.10174723903318805
6964108750473070287;2021-09;0.040843238852873734
6964108750473070287;2021-09;0.08606172842310848
6964108750473070287;2021-09;0.14582957842552532
6964108750473070287;2021-10;0.053787718520268965
6964108750473070287;2021-10;0.04321055965363642
6964108750473070287;2021-10;0.053787718520268965
6964108750473070287;2021-10;0.04321055965363642
6964108750473070287;2021-10;0.03459715692733046
6964108750473070287;2021-10;0.03459715692733046
6964108750473070287;2021-10;0.11195351644215039
6964108750473070287;2021-10;0.11195351644215039
6964108750473070287;2021-10;0.045174315793963006
6964108750473070287;2021-10;0.03459715692733046
6964108750473070287;2021-10;0.03459715692733046
6964108750473070287;2021-10;0.03459715692733046
6964108750473070287;2021-10;0.11195351644215039
6964108750473070287;2021-10;0.03459715692733046
6964108750473070287;2021-10;0.06910259257064881
6964108750473070287;2021-10;0.052724381575847926
6964108750473070287;2021-10;0.04951570965351259
6964108750473070287;2021-10;0.04321055965363642
6964108750473070287;2021-10;0.057003839157713135
6964108750473070287;2021-10;0.03602165835183189
6964108750473070287;2021-10;0.03602165835183189
6964108750473070287;2021-10;0.03602165835183189
6964108750473070287;2021-10;0.04797475015689738
6964108750473070287;2021-10;0.18502915646064683
6964108750473070287;2021-10;0.1896461336863197
6964108750473070287;2021-10;0.1896461336863197
6964108750473070287;2021-10;0.1896461336863197
3960251564708868781;2021-09;0.04774198315971731
3960251564708868781;2021-09;0.10350025243322103
3960251564708868781;2021-09;0.1141007415354343
3960251564708868781;2021-10;0.04684022361012001
1000372849175668062;2021-09;0.002254997737914776
1000372849175668062;2021-10;0.0012575581395348838
1000372849175668062;2021-10;0.0013146551724137932
1308019675417057675;2021-09;0.003821678874188054
1308019675417057675;2021-09;0.009243873544102811
1308019675417057675;2021-10;0.006314749707367998
1308019675417057675;2021-10;0.019700895722235302
1308019675417057675;2021-10;0.003881430319986011
4714214581184951490;2021-09;0.0030728640040444894
4714214581184951490;2021-09;0.00465909090909091
4714214581184951490;2021-09;0.0036459277156951574
4714214581184951490;2021-10;0.009896980932070669
2634859679238614382;2021-09;0.0039384522562478175
2634859679238614382;2021-09;0.0017979797979797978
2634859679238614382;2021-09;0.0025326933935629586
2634859679238614382;2021-09;0.0025326933935629586
2634859679238614382;2021-09;0.0014148380355276907
2634859679238614382;2021-10;0.002349208918268139
2634859679238614382;2021-10;0.008658024574837494
459290606780222306;2021-09;0.0237817362551716
459290606780222306;2021-09;0.0237817362551716
459290606780222306;2021-09;0.044136990247728616
459290606780222306;2021-09;0.024825100936467316
459290606780222306;2021-09;0.047087375801889604
459290606780222306;2021-09;0.020624850976216965
459290606780222306;2021-09;0.043619748868418275
459290606780222306;2021-09;0.047087375801889604
459290606780222306;2021-09;0.02468579745388025
459290606780222306;2021-10;0.003996536382645096
459290606780222306;2021-10;0.002669692120350015
459290606780222306;2021-10;0.00822719495478116
459290606780222306;2021-10;0.0032010823410150834
459290606780222306;2021-10;0.004527914740641601
459290606780222306;2021-10;0.0016263274390542993
7708030042671632236;2021-09;0.002912167653546964
7708030042671632236;2021-09;0.0031502628916422015
6145308913889808258;2021-09;0.3751048854648815
6145308913889808258;2021-09;0.344408493122651
3137879241768961145;2021-09;0.0035667076659723716
3137879241768961145;2021-09;0.00811076646701197
3137879241768961145;2021-10;0.007259943898006794
8919892162361650175;2021-09;0.034885975485192205
8919892162361650175;2021-09;0.03361553340043754
8919892162361650175;2021-10;0.12603284680257248
8919892162361650175;2021-10;0.14202027387159336
8919892162361650175;2021-10;0.13270851170091813
8919892162361650175;2021-10;0.12627674924159688
7141263195360679278;2021-09;0.17697644313394345
7141263195360679278;2021-09;0.17616561834952807
7141263195360679278;2021-09;0.16466783835611332
7141263195360679278;2021-09;0.16503887323676816
7141263195360679278;2021-10;0.1451161499806615
7141263195360679278;2021-10;0.1401917939818269
3285246914299291124;2021-09;0.006734939233145832
3285246914299291124;2021-09;0.0012990196078431374
3285246914299291124;2021-09;0.0058328470276999686
3285246914299291124;2021-09;0.012986686557330557
3285246914299291124;2021-09;0.010969283409630801
3285246914299291124;2021-10;0.01280014156953381
3285246914299291124;2021-10;0.001826401747139534
7910340581026492945;2021-09;0.006090646136497097
7910340581026492945;2021-10;0.003872947454844007
7910340581026492945;2021-10;0.0037064097541409857
7910340581026492945;2021-10;0.004415407680774997
7268895973869107930;2021-09;0.003785224695938981
7268895973869107930;2021-09;0.0029518913626056485
7268895973869107930;2021-09;0.0010031185031185031
7268895973869107930;2021-09;0.0014872448979591836
7268895973869107930;2021-09;0.0036683084343212824
7268895973869107930;2021-10;0.00925580928182725
7268895973869107930;2021-10;0.010589142615160583
7268895973869107930;2021-10;0.010212397585711417
274692171162531764;2021-09;0.024485766735275395
274692171162531764;2021-09;0.08402896238173056
274692171162531764;2021-09;0.0317094492966171
274692171162531764;2021-09;0.02355553417713586
274692171162531764;2021-09;0.025138309621860838
274692171162531764;2021-10;0.07440914421275925
274692171162531764;2021-10;0.08878650911513708
274692171162531764;2021-10;0.04659988601728081
274692171162531764;2021-10;0.05594703970330775
274692171162531764;2021-10;0.08369997078632802
7686361238195690925;2021-09;0.01607658996731052
7686361238195690925;2021-10;0.019436747001148977
7686361238195690925;2021-10;0.051555020895646314
7686361238195690925;2021-10;0.01516684220791761
7686361238195690925;2021-10;0.018669687976955687
5888474320320735000;2021-09;0.48284910367080847
5888474320320735000;2021-09;0.48953799411829274
5888474320320735000;2021-09;0.48284910367080847
5888474320320735000;2021-09;0.4864046592263641
5888474320320735000;2021-10;0.4830279251383306
5888474320320735000;2021-10;0.4807422108526163
5888474320320735000;2021-10;0.5443471367188043
4045739494965095560;2021-09;0.0016891711229946526
4045739494965095560;2021-09;0.011019980267237092
4045739494965095560;2021-09;0.00662614026549036
4045739494965095560;2021-09;0.016609825447599515
4045739494965095560;2021-09;0.012631482799792258
4045739494965095560;2021-09;0.010481133149442608
4045739494965095560;2021-09;0.008310192978502438
4045739494965095560;2021-09;0.0014183961463373228
4045739494965095560;2021-09;0.004796970567050713
4045739494965095560;2021-09;0.004796970567050713
4045739494965095560;2021-09;0.0014183961463373228
4045739494965095560;2021-09;0.005317917714469438
4045739494965095560;2021-09;0.011019980267237092
4045739494965095560;2021-09;0.007737928985185811
4045739494965095560;2021-10;0.0025398146454067615
4045739494965095560;2021-10;0.004934026139908493
4045739494965095560;2021-10;0.0026196704268512784
4045739494965095560;2021-10;0.002318190551595366
4045739494965095560;2021-10;0.0025398146454067615
4045739494965095560;2021-10;0.001200716845878136
4045739494965095560;2021-10;0.0053526733102160565
4045739494965095560;2021-10;0.004235199604498826
8926565682509268383;2021-09;0.0030781526868483393
8926565682509268383;2021-09;0.005870303509368431
8926565682509268383;2021-09;0.005837355658817268
8926565682509268383;2021-09;0.006566743752132204
8926565682509268383;2021-09;0.0031174908117586543
8926565682509268383;2021-10;0.004866845878136201
8926565682509268383;2021-10;0.004767146008525319
8926565682509268383;2021-10;0.007206925243215565
8926565682509268383;2021-10;0.007544185779614032
8926565682509268383;2021-10;0.003991845878136201
8926565682509268383;2021-10;0.003439068100358423
8926565682509268383;2021-10;0.00892349612444162
8926565682509268383;2021-10;0.007544185779614032
6858769421191999702;2021-09;0.004539020751365285
6858769421191999702;2021-09;0.005397061863858175
6858769421191999702;2021-09;0.005391567358363669
6858769421191999702;2021-09;0.005397061863858175
6858769421191999702;2021-09;0.00651760539711518
3382624494518753363;2021-09;0.26638652490892073
3382624494518753363;2021-09;0.7553614077958284
3382624494518753363;2021-09;0.26811640992771013
3382624494518753363;2021-09;0.2830068394809267
3382624494518753363;2021-09;0.2631720967276566
8213533889694327948;2021-09;0.01100530477861419
8213533889694327948;2021-09;0.008445645730291176
8213533889694327948;2021-09;0.011848980086575209
8213533889694327948;2021-09;0.010017424814203833
8213533889694327948;2021-10;0.036396077779336664
8213533889694327948;2021-10;0.011319047624647647
1551531256789550891;2021-09;0.011387994528798111
1551531256789550891;2021-09;0.006559913352981301
1551531256789550891;2021-09;0.0076434436918307895
1551531256789550891;2021-09;0.01725360201789505
1551531256789550891;2021-10;0.0031507954049942006
8939476669690489534;2021-09;0.01085201605049166
8939476669690489534;2021-09;0.01117459669565295
8939476669690489534;2021-09;0.01085201605049166
8939476669690489534;2021-10;0.030105906829649722
5611787644735474299;2021-09;0.01259793220864419
5611787644735474299;2021-09;0.0011655011655011655
5611787644735474299;2021-09;0.00940727834659003
5611787644735474299;2021-09;0.009815920516735806
5611787644735474299;2021-10;0.020194241823239416
5611787644735474299;2021-10;0.0027941176470588237
1956406515279457110;2021-09;0.10088150424519877
1956406515279457110;2021-09;0.1306906098821053
1956406515279457110;2021-10;0.04473150446433791
1956406515279457110;2021-10;0.05737778703576225
984915269987074754;2021-09;0.005105879718658624
984915269987074754;2021-09;0.0022084567325946635
984915269987074754;2021-09;0.0035824063124265965
984915269987074754;2021-10;0.007442046277397604
984915269987074754;2021-10;0.005636123198951954
984915269987074754;2021-10;0.004472776519495096
984915269987074754;2021-10;0.0071048034645346154
968199235777440720;2021-09;0.0007019704433497537
968199235777440720;2021-09;0.00035714285714285714
968199235777440720;2021-09;0.00035714285714285714
968199235777440720;2021-09;0.0016614906832298137
968199235777440720;2021-09;0.0020039356738864125
968199235777440720;2021-09;0.007655567371479789
968199235777440720;2021-09;0.0011111111111111111
968199235777440720;2021-10;0.0
968199235777440720;2021-10;0.0015183570198105082
968199235777440720;2021-10;0.0018865546218487395
968199235777440720;2021-10;0.003767272054051629
8173830874846355280;2021-09;0.003407407407407407
8173830874846355280;2021-09;0.003407407407407407
8173830874846355280;2021-09;0.005306913507531949
8173830874846355280;2021-09;0.012495742174474394
8173830874846355280;2021-09;0.005306913507531949
8173830874846355280;2021-09;0.005233163465281278
8173830874846355280;2021-09;0.004439762369324401
8173830874846355280;2021-09;0.0016614906832298137
8173830874846355280;2021-09;0.0013392857142857143
8173830874846355280;2021-09;0.0007142857142857143
8173830874846355280;2021-10;0.011096767121903875
8173830874846355280;2021-10;0.017310053992942297
8173830874846355280;2021-10;0.021226392461496064
8173830874846355280;2021-10;0.011992174154406645
8173830874846355280;2021-10;0.013518537282004982
8173830874846355280;2021-10;0.012116106203855694
8173830874846355280;2021-10;0.019529060593734694
8173830874846355280;2021-10;0.021226392461496064
8173830874846355280;2021-10;0.17931087592142705
8173830874846355280;2021-10;0.020866654020720788
8173830874846355280;2021-10;0.026166990726781116
8173830874846355280;2021-10;0.012116106203855694
8173830874846355280;2021-10;0.01093126237463674
8173830874846355280;2021-10;0.011955499763896841
3634047863995720708;2021-09;0.0
3634047863995720708;2021-09;0.00454109326449752
3634047863995720708;2021-09;0.0007437070938215103
3634047863995720708;2021-10;0.0070698745042824555
3634047863995720708;2021-10;0.008736867771016659
3634047863995720708;2021-10;0.008264787048901275
3634047863995720708;2021-10;0.006073573897132791
1253437108265925705;2021-09;0.0029352273824890455
1253437108265925705;2021-09;0.006509126154287444
1253437108265925705;2021-09;0.001858076563958917
1253437108265925705;2021-09;0.001858076563958917
5373371196946859811;2021-09;0.0065702014215191056
5373371196946859811;2021-09;0.004465373324782312
5373371196946859811;2021-10;0.01427223888233645
5373371196946859811;2021-10;0.016180219509220873
5373371196946859811;2021-10;0.014448722453690062
5373371196946859811;2021-10;0.0299267780234914
2493688222671282470;2021-09;0.004520223488244161
2493688222671282470;2021-09;0.010271172641056495
2493688222671282470;2021-10;0.005153577217628494
5481711897502154955;2021-09;0.007633751830530727
5481711897502154955;2021-09;0.005967085163864061
5481711897502154955;2021-09;0.026443533283009656
5481711897502154955;2021-09;0.005235377846790889
5481711897502154955;2021-10;0.0058669530489062535
3095686599956852697;2021-09;0.00877194344434795
3095686599956852697;2021-09;0.007797919266330247
3095686599956852697;2021-09;0.007797919266330247
3095686599956852697;2021-09;0.007424960685727261
3095686599956852697;2021-09;0.016636050220616094
3095686599956852697;2021-09;0.0038963644603244156
3095686599956852697;2021-10;0.0036740517321298015
3095686599956852697;2021-10;0.001729500891265597
3095686599956852697;2021-10;0.002388591800356506
6471448246085839373;2021-09;0.0
6471448246085839373;2021-09;0.004771095448257691
6471448246085839373;2021-09;0.004771095448257691
6471448246085839373;2021-10;0.005523481442495954
4018182555897034052;2021-09;0.0
4018182555897034052;2021-09;0.0
4018182555897034052;2021-09;0.0015260719672484377
4018182555897034052;2021-09;0.0
4018182555897034052;2021-10;0.0007107843137254901
4018182555897034052;2021-10;0.0007107843137254901
4018182555897034052;2021-10;0.0
4018182555897034052;2021-10;0.0
4018182555897034052;2021-10;0.00035714285714285714
4863405965754103821;2021-09;0.08120062734083834
4863405965754103821;2021-09;0.08501601195622296
4863405965754103821;2021-09;0.04937037986263329
4863405965754103821;2021-10;0.05038858515345091
4863405965754103821;2021-10;0.09746607455396988
4863405965754103821;2021-10;0.051908869528574
6617479989097680138;2021-09;0.06391120860287586
6617479989097680138;2021-09;0.05335445408252584
6617479989097680138;2021-10;0.3244427554631779
3140918607946425426;2021-09;0.0003333333333333333
3140918607946425426;2021-09;0.0003333333333333333
3140918607946425426;2021-09;0.0003333333333333333
3140918607946425426;2021-09;0.0005714285714285714
5880041582322293710;2021-09;0.008547044227120128
5880041582322293710;2021-09;0.05006055669083637
5880041582322293710;2021-09;0.010922105371825142
5880041582322293710;2021-09;0.05435763891895307
5880041582322293710;2021-09;0.052819177380491536
5880041582322293710;2021-09;0.05817163880160284
5880041582322293710;2021-10;0.0032365867107802594
5880041582322293710;2021-10;0.0052412774851149
9184785003280841216;2021-09;0.03280064161287619
9184785003280841216;2021-09;0.041110201498158645
9184785003280841216;2021-09;0.03564399019253508
9184785003280841216;2021-09;0.03862792908411935
9184785003280841216;2021-09;0.13610133104424513
9184785003280841216;2021-09;0.03502286383509842
9184785003280841216;2021-10;0.020443599156294918
9184785003280841216;2021-10;0.027463157049136266
3281617395243454427;2021-09;0.054451077527951794
3281617395243454427;2021-09;0.11552461191785998
6053752047545474051;2021-09;0.003975198975868021
6053752047545474051;2021-09;0.005963040921156775
6053752047545474051;2021-09;0.0
6053752047545474051;2021-09;0.005963040921156775
6053752047545474051;2021-09;0.0002857142857142857
6053752047545474051;2021-10;0.004931830130446283
6053752047545474051;2021-10;0.0020296717171717172
6053752047545474051;2021-10;0.004195532436911747
6053752047545474051;2021-10;0.0070170812584605695
6053752047545474051;2021-10;0.0076375185576217685
6053752047545474051;2021-10;0.0019185606060606061
6053752047545474051;2021-10;0.004931830130446283
6053752047545474051;2021-10;0.0019185606060606061
6053752047545474051;2021-10;0.004195532436911747
6053752047545474051;2021-10;0.004195532436911747
6053752047545474051;2021-10;0.0019185606060606061
5714540197488862003;2021-09;0.21310210724309064
5714540197488862003;2021-09;0.15743069866122028
5714540197488862003;2021-10;0.30525494978424744
7751080728852739823;2021-09;0.005302812265647433
7751080728852739823;2021-09;0.004770230812013348
7751080728852739823;2021-10;0.019028888426015706
7751080728852739823;2021-10;0.020109532796189048
7751080728852739823;2021-10;0.01464338298706682
7751080728852739823;2021-10;0.003898647504635866
7751080728852739823;2021-10;0.010093020951717815
7751080728852739823;2021-10;0.010415601596879105
7751080728852739823;2021-10;0.0025822969248471524
7751080728852739823;2021-10;0.004356317840206711
1788369195969129749;2021-09;0.002525934102454541
1788369195969129749;2021-09;0.007772386657270378
1788369195969129749;2021-10;0.011221865937918112
1708019696828098378;2021-09;0.459195828615268
1708019696828098378;2021-09;0.459195828615268
1708019696828098378;2021-09;0.454395828615268
1708019696828098378;2021-09;0.48978123081805
1708019696828098378;2021-09;0.45910243095601666
1708019696828098378;2021-10;0.7569452820327318
1708019696828098378;2021-10;0.5690874583594937
1708019696828098378;2021-10;0.4683467405637289
819552547620904652;2021-09;0.7010941440851356
819552547620904652;2021-09;0.07609212645179275
819552547620904652;2021-10;0.23024458091293515
819552547620904652;2021-10;0.1919352056477342
819552547620904652;2021-10;0.2309350789390262
819552547620904652;2021-10;0.22416694283112965
1192810733461560329;2021-09;0.00674197912302751
1192810733461560329;2021-09;0.010374345212271412
5430917218683822543;2021-09;0.025388981424463945
5430917218683822543;2021-09;0.03843690282284633
5430917218683822543;2021-10;0.035481201856483
2451708306555441014;2021-09;0.01394673889509495
2451708306555441014;2021-09;0.008064158738877418
2451708306555441014;2021-09;0.017833177093276108
2451708306555441014;2021-09;0.010930723851200228
2451708306555441014;2021-10;0.010671888361177478
5487870288449327165;2021-09;0.0333416537722496
8529899700094903171;2021-09;0.0011815252416756176
8529899700094903171;2021-09;0.0014396284829721361
8529899700094903171;2021-09;0.005681034202164615
8529899700094903171;2021-09;0.005681034202164615
8529899700094903171;2021-09;0.0011815252416756176
8529899700094903171;2021-09;0.005681034202164615
8529899700094903171;2021-09;0.002843015924905431
8529899700094903171;2021-09;0.002843015924905431
8529899700094903171;2021-09;0.0011815252416756176
8529899700094903171;2021-09;0.0011815252416756176
8529899700094903171;2021-09;0.0011815252416756176
8529899700094903171;2021-09;0.0011815252416756176
8529899700094903171;2021-09;0.0011815252416756176
8529899700094903171;2021-09;0.005681034202164615
8529899700094903171;2021-09;0.0011815252416756176
8529899700094903171;2021-10;0.004985873067762574
8529899700094903171;2021-10;0.004812748359638388
8529899700094903171;2021-10;0.004812748359638388
8529899700094903171;2021-10;0.004985873067762574
8529899700094903171;2021-10;0.004985873067762574
8529899700094903171;2021-10;0.0035807926409430167
8529899700094903171;2021-10;0.004985873067762574
8529899700094903171;2021-10;0.00332438238453276
8529899700094903171;2021-10;0.0059238594707494985
8529899700094903171;2021-10;0.013378990325221671
660382477567765256;2021-09;0.05181238867873819
660382477567765256;2021-09;0.025624527601343573
660382477567765256;2021-09;0.03196566433391229
660382477567765256;2021-10;0.02515359740578711
660382477567765256;2021-10;0.011322844626675273
7325545718770538459;2021-09;0.016669437711798775
7325545718770538459;2021-09;0.05438597593486307
7325545718770538459;2021-09;0.01756511719571355
7325545718770538459;2021-09;0.01756511719571355
7325545718770538459;2021-09;0.047841601913243804
7325545718770538459;2021-09;0.03985906950935208
7325545718770538459;2021-09;0.04227477903024444
7325545718770538459;2021-09;0.017888949906920727
7325545718770538459;2021-09;0.04264637753601102
7325545718770538459;2021-10;0.0048708279845956345
7325545718770538459;2021-10;0.0048708279845956345
7325545718770538459;2021-10;0.007982782443798672
7325545718770538459;2021-10;0.009966734981864251
7325545718770538459;2021-10;0.007673795436140825
7325545718770538459;2021-10;0.00975778933671387
7325545718770538459;2021-10;0.008731396374837035
7992317448197179816;2021-09;0.005047779922779922
7992317448197179816;2021-10;0.015762817485172036
7992317448197179816;2021-10;0.008004554952656272
7992317448197179816;2021-10;0.0038192088763753535
1533755281771668509;2021-09;0.010648265481336463
1533755281771668509;2021-09;0.009859352101012062
1533755281771668509;2021-10;0.01228667870198666
4495596792165551705;2021-09;0.04035624020664479
4495596792165551705;2021-10;0.03494039547562517
2407532237672094312;2021-09;0.0018466307125518237
2407532237672094312;2021-09;0.0026076728978717116
2407532237672094312;2021-09;0.0069565891991932504
2407532237672094312;2021-09;0.003195280841865282
2407532237672094312;2021-10;0.0005661881977671451
2407532237672094312;2021-10;0.0028982385398981323
2407532237672094312;2021-10;0.34858285008540535
2407532237672094312;2021-10;0.002026497085320615
4850936440093751199;2021-09;0.0035436767321529628
4850936440093751199;2021-09;0.0016332047791893529
4850936440093751199;2021-09;0.0014883771929824561
4850936440093751199;2021-09;0.007016306089408513
4850936440093751199;2021-09;0.008048626727765098
4850936440093751199;2021-09;0.0014883771929824561
4850936440093751199;2021-10;0.07835611926606016
4850936440093751199;2021-10;0.0009090909090909091
4850936440093751199;2021-10;0.0009444444444444444
4850936440093751199;2021-10;0.0009827538053344504
7770458886439606839;2021-09;0.20027318494703297
7770458886439606839;2021-09;0.20334136676521478
7770458886439606839;2021-09;0.19549820310853894
7770458886439606839;2021-09;0.1950722473950173
7770458886439606839;2021-09;0.2028378146253781
7770458886439606839;2021-09;0.18091624951374247
7770458886439606839;2021-10;0.1284584182467486
7770458886439606839;2021-10;0.11958512450421356
2346482557594782345;2021-09;0.04496212715822579
2346482557594782345;2021-09;0.029711990757232173
2346482557594782345;2021-09;0.10054340941594264
2346482557594782345;2021-09;0.036774921440852516
2346482557594782345;2021-09;0.04485262147150871
2346482557594782345;2021-09;0.03509406063499171
2346482557594782345;2021-10;0.049705601878373196
2346482557594782345;2021-10;0.03578138324716442
2346482557594782345;2021-10;0.049705601878373196
2346482557594782345;2021-10;0.04953801493252169
2346482557594782345;2021-10;0.051308571961699426
2346482557594782345;2021-10;0.07270039601085725
2346482557594782345;2021-10;0.05257367550850485
3454481508285917519;2021-09;0.061139952515662156
3454481508285917519;2021-09;0.04110590790252317
3454481508285917519;2021-09;0.061139952515662156
5162636608292907782;2021-09;0.36933194249594115
5162636608292907782;2021-09;0.40373292898099017
5162636608292907782;2021-09;0.36933194249594115
5162636608292907782;2021-09;0.6174465707880844
5162636608292907782;2021-10;0.35261122498334607
5162636608292907782;2021-10;0.2954995082919892
6916556752218696485;2021-09;0.01491890983039014
6916556752218696485;2021-09;0.003445322311071837
6916556752218696485;2021-09;0.008104722082659103
6916556752218696485;2021-09;0.011161243105969271
6916556752218696485;2021-09;0.031296960455015774
6916556752218696485;2021-10;0.010438356433309075
6916556752218696485;2021-10;0.0067099778958867595
6916556752218696485;2021-10;0.005629723371102682
6916556752218696485;2021-10;0.017720911797166117
6916556752218696485;2021-10;0.007701744169486106
6916556752218696485;2021-10;0.01863826300242716
8552039412779393821;2021-09;0.049905320779580646
8350724667410677464;2021-09;0.0380343530404485
8350724667410677464;2021-09;0.02899455286279756
8350724667410677464;2021-09;0.030425434585383923
8350724667410677464;2021-09;0.03693904720830055
8350724667410677464;2021-10;0.22149013658481334
5613825020130267729;2021-09;0.004296078241146405
5613825020130267729;2021-09;0.0018424404064003618
5613825020130267729;2021-10;0.006326567823211437
5613825020130267729;2021-10;0.005221831112046106
5613825020130267729;2021-10;0.0042404497306647235
1477629972594346481;2021-09;0.055552525217641764
1477629972594346481;2021-09;0.055552525217641764
1477629972594346481;2021-10;0.04191002127222008
1543875954928694094;2021-09;0.0018194444444444443
1543875954928694094;2021-09;0.0018194444444444443
1543875954928694094;2021-09;0.0019028248587570622
1543875954928694094;2021-10;0.004571428571428572
1543875954928694094;2021-10;0.0029523809523809524
4392369075438855735;2021-09;0.09478417265229373
4392369075438855735;2021-10;0.0940098088581931
4392369075438855735;2021-10;0.09336169358494809
8784237149961904;2021-09;0.004679126130739034
8784237149961904;2021-10;0.0007323232323232323
8784237149961904;2021-10;0.004710779357243403
5761480994209806499;2021-09;0.004638465603982845
5761480994209806499;2021-09;0.0032149517149517148
5761480994209806499;2021-09;0.0017798392084106371
5761480994209806499;2021-09;0.007711725677242918
5761480994209806499;2021-09;0.004865880277644984
5761480994209806499;2021-09;0.004638465603982845
5761480994209806499;2021-09;0.0015757575757575758
5761480994209806499;2021-09;0.006704518470035712
5761480994209806499;2021-09;0.008043323903577987
5761480994209806499;2021-09;0.005638465603982845
5761480994209806499;2021-09;0.0015757575757575758
5761480994209806499;2021-09;0.0017798392084106371
5761480994209806499;2021-09;0.0015757575757575758
5761480994209806499;2021-09;0.004865880277644984
5761480994209806499;2021-09;0.0015757575757575758
5761480994209806499;2021-09;0.0032149517149517148
5761480994209806499;2021-09;0.004919846446411912
5761480994209806499;2021-09;0.0015757575757575758
5761480994209806499;2021-10;0.016507480402086636
5761480994209806499;2021-10;0.005431258396775638
5761480994209806499;2021-10;0.008325425634249164
5761480994209806499;2021-10;0.008021536195239938
5761480994209806499;2021-10;0.0018698752228163992
5761480994209806499;2021-10;0.0018460278460278462
5761480994209806499;2021-10;0.0015757575757575758
5761480994209806499;2021-10;0.0015757575757575758
5761480994209806499;2021-10;0.008325425634249164
5761480994209806499;2021-10;0.004237119202636444
5761480994209806499;2021-10;0.0015757575757575758
5761480994209806499;2021-10;0.005431258396775638
5761480994209806499;2021-10;0.0015757575757575758
5761480994209806499;2021-10;0.0018698752228163992
5761480994209806499;2021-10;0.00452283348835073
5761480994209806499;2021-10;0.01110552096174157
5761480994209806499;2021-10;0.0015757575757575758
5761480994209806499;2021-10;0.004237119202636444
5761480994209806499;2021-10;0.0048140422795595215
5761480994209806499;2021-10;0.0020739568554694605
6582676833651678345;2021-09;0.022415007533034915
6582676833651678345;2021-09;0.01645061423633112
6582676833651678345;2021-09;0.028217418330268296
6582676833651678345;2021-09;0.04084938230169002
6582676833651678345;2021-09;0.013538306054879936
6582676833651678345;2021-09;0.013836306357604532
6582676833651678345;2021-10;0.01845132090644799
6582676833651678345;2021-10;0.0845484575524117
6582676833651678345;2021-10;0.01657171736215854
6582676833651678345;2021-10;0.016928860219301393
6582676833651678345;2021-10;0.017420720211161388
7403979270048469991;2021-09;0.010408528676835194
7403979270048469991;2021-09;0.006538873334513744
696014079855281037;2021-09;0.09437115016733313
696014079855281037;2021-09;0.07084952069721022
696014079855281037;2021-09;0.07582975430008532
696014079855281037;2021-10;0.10484781608420947
696014079855281037;2021-10;0.07378489345752677
696014079855281037;2021-10;0.08757589273076935
696014079855281037;2021-10;0.07161446158436965
696014079855281037;2021-10;0.08239774585095326
1156053485989336481;2021-09;0.28398295650972405
1156053485989336481;2021-09;0.35847715621979576
1156053485989336481;2021-09;0.3773062691936081
1156053485989336481;2021-09;0.3786173293550168
1156053485989336481;2021-09;0.37987264850395297
1156053485989336481;2021-09;0.37987264850395297
1156053485989336481;2021-09;0.39293722570135053
1156053485989336481;2021-09;0.3764173293550168
1156053485989336481;2021-09;0.3067438728217589
1156053485989336481;2021-09;0.40313845109042423
1156053485989336481;2021-09;0.40439377023936046
1156053485989336481;2021-09;0.419394855373266
1156053485989336481;2021-09;0.40313845109042423
1156053485989336481;2021-09;0.4186449861948254
1156053485989336481;2021-09;0.4123631093415199
1156053485989336481;2021-09;0.40313845109042423
1156053485989336481;2021-09;0.40439377023936046
1156053485989336481;2021-09;0.4186449861948254
1156053485989336481;2021-09;0.40313845109042423
1156053485989336481;2021-09;0.41452855348315965
1156053485989336481;2021-09;0.40439377023936046
1156053485989336481;2021-09;0.4097271035726939
1156053485989336481;2021-09;0.4186449861948254
1156053485989336481;2021-09;0.3992985321441223
1156053485989336481;2021-09;0.3067438728217589
1156053485989336481;2021-09;0.419394855373266
1156053485989336481;2021-09;0.4186449861948254
1156053485989336481;2021-09;0.3921873565229099
1156053485989336481;2021-09;0.3852059818372862
1156053485989336481;2021-09;0.38300598183728624
1156053485989336481;2021-09;0.26621202280118067
1156053485989336481;2021-09;0.35847715621979576
1156053485989336481;2021-09;0.37987264850395297
1156053485989336481;2021-09;0.37987264850395297
1156053485989336481;2021-09;0.40439377023936046
1156053485989336481;2021-09;0.4186449861948254
1156053485989336481;2021-09;0.3846280401619246
1156053485989336481;2021-09;0.4097271035726939
1156053485989336481;2021-09;0.42208716306557365
1156053485989336481;2021-10;0.3934675646417366
1156053485989336481;2021-10;0.2747546276678833
1156053485989336481;2021-10;0.4097271035726939
1156053485989336481;2021-10;0.417988686377144
1156053485989336481;2021-10;0.417988686377144
1156053485989336481;2021-10;0.27731143915734036
1156053485989336481;2021-10;0.417988686377144
1156053485989336481;2021-10;0.4046318654774557
1156053485989336481;2021-10;0.4083911063615313
1156053485989336481;2021-10;0.6350435107392711
1156053485989336481;2021-10;0.5309492583854595
1156053485989336481;2021-10;0.4097271035726939
1156053485989336481;2021-10;0.4097271035726939
1156053485989336481;2021-10;0.27376207553092524
1156053485989336481;2021-10;0.3852059818372862
1156053485989336481;2021-10;0.3912675646417366
1156053485989336481;2021-10;0.2578432132017806
1156053485989336481;2021-10;0.4134863444567693
1156053485989336481;2021-10;0.4097271035726939
1156053485989336481;2021-10;0.40024687559230043
1156053485989336481;2021-10;0.3611433077040598
1156053485989336481;2021-10;0.2958227460711689
1156053485989336481;2021-10;0.4053421136875386
1156053485989336481;2021-10;0.417988686377144
1156053485989336481;2021-10;0.3786209919521311
1156053485989336481;2021-10;0.3825973279911324
1156053485989336481;2021-10;0.3808209919521311
1156053485989336481;2021-10;0.3934675646417366
1156053485989336481;2021-10;0.39965733145122334
7613717984547031729;2021-09;0.0010321377331420373
7613717984547031729;2021-09;0.002716251033634648
7613717984547031729;2021-10;0.014416642692536534
7613717984547031729;2021-10;0.006509088581669226
5082813456193598086;2021-09;0.003837520250056227
5082813456193598086;2021-10;0.013218371094875505
5082813456193598086;2021-10;0.007874145155590713
4235078665660987689;2021-09;0.07066355254906838
4235078665660987689;2021-09;0.07606394064456269
4235078665660987689;2021-09;0.07060381492060477
4235078665660987689;2021-09;0.062340495120883556
4235078665660987689;2021-10;0.03813786763164128
4235078665660987689;2021-10;0.040714234718814336
4235078665660987689;2021-10;0.04366619643296295
5462970244186515758;2021-09;0.0
5462970244186515758;2021-09;0.0006825075834175935
5462970244186515758;2021-09;0.00016666666666666666
5462970244186515758;2021-09;0.00125
5462970244186515758;2021-09;0.0006825075834175935
5462970244186515758;2021-10;0.0
5462970244186515758;2021-10;0.0
5462970244186515758;2021-10;0.07461194465692195
5462970244186515758;2021-10;0.011984549142523506
5462970244186515758;2021-10;0.006772104084604085
5462970244186515758;2021-10;0.0011466011466011467
5462970244186515758;2021-10;0.010272543378387029
1343530446996409207;2021-09;0.01414778165241113
1343530446996409207;2021-09;0.011061350231483772
1343530446996409207;2021-09;0.02232416363257429
1343530446996409207;2021-10;0.012578354673013057
1044568737046072781;2021-09;0.03785362035095858
1044568737046072781;2021-09;0.048701156657579014
1044568737046072781;2021-09;0.046468159823191586
1044568737046072781;2021-10;0.03337509985904688
7707459425750676368;2021-09;0.1450553847498114
7707459425750676368;2021-09;0.5880700326767391
7707459425750676368;2021-09;0.146434695094639
7707459425750676368;2021-10;0.08834912207985898
7707459425750676368;2021-10;0.08413012073277767
761746217261797478;2021-09;0.002557002111189303
761746217261797478;2021-09;0.0015764705882352942
761746217261797478;2021-10;0.002999224375964613
761746217261797478;2021-10;0.001645163432663433
1366416810235233769;2021-09;0.008540523629368378
1366416810235233769;2021-09;0.011169516258361005
1366416810235233769;2021-10;0.004044365670388048
4980232475645447238;2021-09;0.0068637208497979605
4980232475645447238;2021-10;0.003401314371902607
2870813069335519467;2021-09;0.007678043017391307
7269781193318890653;2021-09;0.01428336312260373
7269781193318890653;2021-10;0.016293278180515597
7269781193318890653;2021-10;0.004033691726029907
7269781193318890653;2021-10;0.0047617085399040285
9099218788416728596;2021-09;0.7218393445369015
9099218788416728596;2021-10;0.7288643580687441
2532435113844289043;2021-09;0.010622807362115391
2532435113844289043;2021-09;0.009327906549973201
2532435113844289043;2021-09;0.0062314350318944355
2532435113844289043;2021-09;0.011323884901707802
2532435113844289043;2021-09;0.009327906549973201
2532435113844289043;2021-09;0.0062314350318944355
2532435113844289043;2021-09;0.012901849058010896
2532435113844289043;2021-09;0.014854724570372624
2532435113844289043;2021-10;0.0068199634126429294
2532435113844289043;2021-10;0.002652316117167624
2532435113844289043;2021-10;0.0064628205555000715
2532435113844289043;2021-10;0.0064628205555000715
2532435113844289043;2021-10;0.0010476841899550518
2532435113844289043;2021-10;0.0064628205555000715
2532435113844289043;2021-10;0.004365820465141348
7815839878620843192;2021-09;0.24490204075687846
7815839878620843192;2021-10;0.2549177214770767
3592461881055047578;2021-09;0.07297523503530218
3592461881055047578;2021-10;0.11750392314023783
107343823625119033;2021-09;0.009558093430228842
107343823625119033;2021-09;0.0071254011225365356
107343823625119033;2021-09;0.009314190991204452
107343823625119033;2021-09;0.009314190991204452
107343823625119033;2021-10;0.027657416968790094
4762256864594914240;2021-09;0.01009214101262625
4762256864594914240;2021-09;0.011053238969422976
4762256864594914240;2021-10;0.1321870896390182
2083323809219952960;2021-09;0.0803896986857515
2083323809219952960;2021-09;0.03752215704332441
2083323809219952960;2021-09;0.03752215704332441
2083323809219952960;2021-09;0.03752215704332441
2083323809219952960;2021-09;0.06634350263854126
2083323809219952960;2021-09;0.0803896986857515
2083323809219952960;2021-09;0.07478794708298571
2083323809219952960;2021-09;0.07478794708298571
2083323809219952960;2021-09;0.018538631880866904
2083323809219952960;2021-09;0.019800358559109006
2083323809219952960;2021-09;0.025849091955640967
2083323809219952960;2021-10;0.007643787049119848
2083323809219952960;2021-10;0.019620432162668545
2083323809219952960;2021-10;0.004349830948681093
2083323809219952960;2021-10;0.0012925020048115477
2083323809219952960;2021-10;0.021715142241151442
2083323809219952960;2021-10;0.0012925020048115477
2083323809219952960;2021-10;0.005358072763405563
2083323809219952960;2021-10;0.019620432162668545
2083323809219952960;2021-10;0.0012925020048115477
8901696535927078963;2021-09;0.013052476962035785
8901696535927078963;2021-09;0.0043427128673807994
8901696535927078963;2021-09;0.006092310783690094
8901696535927078963;2021-10;0.004500195109679354
8901696535927078963;2021-10;0.0032007168458781363
8901696535927078963;2021-10;0.0032007168458781363
8901696535927078963;2021-10;0.003464826904426239
8901696535927078963;2021-10;0.003464826904426239
5176940320835464459;2021-09;0.0019226483696927043
5176940320835464459;2021-09;0.002341431556948798
5176940320835464459;2021-09;0.0
5176940320835464459;2021-09;0.000673076923076923
5176940320835464459;2021-09;0.002341431556948798
5176940320835464459;2021-09;0.002616080156402737
5176940320835464459;2021-09;0.0
5176940320835464459;2021-09;0.0
5176940320835464459;2021-09;0.005697704396261574
5176940320835464459;2021-09;0.00041666666666666664
5176940320835464459;2021-09;0.0005833333333333334
5176940320835464459;2021-10;0.0058379313744488315
5176940320835464459;2021-10;0.00016666666666666666
5176940320835464459;2021-10;0.00549218921284989
5176940320835464459;2021-10;0.0
5176940320835464459;2021-10;0.0012606525020318123
5176940320835464459;2021-10;0.0012606525020318123
5176940320835464459;2021-10;0.0009599254426840634
5176940320835464459;2021-10;0.005135231626610936
5176940320835464459;2021-10;0.00469836293974225
5176940320835464459;2021-10;0.0
5176940320835464459;2021-10;0.0018763520733964085
3977861004707764824;2021-09;0.09223984236921477
3977861004707764824;2021-09;0.09131932402228768
3977861004707764824;2021-09;0.10219270282222709
3977861004707764824;2021-09;0.055137232581703485
3977861004707764824;2021-09;0.08484864452452179
3977861004707764824;2021-09;0.03471885805840347
3977861004707764824;2021-09;0.08540147007734734
3977861004707764824;2021-09;0.0923613941453073
3977861004707764824;2021-09;0.05233777185801425
3977861004707764824;2021-10;0.14825714237149015
3977861004707764824;2021-10;0.07022675398675184
3977861004707764824;2021-10;0.06903324346781901
3977861004707764824;2021-10;0.07283353272884058
3977861004707764824;2021-10;0.07283353272884058
3977861004707764824;2021-10;0.187802599640148
3977861004707764824;2021-10;0.07969748883416634
4995679129936981612;2021-09;0.01929365391898803
4995679129936981612;2021-09;0.048949879972042476
4995679129936981612;2021-09;0.10972702336926743
5057726374207815794;2021-09;0.015535761910356534
6842075380768862290;2021-09;0.031174830688602335
6842075380768862290;2021-10;0.024093723798065528
6842075380768862290;2021-10;0.024093723798065528
2508429106201166689;2021-09;0.0
2508429106201166689;2021-09;0.004532501876348626
2508429106201166689;2021-10;0.0009481915933528837
2508429106201166689;2021-10;0.002286456258391985
5136739522477907100;2021-09;0.014120152869146675
5136739522477907100;2021-09;0.11178707708210192
2530707686830644666;2021-09;0.0022291666666666666
2530707686830644666;2021-09;0.0002564102564102564
2530707686830644666;2021-10;0.03913821697185245
1553628056929342565;2021-09;0.015346187910689755
7930925883736021864;2021-09;0.0018446687956450265
7930925883736021864;2021-09;0.0020267857142857145
7930925883736021864;2021-09;0.0022899436090225564
7930925883736021864;2021-09;0.0016624149659863947
7930925883736021864;2021-09;0.004079790566842639
7930925883736021864;2021-09;0.005356386311523489
7930925883736021864;2021-09;0.004079790566842639
7930925883736021864;2021-09;0.0024641978144861894
7930925883736021864;2021-09;0.0007026515151515152
7930925883736021864;2021-09;0.0014169372294372295
7930925883736021864;2021-09;0.0016624149659863947
7930925883736021864;2021-09;0.0023776629072681703
7930925883736021864;2021-10;0.0030684523809523813
7930925883736021864;2021-10;0.004239834676560683
7930925883736021864;2021-10;0.0002040816326530612
7930925883736021864;2021-10;0.0
7930925883736021864;2021-10;0.0
7930925883736021864;2021-10;0.0005549588256355173
7930925883736021864;2021-10;0.0011675438596491228
7458891296671174680;2021-09;0.11630786450740536
7458891296671174680;2021-10;0.2957520840398544
4327694790333781288;2021-09;0.000953219194598505
4327694790333781288;2021-10;0.004932112242596113
4327694790333781288;2021-10;0.006980126728110598
4327694790333781288;2021-10;0.0032062561094819155
5108407319813072955;2021-09;0.029508595233979498
5108407319813072955;2021-09;0.024335080582433246
5108407319813072955;2021-10;0.01374240619092397
180672270337706285;2021-09;0.3856390837601778
180672270337706285;2021-09;0.3278192133670979
180672270337706285;2021-10;0.40667414826725623
180672270337706285;2021-10;0.20597684048341758
180672270337706285;2021-10;0.343708681688832
8576047157867370630;2021-09;0.08956944310707854
8576047157867370630;2021-09;0.08370780165476377
8576047157867370630;2021-10;0.06904452976889164
8576047157867370630;2021-10;0.09553723170769385
8576047157867370630;2021-10;0.061166887054145344
6941381638534728190;2021-09;0.018340114413411625
6941381638534728190;2021-09;0.009186543466936358
6941381638534728190;2021-10;0.013118273240419268
314309872114206760;2021-09;0.0775189515103824
314309872114206760;2021-09;0.0775189515103824
314309872114206760;2021-09;0.0775189515103824
314309872114206760;2021-09;0.0775189515103824
314309872114206760;2021-09;0.0775189515103824
314309872114206760;2021-09;0.0775189515103824
314309872114206760;2021-09;0.0775189515103824
314309872114206760;2021-09;0.07791065657950683
2771214050521171719;2021-09;0.0037834358623832307
2771214050521171719;2021-09;0.675240891918555
2771214050521171719;2021-09;0.001922533606744133
2771214050521171719;2021-09;0.6524965746273316
2771214050521171719;2021-10;0.003231471101207943
2814790209436551216;2021-09;0.01301840924656621
2814790209436551216;2021-09;0.025656550375572497
2814790209436551216;2021-10;0.01997780840620899
7776069961364493674;2021-09;0.05188653110547745
7776069961364493674;2021-09;0.059884208588859414
7776069961364493674;2021-10;0.07061900290123431
7776069961364493674;2021-10;0.07112085481622744
7776069961364493674;2021-10;0.053036356400770535
7776069961364493674;2021-10;0.07076883620909757
3355881107559250653;2021-09;0.01345304902213399
3355881107559250653;2021-09;0.012327080840224278
3355881107559250653;2021-09;0.014221281382117992
3355881107559250653;2021-10;0.007263391535601237
3355881107559250653;2021-10;0.012376886117118218
3355881107559250653;2021-10;0.0020572983456370797
3355881107559250653;2021-10;0.0020572983456370797
3355881107559250653;2021-10;0.006965008722482204
3355881107559250653;2021-10;0.019466298430988734
3355881107559250653;2021-10;0.0020572983456370797
3355881107559250653;2021-10;0.006965008722482204
3355881107559250653;2021-10;0.005282770950947147
3355881107559250653;2021-10;0.006965008722482204
3355881107559250653;2021-10;0.006965008722482204
3355881107559250653;2021-10;0.014397739430455976
3355881107559250653;2021-10;0.006965008722482204
3931892303497206092;2021-09;0.02661893333099572
3931892303497206092;2021-09;0.016208247748173164
3931892303497206092;2021-10;0.02279558039807421
2943087245123311166;2021-09;0.01694225026438515
2943087245123311166;2021-09;0.03768021906500354
2943087245123311166;2021-09;0.023523768236242783
2943087245123311166;2021-09;0.026891613914009124
2943087245123311166;2021-10;0.022332731265843737
7720458526816091748;2021-09;0.10351335065132544
7720458526816091748;2021-09;0.09973672438889372
7720458526816091748;2021-09;0.1174021693887796
7720458526816091748;2021-10;0.12063791014466756
324916756972236008;2021-09;0.012616088328473947
324916756972236008;2021-09;0.016831486618945832
324916756972236008;2021-09;0.017148399948006675
324916756972236008;2021-09;0.028788777463675495
4679462479444735708;2021-09;0.007635132626015768
4679462479444735708;2021-09;0.004356767638135193
4679462479444735708;2021-09;0.0031636941962089604
4679462479444735708;2021-10;0.00241947931083218
4679462479444735708;2021-10;0.0033387537105819616
4679462479444735708;2021-10;0.004260041724893232
4679462479444735708;2021-10;0.00241947931083218
7347715771145302549;2021-09;0.00030303030303030303
7347715771145302549;2021-09;0.005836730886553193
7347715771145302549;2021-09;0.0026153147699757868
7347715771145302549;2021-09;0.0010158730158730158
7347715771145302549;2021-10;0.005659961763668984
7347715771145302549;2021-10;0.07282831454952458
7347715771145302549;2021-10;0.0034650196457028347
7347715771145302549;2021-10;0.012416975600297427
7347715771145302549;2021-10;0.004546060806621653
8603678028264007695;2021-09;0.007550584893660172
8603678028264007695;2021-09;0.008259367819911047
8603678028264007695;2021-10;0.00642413697051283
8603678028264007695;2021-10;0.005399055663761546
8603678028264007695;2021-10;0.004575153917402201
4817816966382229074;2021-09;0.020890894155872787
4817816966382229074;2021-10;0.02199782281187853
5067621068959932809;2021-09;0.03523809627880328
5067621068959932809;2021-09;0.08916361407430275
5067621068959932809;2021-10;0.047388886656878
4530631557358349711;2021-09;0.007394499458866028
4530631557358349711;2021-09;0.007741619264171471
4530631557358349711;2021-10;0.010563316124027562
4530631557358349711;2021-10;0.013286851996904204
8503092146854371576;2021-09;0.0065328091750363
8503092146854371576;2021-10;0.0023536439665471924
6545052034269841737;2021-09;0.0013090909090909093
6545052034269841737;2021-09;0.0012121212121212121
6545052034269841737;2021-09;0.0013636363636363635
6545052034269841737;2021-09;0.0010966810966810967
6545052034269841737;2021-10;0.007180814481217705
6545052034269841737;2021-10;0.014629584761868535
6545052034269841737;2021-10;0.003783228793309438
6545052034269841737;2021-10;0.00313508064516129
6546850858912852316;2021-09;0.024731079518848755
6546850858912852316;2021-09;0.037200742869944396
6546850858912852316;2021-09;0.08120142728380822
6546850858912852316;2021-09;0.08384848610733764
2929243640075785940;2021-09;0.009154257990444514
2929243640075785940;2021-09;0.007482864057935794
2929243640075785940;2021-09;0.022379252475400926
2929243640075785940;2021-09;0.013321800007251236
2929243640075785940;2021-09;0.019129209656466677
2929243640075785940;2021-10;0.006409280479868715
2929243640075785940;2021-10;0.00506865501338118
903093877129717133;2021-09;0.0018391310012377043
903093877129717133;2021-09;0.005281425690996897
903093877129717133;2021-09;0.002228993077146292
903093877129717133;2021-09;0.005671287766905485
903093877129717133;2021-09;0.005993868412066776
903093877129717133;2021-10;0.007728086864337966
903093877129717133;2021-10;0.0031703965013083362
903093877129717133;2021-10;0.007728086864337966
903093877129717133;2021-10;0.0031703965013083362
903093877129717133;2021-10;0.001105478750640041
903093877129717133;2021-10;0.008316322158455614
8826489829259520138;2021-09;0.005086274730336237
8826489829259520138;2021-09;0.006286274730336236
511305041047444825;2021-09;0.03926081211222583
511305041047444825;2021-10;0.05511303216230668
511305041047444825;2021-10;0.04420711360533705
511305041047444825;2021-10;0.05402012200814371
3118152790263512426;2021-09;0.0058945234637287425
3118152790263512426;2021-09;0.01037022686371058
3118152790263512426;2021-10;0.008628823963647355
4740535838297269949;2021-09;0.004320574162679426
4740535838297269949;2021-09;0.011402838435873898
4740535838297269949;2021-09;0.005192716640085061
4740535838297269949;2021-10;0.006041840556926763
4740535838297269949;2021-10;0.018730934100352918
4740535838297269949;2021-10;0.00734802986311607
340285351737204923;2021-09;0.07147876790194163
340285351737204923;2021-09;0.05795115996472995
340285351737204923;2021-09;0.05795115996472995
340285351737204923;2021-10;0.04202346555204871
5166128847048245697;2021-09;0.07389051306219357
5166128847048245697;2021-10;0.0704778835491339
792560389712312178;2021-09;0.0013333333333333333
792560389712312178;2021-09;0.004373060750247738
792560389712312178;2021-09;0.0013067249863313285
792560389712312178;2021-09;0.0024892473118279567
792560389712312178;2021-10;0.011100214056384426
792560389712312178;2021-10;0.007114590923715091
4465150716052427320;2021-09;0.0036925494982198975
4465150716052427320;2021-09;0.008775653043673391
4465150716052427320;2021-09;0.0342518273836015
4465150716052427320;2021-10;0.026071352111414182
4465150716052427320;2021-10;0.03637297478851385
5432443358006556295;2021-09;0.008885436805307245
5432443358006556295;2021-10;0.002513227513227513
5432443358006556295;2021-10;0.009869487946693829
5883155883105348987;2021-09;0.02521327524312813
5883155883105348987;2021-09;0.03068243558781518
5883155883105348987;2021-09;0.03515757960204759
5883155883105348987;2021-09;0.03699020952364603
5883155883105348987;2021-09;0.02207228782181636
5883155883105348987;2021-10;0.029631409939503976
5883155883105348987;2021-10;0.07910846244565692
5883155883105348987;2021-10;0.17139873624304475
5883155883105348987;2021-10;0.044150137486099715
5883155883105348987;2021-10;0.07910846244565692
5883155883105348987;2021-10;0.030695239726738023
5883155883105348987;2021-10;0.07910846244565692
5883155883105348987;2021-10;0.02146579661009491
5883155883105348987;2021-10;0.10937897412869717
5883155883105348987;2021-10;0.08540561559885042
4995217181024687397;2021-09;0.018746218261866666
4995217181024687397;2021-09;0.014336198288285574
4995217181024687397;2021-09;0.0337769040697679
4995217181024687397;2021-10;0.008940232541856594
4995217181024687397;2021-10;0.017939664291408905
4995217181024687397;2021-10;0.020998783959171333
8874257794774679816;2021-09;0.007886298950203475
8874257794774679816;2021-09;0.01740499523604306
8874257794774679816;2021-09;0.016227839058886882
8874257794774679816;2021-09;0.01867182323562968
8874257794774679816;2021-09;0.025753233940857014
8874257794774679816;2021-09;0.015544976952727649
8874257794774679816;2021-10;0.013659455067205763
8874257794774679816;2021-10;0.01650406659602782
8874257794774679816;2021-10;0.0101325233310858
8874257794774679816;2021-10;0.007945950328573521
8195468623809753777;2021-09;0.0723420750341808
8195468623809753777;2021-09;0.055752015968911675
8195468623809753777;2021-09;0.06786134896301695
8195468623809753777;2021-10;0.05464145564729072
8195468623809753777;2021-10;0.058446713434397106
8195468623809753777;2021-10;0.04825100484125397
7535160686416710323;2021-09;0.004455495818399044
7535160686416710323;2021-09;0.007395488869963156
7535160686416710323;2021-09;0.00495739628031328
7535160686416710323;2021-10;0.01200102737304655
7535160686416710323;2021-10;0.00533544883714663
652740132671309295;2021-09;0.021768623998065183
652740132671309295;2021-10;0.01549814955808134
8305404138704642088;2021-09;0.12098754432515613
2006188298374001315;2021-09;0.00781067004355336
2006188298374001315;2021-09;0.005959219573856752
2006188298374001315;2021-10;0.0033368102093041946
2006188298374001315;2021-10;0.00419135566384965
6020593949794792044;2021-09;0.11615817449553743
6020593949794792044;2021-09;0.12033287160668048
6020593949794792044;2021-09;0.1389753806708251
6020593949794792044;2021-09;0.19886395504187068
6020593949794792044;2021-09;0.06064214289044807
6020593949794792044;2021-10;0.21060962848628723
6020593949794792044;2021-10;0.13442533523308625
6020593949794792044;2021-10;0.2485942714775997
2678966409665050034;2021-09;0.0017769145394006657
2678966409665050034;2021-10;0.4892294668276078
2678966409665050034;2021-10;0.10931353529718874
2678966409665050034;2021-10;0.0015643939393939392
2678966409665050034;2021-10;0.0003333333333333333
1276604410881911401;2021-09;0.10342933291102485
1276604410881911401;2021-09;0.10342933291102485
1276604410881911401;2021-09;0.12600055424528306
1276604410881911401;2021-09;0.10322099957769153
1276604410881911401;2021-09;0.12600055424528306
1276604410881911401;2021-09;0.12600055424528306
1276604410881911401;2021-10;0.15037505862065573
1276604410881911401;2021-10;0.1342981620387592
1276604410881911401;2021-10;0.1560404721544903
1276604410881911401;2021-10;0.13486959061018777
5409960473983330744;2021-09;0.06237572243098063
5409960473983330744;2021-09;0.061816894021955296
5409960473983330744;2021-10;0.14584771547847356
5409960473983330744;2021-10;0.13944324030077906
5409960473983330744;2021-10;0.1458142280436703
5409960473983330744;2021-10;0.15686303142211694
8889055492416898333;2021-09;0.03227388842587538
8889055492416898333;2021-09;0.037870835228896824
8889055492416898333;2021-10;0.006804785444267219
8889055492416898333;2021-10;0.006804785444267219
8889055492416898333;2021-10;0.03672566379194178
8724731934863284019;2021-09;0.007570698333060926
8724731934863284019;2021-09;0.006015494600437838
8724731934863284019;2021-10;0.004927020804302751
3022528659032597047;2021-09;0.012356264654517033
3022528659032597047;2021-10;0.0009233310549100022
3022528659032597047;2021-10;0.2654227528390985
3022528659032597047;2021-10;0.0024425569270770512
3022528659032597047;2021-10;0.0023888888888888887
7120090169052575663;2021-09;0.007091392341267278
7120090169052575663;2021-09;0.005111883754615834
7120090169052575663;2021-10;0.008969220950448612
7120090169052575663;2021-10;0.004965689542982166
963687627963462983;2021-09;0.003665127016170659
963687627963462983;2021-09;0.00214183820365276
963687627963462983;2021-09;0.006776232543380006
963687627963462983;2021-09;0.009322705082839923
963687627963462983;2021-10;0.004711593731755022
963687627963462983;2021-10;0.0043847380049579264
963687627963462983;2021-10;0.004281512849895202
4003696935579172837;2021-09;0.5009454116031654
472772897496154354;2021-09;0.0007676518883415434
472772897496154354;2021-09;0.003699343893900696
472772897496154354;2021-10;0.0015827661826981246
5304536516981778801;2021-09;0.005749462784554507
5304536516981778801;2021-09;0.0010714285714285713
5304536516981778801;2021-09;0.0010714285714285713
5304536516981778801;2021-10;0.0028253284072249584
5304536516981778801;2021-10;0.002377899877899878
5304536516981778801;2021-10;0.0025433845114696176
4972567100282306577;2021-09;0.020569987814180672
4972567100282306577;2021-09;0.012463274829863147
4972567100282306577;2021-09;0.020569987814180672
4972567100282306577;2021-10;0.038596054863306424
4972567100282306577;2021-10;0.04709467137716358
4972567100282306577;2021-10;0.038596054863306424
4972567100282306577;2021-10;0.027502361640183118
5301988619224057921;2021-09;0.3590911499247079
5301988619224057921;2021-09;0.36276545584746134
5301988619224057921;2021-09;0.41553104720036976
5301988619224057921;2021-09;0.4076191335837796
5301988619224057921;2021-09;0.42406390130498695
5301988619224057921;2021-09;0.4076191335837796
5301988619224057921;2021-09;0.4067580224726685
5301988619224057921;2021-09;0.42909829956186796
5301988619224057921;2021-10;0.7977242136981417
5301988619224057921;2021-10;0.4212587211649311
5301988619224057921;2021-10;0.4115274829499242
5301988619224057921;2021-10;0.43958296916814604
5301988619224057921;2021-10;0.4115274829499242
6927178425683104769;2021-09;0.005225994594384382
6927178425683104769;2021-09;0.0027001204685102565
6927178425683104769;2021-09;0.024708839846222096
6927178425683104769;2021-10;0.007983626870737958
6927178425683104769;2021-10;0.014477001979558616
6927178425683104769;2021-10;0.004784233847245037
3997247264680905799;2021-09;0.00991180197650786
3997247264680905799;2021-09;0.0074478251055837275
3997247264680905799;2021-09;0.0071004466651525475
3997247264680905799;2021-09;0.02951773836640164
3997247264680905799;2021-10;0.004182866645311606
3997247264680905799;2021-10;0.004453012321136795
3997247264680905799;2021-10;0.004182866645311606
3997247264680905799;2021-10;0.0011111111111111111
3997247264680905799;2021-10;0.0035439214120458864
5274777191770957761;2021-09;0.2906524891290735
5274777191770957761;2021-09;0.5054842582915007
5274777191770957761;2021-09;0.29124953297805967
5274777191770957761;2021-09;0.19828815054921434
5274777191770957761;2021-09;0.1802006968653483
5274777191770957761;2021-09;0.33419511396011536
5274777191770957761;2021-09;0.17835164681732316
5274777191770957761;2021-10;0.28431200640255533
5460280878923715699;2021-09;0.0027395431947401044
5460280878923715699;2021-09;0.006771529492646869
5460280878923715699;2021-10;0.18370198373211877
7970976988071755401;2021-09;0.005527868974850398
7970976988071755401;2021-09;0.011013794444171412
7970976988071755401;2021-10;0.0933568389807134
7970976988071755401;2021-10;0.020123680293182806
2983174282784691273;2021-09;0.0015426191741981215
2983174282784691273;2021-09;0.0032245495628410335
2983174282784691273;2021-10;0.0036526939069611852
2983174282784691273;2021-10;0.013407801842011815
2983174282784691273;2021-10;0.01028249552020685
2983174282784691273;2021-10;0.0036526939069611852
2983174282784691273;2021-10;0.009749879518313959
2983174282784691273;2021-10;0.010455515665978125
2983174282784691273;2021-10;0.012246763200048178
2983174282784691273;2021-10;0.012246763200048178
2983174282784691273;2021-10;0.005701479204023721
5726178124659661019;2021-09;0.0
5726178124659661019;2021-09;0.0
5726178124659661019;2021-09;0.0
5726178124659661019;2021-09;0.0
5726178124659661019;2021-09;0.00016666666666666666
5726178124659661019;2021-09;0.0
5726178124659661019;2021-09;0.0
5726178124659661019;2021-10;0.0
5726178124659661019;2021-10;0.001990740740740741
5726178124659661019;2021-10;0.0
5726178124659661019;2021-10;0.0
7908414709866823255;2021-09;0.028172393379663534
7908414709866823255;2021-09;0.029603950904162596
7908414709866823255;2021-09;0.053202778682416706
7908414709866823255;2021-10;0.07634333876563626
7908414709866823255;2021-10;0.08617068228802884
7908414709866823255;2021-10;0.08198542821075319
7908414709866823255;2021-10;0.0854296186437394
7908414709866823255;2021-10;0.12606672106961342
7908414709866823255;2021-10;0.0719465373779103
7908414709866823255;2021-10;0.09130305811343177
8271604276097280304;2021-09;0.0034747452370403192
8271604276097280304;2021-09;0.005671518137035377
9206030810342980458;2021-09;0.0031158078699377923
9206030810342980458;2021-09;0.0031158078699377923
2302464746243069589;2021-09;0.0015955449955449954
2302464746243069589;2021-10;0.003519711487699292
2022367282554149730;2021-09;0.007506627551497189
2022367282554149730;2021-09;0.01708284271947622
2022367282554149730;2021-09;0.007117738662608301
2022367282554149730;2021-09;0.006764988003106006
2022367282554149730;2021-09;0.0062073944594523015
2022367282554149730;2021-10;0.006509090909090909
2022367282554149730;2021-10;0.006509090909090909
2022367282554149730;2021-10;0.008923486436693984
2022367282554149730;2021-10;0.011843427040145616
2022367282554149730;2021-10;0.008923486436693984
2022367282554149730;2021-10;0.006509090909090909
2333404192508932057;2021-09;0.0026045216410229026
2333404192508932057;2021-09;0.0032194953194953193
2333404192508932057;2021-09;0.003615106627833256
2333404192508932057;2021-09;0.005086123761823225
2333404192508932057;2021-10;0.009332311907991709
2333404192508932057;2021-10;0.12449979225688582
2333404192508932057;2021-10;0.009856121431801233
2333404192508932057;2021-10;0.010611683310930362
2333404192508932057;2021-10;0.0007692307692307692
2333404192508932057;2021-10;0.013716753017244222
2333404192508932057;2021-10;0.0001923076923076923
2333404192508932057;2021-10;0.007337754985940218
2333404192508932057;2021-10;0.00896132339728344
1234611356650812259;2021-09;0.039485316790418584
326257359176916767;2021-09;0.007225849121010411
326257359176916767;2021-09;0.007225849121010411
326257359176916767;2021-09;0.007225849121010411
6164364689409425900;2021-09;0.0009375
6164364689409425900;2021-09;0.0017989417989417989
5263285038415073073;2021-09;0.023496114271898724
5263285038415073073;2021-09;0.06165588266679494
2380458252615213706;2021-09;0.07564944965538672
2380458252615213706;2021-10;0.03597841546050032
2380458252615213706;2021-10;0.04408168041848129
5854364934896993687;2021-09;0.009901766707621315
5854364934896993687;2021-09;0.012192184110256908
6284433051333854194;2021-09;0.0029480321058018765
6284433051333854194;2021-09;0.0020666476100798135
6284433051333854194;2021-09;0.0020767282552411038
6284433051333854194;2021-10;0.002502202437500233
6284433051333854194;2021-10;0.0017281639759617715
7590999900861381526;2021-09;0.0
7590999900861381526;2021-09;0.001689466484268126
7590999900861381526;2021-10;0.0003448275862068965
9127318190908282126;2021-09;0.004285043052981361
9127318190908282126;2021-10;0.015057180747289768
9127318190908282126;2021-10;0.006905551402172647
6055278873962623670;2021-09;0.028781372923264045
8511588642284189303;2021-09;0.011670184475763512
8511588642284189303;2021-09;0.011670184475763512
8511588642284189303;2021-10;0.011395744000743602
7742008298942700792;2021-09;0.42656578121032834
7742008298942700792;2021-10;0.3149269785912852
3095408468798675621;2021-09;0.0
3095408468798675621;2021-09;0.0
3095408468798675621;2021-09;0.0
3095408468798675621;2021-09;0.0006666666666666666
3095408468798675621;2021-10;0.002624955245255997
3095408468798675621;2021-10;0.006573854347092887
7231408738455755015;2021-09;0.5342864798405658
7231408738455755015;2021-10;0.6472569060577402
7231408738455755015;2021-10;0.8375790372652386
8909740532547211288;2021-09;0.008144809987244952
8909740532547211288;2021-09;0.008144809987244952
8909740532547211288;2021-09;0.007556574693127305
8909740532547211288;2021-09;0.007556574693127305
8909740532547211288;2021-09;0.007536413402804725
8909740532547211288;2021-09;0.010532577919584252
8909740532547211288;2021-09;0.012067279776866755
8909740532547211288;2021-10;0.006317343154149002
8909740532547211288;2021-10;0.007882739891264317
8909740532547211288;2021-10;0.012571414657358438
8909740532547211288;2021-10;0.01391946359915738
2573553293518763494;2021-09;0.015119006984550917
2573553293518763494;2021-10;0.008951235027805317
2573553293518763494;2021-10;0.006350502427072716
6969348581033924947;2021-09;0.01569303630857026
6969348581033924947;2021-09;0.010036702093179486
6969348581033924947;2021-09;0.009795911069163533
6969348581033924947;2021-09;0.006445765681133409
6969348581033924947;2021-09;0.013619987014925205
6969348581033924947;2021-09;0.010036702093179486
6969348581033924947;2021-09;0.0055886228239905526
6969348581033924947;2021-10;0.02277143326223351
6969348581033924947;2021-10;0.01659427500301413
6969348581033924947;2021-10;0.00986059195306238
6969348581033924947;2021-10;0.008527258619729047
6969348581033924947;2021-10;0.019540439202113152
6969348581033924947;2021-10;0.013475834743689907
6969348581033924947;2021-10;0.01772366032357592
7963861799566207637;2021-09;0.001290994623655914
7963861799566207637;2021-09;0.008536169352248405
7963861799566207637;2021-10;0.004959772065324803
3263212305228307743;2021-09;0.000920794930875576
3263212305228307743;2021-10;0.0003448275862068965
6662531979151878793;2021-09;0.002408389472349428
6662531979151878793;2021-09;0.002408389472349428
6662531979151878793;2021-09;0.0009272413367862868
6754039979151386401;2021-09;0.01427770407067195
6754039979151386401;2021-09;0.012257583328922662
6754039979151386401;2021-10;0.021561186339194696
5689766561863956319;2021-09;0.020444980097122624
5689766561863956319;2021-09;0.0037573551045213456
6061850657256270336;2021-09;0.02182166833222113
6061850657256270336;2021-09;0.013650707060450391
6061850657256270336;2021-10;0.008502294217666047
6061850657256270336;2021-10;0.010605526737088911
6061850657256270336;2021-10;0.022256168821246636
6061850657256270336;2021-10;0.004624141333661784
8374461419511631785;2021-09;0.08406237616945399
8374461419511631785;2021-09;0.15369325247960564
2119292203323657032;2021-09;0.027894717956486573
2119292203323657032;2021-09;0.011967542720290946
2119292203323657032;2021-09;0.005847442713277611
2119292203323657032;2021-10;0.009019692327605156
2119292203323657032;2021-10;0.016827010347354836
7787306805605072964;2021-09;0.1933077389864334
7787306805605072964;2021-09;0.21962357430763524
7787306805605072964;2021-10;0.18887957637044217
5864443060004179363;2021-09;0.0008068181818181819
5864443060004179363;2021-09;0.004674751595066212
5864443060004179363;2021-09;0.0071493991827318885
5864443060004179363;2021-09;0.0005555555555555556
5864443060004179363;2021-09;0.002512977382276603
5864443060004179363;2021-10;0.008147867780626445
5864443060004179363;2021-10;0.06705836115691102
5864443060004179363;2021-10;0.0009191176470588236
5864443060004179363;2021-10;0.005549799465240642
5864443060004179363;2021-10;0.012420357728675667
3480297543931395935;2021-09;0.1913892081390707
3480297543931395935;2021-09;0.15789210769452997
3480297543931395935;2021-09;0.25359513200701417
3480297543931395935;2021-10;0.3310794705777693
3480297543931395935;2021-10;0.2752633073574052
3480297543931395935;2021-10;0.26411743944589383
8623308321032624474;2021-09;0.055155002674054904
8623308321032624474;2021-10;0.03674544032910989
4432551314797496562;2021-09;0.6470800132808727
2658946240987854807;2021-09;0.015361082384548608
2658946240987854807;2021-10;0.0674746651297619
312543480920432545;2021-09;0.014919015953384171
312543480920432545;2021-09;0.015248198363759317
312543480920432545;2021-09;0.021783423102964217
312543480920432545;2021-10;0.017499538102309496
312543480920432545;2021-10;0.014078904539183493
312543480920432545;2021-10;0.032872195031222955
7182085930008391174;2021-09;0.014919942917344104
7182085930008391174;2021-10;0.012180913734871669
7870373680211625064;2021-09;0.001855335939473719
7870373680211625064;2021-09;0.0007894736842105263
7870373680211625064;2021-10;0.0014203990828812057
7870373680211625064;2021-10;0.004331304221039585
7870373680211625064;2021-10;0.004956304221039585
7870373680211625064;2021-10;0.0011262949446017379
8785648114090695180;2021-09;0.015261033164398505
8785648114090695180;2021-09;0.0010527597402597401
6448580780254847411;2021-09;0.013769686086561768
6448580780254847411;2021-09;0.015221536380926779
2951563549197799278;2021-09;0.017086006308128815
2951563549197799278;2021-09;0.009365242635503439
2951563549197799278;2021-10;0.009151241152161255
2951563549197799278;2021-10;0.009131676923312022
2951563549197799278;2021-10;0.003097503338252864
4061297388883391410;2021-09;0.004235274227361871
4061297388883391410;2021-09;0.002268817204301075
4061297388883391410;2021-10;0.07758255599863528
4061297388883391410;2021-10;0.004540024760367625
4061297388883391410;2021-10;0.0041608896850276154
968400235888951633;2021-09;0.008666403331409065
968400235888951633;2021-09;0.008666403331409065
968400235888951633;2021-10;0.013015919899967579
968400235888951633;2021-10;0.010178334566112137
968400235888951633;2021-10;0.00913923358089046
968400235888951633;2021-10;0.01048621633951115
968400235888951633;2021-10;0.0115090607460496
6865071386683133124;2021-09;0.008974251816665052
6865071386683133124;2021-09;0.016423600576720675
9101617110967101591;2021-09;0.004276857841249897
8041261093764417881;2021-09;0.001358974358974359
8041261093764417881;2021-09;0.0009583333333333333
8041261093764417881;2021-10;0.0014516129032258066
8041261093764417881;2021-10;0.0004651162790697674
8041261093764417881;2021-10;0.0013599254426840636
8041261093764417881;2021-10;0.006837938086443736
5694881483989656694;2021-09;0.013181181382795377
6759864637454708017;2021-09;0.017115807946641207
6759864637454708017;2021-09;0.020458767795723944
6759864637454708017;2021-09;0.019533650837028682
6759864637454708017;2021-09;0.018333350621248592
6759864637454708017;2021-09;0.01705278273655717
6759864637454708017;2021-10;0.038463442266817964
6759864637454708017;2021-10;0.027158786445525038
6759864637454708017;2021-10;0.033729127997078334
6759864637454708017;2021-10;0.03059488329441258
6759864637454708017;2021-10;0.02379988303483769
417157680860985231;2021-09;0.005663890614391171
417157680860985231;2021-09;0.4519312277659453
417157680860985231;2021-09;0.007612435533524325
417157680860985231;2021-09;0.0060662618006071525
417157680860985231;2021-10;0.01213698242963904
417157680860985231;2021-10;0.007530579068399249
4661684997487171886;2021-09;0.012522038267582448
4661684997487171886;2021-09;0.01450819036939637
4661684997487171886;2021-10;0.012244854103764675
4661684997487171886;2021-10;0.011052052555030924
3415156360538677905;2021-09;0.011609050674108987
1097345589386012260;2021-09;0.003246657611020792
1097345589386012260;2021-10;0.044407531619073
1613152204777372951;2021-09;0.036967201486714146
5048392903148444335;2021-09;0.09890168577482315
5048392903148444335;2021-10;0.08992639705620381
5558533999208199371;2021-09;0.42526657601011403
7215093571368368138;2021-09;0.07497243723637417
7215093571368368138;2021-09;0.05291902391133197
7215093571368368138;2021-10;0.08890828399585421
7215093571368368138;2021-10;0.0689803794371544
7215093571368368138;2021-10;0.08890828399585421
7215093571368368138;2021-10;0.06635282984030536
1415340753324392369;2021-09;0.032136559233301436
1299146298565441811;2021-09;0.046188706341139245
1299146298565441811;2021-10;0.14027347147619842
3605652314611460806;2021-09;0.0137539495365516
3605652314611460806;2021-10;0.0009375
3605652314611460806;2021-10;0.001496345844171931
2233850024349336054;2021-09;0.024395539147864485
835441927760881602;2021-09;0.12881136948961397
835441927760881602;2021-09;0.16737135742853163
835441927760881602;2021-10;0.19693516041709952
835441927760881602;2021-10;0.19437202883087404
4296149971687628223;2021-09;0.0068237966381042015
4296149971687628223;2021-09;0.004344989441244267
4296149971687628223;2021-10;0.0017678571428571426
8609211777002937758;2021-09;0.005901904915575788
8609211777002937758;2021-09;0.0025953661172332327
8609211777002937758;2021-09;0.003124466646333762
8609211777002937758;2021-09;0.003033095281325022
8609211777002937758;2021-10;0.005513130113351608
4593070249039532001;2021-09;0.004767397306852075
4593070249039532001;2021-10;0.01173442119152631
4593070249039532001;2021-10;0.0020448303875723233
4593070249039532001;2021-10;0.007661448045606055
4724876423989598202;2021-09;0.050569696151700205
4724876423989598202;2021-09;0.041247888685374254
4724876423989598202;2021-10;0.06240344031804082
4724876423989598202;2021-10;0.026734796372178425
4724876423989598202;2021-10;0.0568009696770642
4724876423989598202;2021-10;0.05759088903190292
4724876423989598202;2021-10;0.04194706578892919
4724876423989598202;2021-10;0.019887761559937177
5999145415800242177;2021-09;0.04827247915713562
5999145415800242177;2021-10;0.018407346452224554
5999145415800242177;2021-10;0.3563964388425341
5999145415800242177;2021-10;0.027206600123150838
1292049196559782171;2021-09;0.006912504042464884
1292049196559782171;2021-09;0.0025842035532161584
1292049196559782171;2021-09;0.006153228894287194
1292049196559782171;2021-10;0.004004406790764483
1292049196559782171;2021-10;0.0015903904665314403
1192891347324061812;2021-09;0.01716533713870143
1192891347324061812;2021-09;0.01784699240100186
1192891347324061812;2021-09;0.01716533713870143
1192891347324061812;2021-10;0.022008614482261837
1192891347324061812;2021-10;0.023856898289666896
4165983075385227812;2021-09;0.00175990675990676
6056959220685085102;2021-09;0.23281119804604014
6056959220685085102;2021-10;0.7535258492337799
6056959220685085102;2021-10;0.3793903106777249
6056959220685085102;2021-10;0.30064127205444097
6056959220685085102;2021-10;0.37954809884648744
8348574220426911086;2021-09;0.027957057891451996
8348574220426911086;2021-09;0.02456704423129995
8348574220426911086;2021-09;0.029810386844445
8348574220426911086;2021-10;0.029999712394049513
8348574220426911086;2021-10;0.04612749519259137
4347826483121154490;2021-09;0.0018992043800654676
4347826483121154490;2021-09;0.004850334224598931
4347826483121154490;2021-09;0.004175460487225193
4347826483121154490;2021-09;0.004417000891265597
4347826483121154490;2021-10;0.010264655815058825
4347826483121154490;2021-10;0.0038050803668238076
4347826483121154490;2021-10;0.0015439166371852186
4347826483121154490;2021-10;0.0010532687651331719
3382609338395832683;2021-09;0.050653908516388776
3382609338395832683;2021-09;0.05919921640180872
2397171153213063761;2021-09;0.005426631587270779
2397171153213063761;2021-09;0.005022506229402781
2397171153213063761;2021-09;0.004494011735391046
2397171153213063761;2021-09;0.0064531680271727974
2397171153213063761;2021-09;0.006088179150643319
2397171153213063761;2021-09;0.006842489495470906
2397171153213063761;2021-09;0.0032731157731157733
2397171153213063761;2021-09;0.0042376472357497025
2397171153213063761;2021-10;0.010494107610482084
2397171153213063761;2021-10;0.003354688322430258
2397171153213063761;2021-10;0.010012830688808056
2397171153213063761;2021-10;0.007450050167792104
2397171153213063761;2021-10;0.003072637040378976
2397171153213063761;2021-10;0.006086809749673636
2397171153213063761;2021-10;0.0037393037070456423
2397171153213063761;2021-10;0.028679169674362154
2397171153213063761;2021-10;0.011010556164668254
2408009918678280470;2021-09;0.01310655445756624
2408009918678280470;2021-09;0.013388297603901263
2408009918678280470;2021-09;0.011608718959730742
2408009918678280470;2021-09;0.013451382043773137
2408009918678280470;2021-09;0.007781241013149021
2408009918678280470;2021-09;0.011483327110200961
2408009918678280470;2021-10;0.012670706654002157
2408009918678280470;2021-10;0.009734094890748316
2408009918678280470;2021-10;0.006470317266446935
2408009918678280470;2021-10;0.009789221720793086
2408009918678280470;2021-10;0.011619655602951105
2408009918678280470;2021-10;0.01378181776511327
2408009918678280470;2021-10;0.008831367314662818
2408009918678280470;2021-10;0.008831367314662818
1958660709350677213;2021-09;0.15475018732193419
1958660709350677213;2021-10;0.11405858120841636
5860276371789140450;2021-09;0.04571063454540234
5860276371789140450;2021-10;0.005151984126984127
2201150681962815877;2021-09;0.029896590659806925
2201150681962815877;2021-09;0.04463904830489739
7142043104834932013;2021-09;0.15082509060382038
7142043104834932013;2021-09;0.15844719506028995
7142043104834932013;2021-10;0.13961419776446737
7142043104834932013;2021-10;0.15344071354577818
6134696632487351445;2021-09;0.003536283191724174
6134696632487351445;2021-09;0.002536997885835095
4660230701075746534;2021-09;0.22013623336842725
8536031856585966123;2021-09;0.011917139173869176
8536031856585966123;2021-09;0.01101487921044161
2214132103234633622;2021-09;0.01420696480612012
2214132103234633622;2021-09;0.01514776818878397
2214132103234633622;2021-09;0.017664243279268393
2214132103234633622;2021-10;0.04204909725360732
2214132103234633622;2021-10;0.06645925585424525
2214132103234633622;2021-10;0.05503052586834999
2214132103234633622;2021-10;0.041503535295532766
2214132103234633622;2021-10;0.06699378173079917
1118514612547157551;2021-09;0.10862474774388364
1118514612547157551;2021-09;0.09607544661049607
1118514612547157551;2021-09;0.11799804820315471
1118514612547157551;2021-09;0.10424290461083331
1118514612547157551;2021-09;0.27865289222187895
1118514612547157551;2021-10;0.4919925449021437
1118514612547157551;2021-10;0.11456071967054388
4524147234488547993;2021-09;0.0007488738738738738
4524147234488547993;2021-09;0.0010757575757575758
4524147234488547993;2021-10;0.002785204991087344
4524147234488547993;2021-10;0.002196969696969697
8961924617442201922;2021-09;0.021160655297051852
8961924617442201922;2021-10;0.0021650846324021197
8961924617442201922;2021-10;0.0008166666666666666
8961924617442201922;2021-10;0.00041666666666666664
3093415403379897112;2021-09;0.004572622779519331
3093415403379897112;2021-09;0.005577192290714712
3093415403379897112;2021-10;0.006353252728238657
3093415403379897112;2021-10;0.003341032633618296
170089315547146305;2021-09;0.07391476165523006
170089315547146305;2021-09;0.08403518256135033
170089315547146305;2021-09;0.08641762550558849
170089315547146305;2021-09;0.0803609806254142
170089315547146305;2021-10;0.0790368489311214
170089315547146305;2021-10;0.08523720614586282
170089315547146305;2021-10;0.09467648058023942
170089315547146305;2021-10;0.09612821512020925
7177785309735471560;2021-09;0.0027044936014174307
7177785309735471560;2021-09;0.0075505622614395786
7177785309735471560;2021-09;0.006105093751454941
7177785309735471560;2021-09;0.013069857571923636
7177785309735471560;2021-10;0.019321670895878332
7177785309735471560;2021-10;0.002461790068391317
7177785309735471560;2021-10;0.0011284567350579838
7177785309735471560;2021-10;0.002461790068391317
7177785309735471560;2021-10;0.004795123401724651
6238903426443761049;2021-09;0.0031275422046213117
6238903426443761049;2021-09;0.002310924369747899
6238903426443761049;2021-09;0.0024239417989417988
6238903426443761049;2021-09;0.0032111776165168826
6238903426443761049;2021-10;0.0028764309764309766
6238903426443761049;2021-10;0.0028764309764309766
5503073374822479037;2021-09;0.11276386842866584
5503073374822479037;2021-09;0.1500495333781698
8287608084245946173;2021-09;0.0010317460317460316
8287608084245946173;2021-09;0.0007936507936507937
8287608084245946173;2021-10;0.0051492857902454
8287608084245946173;2021-10;0.003269141404985925
8287608084245946173;2021-10;0.0065602706387302475
8287608084245946173;2021-10;0.005346094435299833
8287608084245946173;2021-10;0.00383043172756657
8287608084245946173;2021-10;0.00383043172756657
2128970218770090704;2021-09;0.0002777777777777778
2128970218770090704;2021-09;0.0
2128970218770090704;2021-09;0.00016666666666666666
2128970218770090704;2021-09;0.0
2128970218770090704;2021-09;0.0002777777777777778
2128970218770090704;2021-09;0.0002777777777777778
2128970218770090704;2021-10;0.0032171717171717174
2128970218770090704;2021-10;0.0
2128970218770090704;2021-10;0.0007692307692307692
2128970218770090704;2021-10;0.0
3281818438120834833;2021-09;0.02191186412837121
6926309382371178621;2021-09;0.005376755293649959
6091519986999196884;2021-09;0.0013211363104980126
864510931144626280;2021-09;0.006843030175727578
864510931144626280;2021-09;0.008156733934613893
864510931144626280;2021-09;0.008492569315707896
864510931144626280;2021-09;0.005682263960143918
864510931144626280;2021-09;0.007616193394073353
7436628409157313756;2021-09;0.06813586211265626
7949169060790541229;2021-09;0.015665593325525858
7949169060790541229;2021-10;0.004076502766306913
7949169060790541229;2021-10;0.006251379706651125
7949169060790541229;2021-10;0.012537149133901528
3258345688897172820;2021-09;0.10235777496211819
3258345688897172820;2021-09;0.13669681321775234
3258345688897172820;2021-10;0.10913561397330042
3258345688897172820;2021-10;0.1261630776370849
8464769152264029983;2021-09;0.054310421079124316
8716163053080758848;2021-09;0.011769851703110876
8716163053080758848;2021-09;0.011687722975174177
8716163053080758848;2021-09;0.005189411976911977
8716163053080758848;2021-09;0.005189411976911977
8716163053080758848;2021-09;0.011769851703110876
8716163053080758848;2021-09;0.011769851703110876
8716163053080758848;2021-10;0.0073214638166586845
8716163053080758848;2021-10;0.005117462659044809
8716163053080758848;2021-10;0.005334365687306863
8716163053080758848;2021-10;0.0038211663627485126
8716163053080758848;2021-10;0.003513708513708513
8716163053080758848;2021-10;0.003438672438672439
8716163053080758848;2021-10;0.0023011363636363637
187117706370645370;2021-09;0.045178845443650015
187117706370645370;2021-10;0.0844579629269988
187117706370645370;2021-10;0.05132239127145443
187117706370645370;2021-10;0.08281597980709321
3888528635045328222;2021-09;0.029047133710737416
3888528635045328222;2021-10;0.4092505755752899
3888528635045328222;2021-10;0.057295193662631264
5371387005775513675;2021-09;0.03352526543835462
5371387005775513675;2021-10;0.027480475607047014
5371387005775513675;2021-10;0.03167107288743711
257162352336759783;2021-09;0.0036116488699532044
257162352336759783;2021-09;0.003597377718067374
257162352336759783;2021-09;0.002486266606956262
257162352336759783;2021-10;0.0005195681511470985
234898976850399181;2021-09;0.019679733428380565
234898976850399181;2021-10;0.17449498716724932
234898976850399181;2021-10;0.025055378329962578
4993499380140734678;2021-09;0.014253147664072036
4993499380140734678;2021-10;0.2389213214642739
5042877476420217533;2021-09;0.003962034134447927
5042877476420217533;2021-09;0.0026421356421356423
5042877476420217533;2021-09;0.0010966810966810967
5042877476420217533;2021-10;0.001799752106048192
5042877476420217533;2021-10;0.001102077687443541
5042877476420217533;2021-10;0.001102077687443541
4956614249204803652;2021-09;0.10299834758376702
4956614249204803652;2021-10;0.04137863880012063
7750874287225529604;2021-09;0.01720070134982492
7750874287225529604;2021-09;0.017100701349824925
7750874287225529604;2021-10;0.04265326208741404
3807130563335796378;2021-09;0.04823089108637242
3807130563335796378;2021-10;0.07380759911347617
2123312420728961012;2021-09;0.07419875394639887
2123312420728961012;2021-10;0.06579666332886103
1182975716201409626;2021-09;0.004668484409479098
1182975716201409626;2021-09;0.004323656823272201
1182975716201409626;2021-10;0.0009027777777777777
1182975716201409626;2021-10;0.0009027777777777777
7664272163315705419;2021-09;0.0071158925414143625
7664272163315705419;2021-10;0.023774017761796724
4614484019183480654;2021-09;0.0010815850815850817
3228830386980584958;2021-09;0.004721399536203683
3228830386980584958;2021-09;0.004785144415355539
3228830386980584958;2021-10;0.006085786768430182
3228830386980584958;2021-10;0.007537202591926095
2735662700719640627;2021-09;0.04007357009973825
2250817603281429928;2021-09;0.007063108310356716
2250817603281429928;2021-10;0.0006150978564771669
2250817603281429928;2021-10;0.0
2250817603281429928;2021-10;0.00041666666666666664
2250817603281429928;2021-10;0.00075
6276792736652545216;2021-09;0.010507440006220297
6276792736652545216;2021-10;0.003068862980627686
6276792736652545216;2021-10;0.00516441774337012
6276792736652545216;2021-10;0.016072289839939774
6276792736652545216;2021-10;0.008569627489902915
4588313530969303734;2021-09;0.047433829425517215
4588313530969303734;2021-10;0.04549356141149082
4588313530969303734;2021-10;0.04295415690747714
4571290108043699959;2021-09;0.0044380508113578895
4571290108043699959;2021-09;0.00804305855772808
6098833389547425063;2021-09;0.10185518324111852
6098833389547425063;2021-10;0.331984408593353
6098833389547425063;2021-10;0.07093810532023653
2687720147676132707;2021-09;0.012295261900968238
2687720147676132707;2021-09;0.0144330858683439
2687720147676132707;2021-10;0.011810561446035019
622073912578471754;2021-09;0.13685709657749026
622073912578471754;2021-09;0.13369495160874467
622073912578471754;2021-10;0.1447422868835117
2278650548373578523;2021-09;0.06256905907997236
2278650548373578523;2021-09;0.06022755428846757
2278650548373578523;2021-10;0.0720513781504896
1117184216453911295;2021-09;0.010770514320047714
1117184216453911295;2021-10;0.3110072063120742
1117184216453911295;2021-10;0.19954247998741212
5993765508162121762;2021-09;0.020097345844907088
5993765508162121762;2021-09;0.02086588441452453
5993765508162121762;2021-10;0.018669019384124068
8252215766413781202;2021-09;0.04148215338649231
8252215766413781202;2021-10;0.030402621428373477
5255460548789019114;2021-09;0.016869198019007516
5635781225931111684;2021-09;0.009359387848780513
5635781225931111684;2021-09;0.00507754014749278
5635781225931111684;2021-10;0.005928743672772785
1088521227159442264;2021-09;0.03662018476936288
1088521227159442264;2021-09;0.02615535800077888
1088521227159442264;2021-09;0.02615535800077888
1088521227159442264;2021-10;0.02952099301036857
1088521227159442264;2021-10;0.03561428969558485
524026009392362402;2021-09;0.4517705258059557
524026009392362402;2021-09;0.011102368547546959
524026009392362402;2021-10;0.024826489562547693
8646472172649019955;2021-09;0.12005951779570387
8646472172649019955;2021-09;0.11095269482138406
8646472172649019955;2021-10;0.4098321393014306
8646472172649019955;2021-10;0.1286051389922881
8646472172649019955;2021-10;0.1437835416889578
8646472172649019955;2021-10;0.13256629935369432
5271591321704178730;2021-09;0.015483059889755615
5271591321704178730;2021-10;0.015389251399902569
5511113649464808344;2021-09;0.03876343119354151
5511113649464808344;2021-10;0.45651700877497364
5511113649464808344;2021-10;0.05344348171542958
5511113649464808344;2021-10;0.05247209016838013
1536087798470875922;2021-09;0.04455614174850533
1536087798470875922;2021-09;0.041902074599695596
1536087798470875922;2021-09;0.041902074599695596
1536087798470875922;2021-10;0.05059096498910783
1536087798470875922;2021-10;0.04684198029469612
7911162482760986289;2021-09;0.10371662600460609
7911162482760986289;2021-10;0.09544837803496595
2808145376905474927;2021-09;0.14714520030436376
2808145376905474927;2021-09;0.14995342922635596
2808145376905474927;2021-10;0.12793893799147973
2808145376905474927;2021-10;0.17046927291868755
4335865859049992260;2021-09;0.0035102910763523394
4335865859049992260;2021-09;0.0058902501078821065
4334472256949955221;2021-09;0.009285815159912695
4334472256949955221;2021-09;0.0056253357407856554
86110062990790869;2021-09;0.05045852226601706
86110062990790869;2021-10;0.05787251548787054
86110062990790869;2021-10;0.05154622189043732
8828303152301461681;2021-09;0.08550012351092164
8828303152301461681;2021-09;0.06518632278051588
8828303152301461681;2021-09;0.07345344483641751
8828303152301461681;2021-10;0.06947475087740862
8609938720215175911;2021-09;0.02261791969609587
8609938720215175911;2021-09;0.019588848609177093
8609938720215175911;2021-10;0.04790078300675057
8609938720215175911;2021-10;0.09009575268242066
2780030912070252968;2021-09;0.08361838185063544
2780030912070252968;2021-10;0.07550742550457103
683445437387317282;2021-09;0.0037092601026424555
683445437387317282;2021-09;0.0056437400371223915
683445437387317282;2021-10;0.0016324786324786325
683445437387317282;2021-10;0.003539918922540874
683445437387317282;2021-10;0.002993801217939149
683445437387317282;2021-10;0.006847401128283481
683445437387317282;2021-10;0.004035943223443223
683445437387317282;2021-10;0.006728772297764407
2033394215069562776;2021-09;0.03724341045514124
2033394215069562776;2021-10;0.021549786733710784
2033394215069562776;2021-10;0.01593960642123638
2033394215069562776;2021-10;0.055365923345598755
1052398277967427422;2021-09;0.0005204216073781291
1052398277967427422;2021-10;0.0025975386812290115
1052398277967427422;2021-10;0.25640132555589246
7895753719321668294;2021-09;0.0007689050211736237
7895753719321668294;2021-09;0.0105124574735788
7895753719321668294;2021-09;0.0044553814781400705
7895753719321668294;2021-10;0.010952988281308848
7895753719321668294;2021-10;0.011454840738538878
7895753719321668294;2021-10;0.010764327025233507
1454789421854453615;2021-09;0.18585638753943495
1454789421854453615;2021-09;0.11235008244002503
1454789421854453615;2021-09;0.13326643004245647
1454789421854453615;2021-09;0.18255301835504753
1454789421854453615;2021-09;0.11368457931545058
1454789421854453615;2021-09;0.18635250618772747
1454789421854453615;2021-09;0.1376920403515899
1454789421854453615;2021-10;0.04724537842435276
8505870778358741102;2021-09;0.0009163733869616222
8505870778358741102;2021-10;0.008427876880607971
8505870778358741102;2021-10;0.17809748681897328
8505870778358741102;2021-10;0.01142472562010377
8505870778358741102;2021-10;0.013140605128044594
1033361676287635885;2021-09;0.020402015832552217
1033361676287635885;2021-09;0.020402015832552217
1033361676287635885;2021-10;0.008233002923822744
1033361676287635885;2021-10;0.009652101067058818
8083157716178259762;2021-09;0.0008333333333333333
8083157716178259762;2021-10;0.0003448275862068965
3543162424793477785;2021-09;0.0031784699137640316
3543162424793477785;2021-09;0.007120748629949329
3543162424793477785;2021-10;0.005904906087461867
3279078057358159966;2021-09;0.02669245969017799
3279078057358159966;2021-09;0.028276825015255386
3279078057358159966;2021-10;0.07460973657952001
3279078057358159966;2021-10;0.07460973657952001
1683619849073499603;2021-09;0.0073652371050613695
1683619849073499603;2021-10;0.006623624993768407
1683619849073499603;2021-10;0.009555380565490695
1683619849073499603;2021-10;0.008362966079039724
1696462947583294958;2021-09;0.008905158931269834
1696462947583294958;2021-10;0.01143027633968895
1272921915900711149;2021-09;0.017661287106703324
1272921915900711149;2021-09;0.001870122630992196
1272921915900711149;2021-10;0.007340095810634713
1272921915900711149;2021-10;0.00950666097874975
4052557282157719526;2021-09;0.003550113378684807
4052557282157719526;2021-09;0.0068674210709924995
4052557282157719526;2021-10;0.00958709714398162
4052557282157719526;2021-10;0.007036071864643293
4052557282157719526;2021-10;0.0048038031586903765
4052557282157719526;2021-10;0.004022126745435017
2773493808492482979;2021-09;0.004661041751324993
5574997762710520717;2021-09;0.014470489003732497
6724017568171288443;2021-09;0.005382971172712834
6724017568171288443;2021-09;0.011383961518698655
6724017568171288443;2021-10;0.007123946727599477
837142477962609471;2021-09;0.007272058823529412
837142477962609471;2021-09;0.009844271094017544
837142477962609471;2021-09;0.005415354833193707
837142477962609471;2021-09;0.004625000000000001
837142477962609471;2021-09;0.011281147893712935
837142477962609471;2021-09;0.011281147893712935
837142477962609471;2021-10;0.002460119694162247
837142477962609471;2021-10;0.004902951079421668
4769364850030443969;2021-09;0.06191596734746921
4769364850030443969;2021-10;0.25685469985216286
4769364850030443969;2021-10;0.08070109328573373
6987942592445950913;2021-09;0.0008781362007168459
6987942592445950913;2021-09;0.0031945865617791446
6987942592445950913;2021-09;0.0008068181818181819
6987942592445950913;2021-10;0.003176491519233455
6987942592445950913;2021-10;0.10904767522040094
6987942592445950913;2021-10;0.0013619844489519944
6987942592445950913;2021-10;0.003176491519233455
4919908458022265747;2021-09;0.014606742011694944
4919908458022265747;2021-10;0.019743651640284906
4919908458022265747;2021-10;0.07038130470281684
4919908458022265747;2021-10;0.012788086049346408
8123515208041701633;2021-09;0.2982736925797342
8123515208041701633;2021-10;0.06842143984515771
8123515208041701633;2021-10;0.4706113901579918
6817075905797098547;2021-09;0.08615204361319692
6817075905797098547;2021-10;0.18970671929978475
6817075905797098547;2021-10;0.13459785069863164
6817075905797098547;2021-10;0.1469440625573589
3408536439470975134;2021-09;0.0025806451612903226
3408536439470975134;2021-09;0.0025806451612903226
3408536439470975134;2021-09;0.00041666666666666664
3408536439470975134;2021-10;0.0023972169512966475
3408536439470975134;2021-10;0.01491564817745802
3408536439470975134;2021-10;0.008561945437493432
3408536439470975134;2021-10;0.01491564817745802
7085295800541340563;2021-09;0.03031608548226591
7085295800541340563;2021-10;0.004701066105761736
3668905663669864663;2021-09;0.002238425925925926
3668905663669864663;2021-10;0.001
4130617254899676131;2021-09;0.012398883038322657
4130617254899676131;2021-10;0.01664671404711663
4130617254899676131;2021-10;0.02298038628993758
175003104385133396;2021-09;0.013427743606303284
175003104385133396;2021-10;0.13851690678816062
175003104385133396;2021-10;0.019376295171710453
7076661330300123587;2021-09;0.005120287520024076
4342146186255136598;2021-09;0.004368368190948836
4342146186255136598;2021-09;0.012858706207110463
4342146186255136598;2021-10;0.01376719689977418
4342146186255136598;2021-10;0.013341664984880562
4342146186255136598;2021-10;0.005552944446160023
4342146186255136598;2021-10;0.013805034948250526
4342146186255136598;2021-10;0.013805034948250526
4342146186255136598;2021-10;0.0050401239333395095
2012477868296377155;2021-09;0.0645566964823205
2012477868296377155;2021-10;0.05838695352548423
2012477868296377155;2021-10;0.07700732464585534
2012477868296377155;2021-10;0.060842386980917686
2092588065958607289;2021-09;0.011682763223226273
2092588065958607289;2021-09;0.0035456382892715653
2092588065958607289;2021-10;0.0002702702702702703
2092588065958607289;2021-10;0.0002702702702702703
2092588065958607289;2021-10;0.00600279142363235
2092588065958607289;2021-10;0.0023612801442416047
7810985951121711480;2021-09;0.005978705118188511
7810985951121711480;2021-10;0.0026693834900731457
7810985951121711480;2021-10;0.0008571428571428571
7810985951121711480;2021-10;0.0006666666666666666
3591324331706630867;2021-09;0.02048578226088504
3591324331706630867;2021-09;0.019657560236192945
3591324331706630867;2021-10;0.06562626793801239
3591324331706630867;2021-10;0.06198235783974777
3591324331706630867;2021-10;0.08769750513043319
3591324331706630867;2021-10;0.04874932943359325
5687511145009775604;2021-09;0.1360158799798803
5687511145009775604;2021-10;0.23257461020112596
5687511145009775604;2021-10;0.2287074233007921
1637960623843047520;2021-09;0.10981307663883141
1637960623843047520;2021-10;0.10143953113280212
1637960623843047520;2021-10;0.09332851409124127
4008627434689715639;2021-09;0.28115984996519605
4008627434689715639;2021-09;0.28533517641815714
4008627434689715639;2021-10;0.22895245779705203
4008627434689715639;2021-10;0.23676509153299566
4008627434689715639;2021-10;0.23715626327201172
4008627434689715639;2021-10;0.22168410326241442
4008627434689715639;2021-10;0.2562715968719458
924957821424248698;2021-09;0.0014960500329163923
1945147145527703963;2021-09;0.02077872951073674
2903869860445366876;2021-09;0.010582862374462303
2903869860445366876;2021-09;0.007611811788794815
2903869860445366876;2021-10;0.0030306859806859807
2903869860445366876;2021-10;0.011274490415508723
4532469127306079736;2021-09;0.005651192627827184
4532469127306079736;2021-09;0.006758913609432043
4532469127306079736;2021-10;0.020259725161384533
8748106677402909629;2021-09;0.0567371551046472
6367769402148499693;2021-09;0.009133892033892034
6367769402148499693;2021-09;0.009133892033892034
6367769402148499693;2021-10;0.00754460134557976
6367769402148499693;2021-10;0.012058327993947272
7692335720341018458;2021-09;0.006507677954223951
7692335720341018458;2021-09;0.004743346662989521
7692335720341018458;2021-10;0.003633042341230278
5753677550753111444;2021-09;0.0033906427435839203
5753677550753111444;2021-09;0.002008403361344538
5753677550753111444;2021-10;0.00267816091954023
4095739077267179172;2021-09;0.1395141144033471
4095739077267179172;2021-10;0.2562972219236277
4095739077267179172;2021-10;0.31934550866453054
1741049493106216406;2021-09;0.062348021836095786
6633838062940819075;2021-09;0.005111478010698679
6633838062940819075;2021-09;0.005111478010698679
6633838062940819075;2021-10;0.03938772720497754
6633838062940819075;2021-10;0.0201891176135108
6633838062940819075;2021-10;0.020002850289567324
6633838062940819075;2021-10;0.04085831544027165
6633838062940819075;2021-10;0.0201891176135108
6633838062940819075;2021-10;0.020002850289567324
7444686668183702737;2021-09;0.011730290274004856
7444686668183702737;2021-09;0.007956691291660068
7444686668183702737;2021-10;0.0034582216296212237
39547025441582855;2021-09;0.049902190924613204
39547025441582855;2021-09;0.06875044112996904
39547025441582855;2021-10;0.029481870454968924
39547025441582855;2021-10;0.025544123406754004
1078687383992817574;2021-09;0.322392739539803
1078687383992817574;2021-09;0.21942407107764403
1078687383992817574;2021-10;0.3587577957061518
1078687383992817574;2021-10;0.3587577957061518
1078687383992817574;2021-10;0.2955646484832986
1078687383992817574;2021-10;0.21438215682417325
1078687383992817574;2021-10;0.2027293098613037
1078687383992817574;2021-10;0.2773794679186948
1078687383992817574;2021-10;0.3472458376729503
3822753345985951756;2021-09;0.0060824865690487185
3822753345985951756;2021-10;0.006125130914209843
3822753345985951756;2021-10;0.005776060203171587
3822753345985951756;2021-10;0.00916729842862566
6950439982480713649;2021-09;0.10253511186909092
7246466789138290692;2021-09;0.0027369727047146402
5757271354816214865;2021-09;0.7310271400208257
5757271354816214865;2021-09;0.7319321884418651
5757271354816214865;2021-09;0.7306897554992305
8045116560666679751;2021-09;0.0707496556850633
8045116560666679751;2021-09;0.04540548646069819
4489904752023469353;2021-09;0.0946729541887611
4489904752023469353;2021-09;0.2199230967980681
4489904752023469353;2021-10;0.09442888210153125
5440313607363845188;2021-09;0.004631204030129423
5440313607363845188;2021-10;0.013005973784330336
5440313607363845188;2021-10;0.01010515968715544
8596605705893456305;2021-09;0.3334400716959534
8596605705893456305;2021-09;0.32868952896457065
8596605705893456305;2021-09;0.3328244263252744
8596605705893456305;2021-09;0.3421388353804468
8596605705893456305;2021-09;0.3334400716959534
8596605705893456305;2021-10;0.31144304329699535
8596605705893456305;2021-10;0.4594785718010701
8596605705893456305;2021-10;0.3119561703739675
4795152981525833467;2021-09;0.008455499949635101
4795152981525833467;2021-09;0.013961294814544238
4795152981525833467;2021-10;0.004849073742337499
4795152981525833467;2021-10;0.06811872962709399
4795152981525833467;2021-10;0.028802160236771644
4795152981525833467;2021-10;0.032834017619718034
7468724002190465812;2021-09;0.00364059105040548
3915426102465954493;2021-09;0.004282927198249779
3915426102465954493;2021-10;0.003231482714241335
7398738404146260251;2021-09;0.021852448203841978
7398738404146260251;2021-09;0.017738359007283492
7398738404146260251;2021-10;0.016134417834750444
7398738404146260251;2021-10;0.01062205620407953
5897410907783139228;2021-09;0.005393767481431566
5897410907783139228;2021-09;0.0025170205065702988
5897410907783139228;2021-09;0.0025170205065702988
5897410907783139228;2021-10;0.0025222540245029
5897410907783139228;2021-10;0.005824956604692948
7457803471605010846;2021-09;0.007375652026024439
7457803471605010846;2021-10;0.0057251773581465295
7457803471605010846;2021-10;0.005734163925039828
7457803471605010846;2021-10;0.0033278682068900102
3045840317107313913;2021-09;0.00951561116019399
3045840317107313913;2021-10;0.03770475142523329
3045840317107313913;2021-10;0.01917926608237528
3045840317107313913;2021-10;0.021995916467218043
3045840317107313913;2021-10;0.019555268756172074
3045840317107313913;2021-10;0.03164603424248045
3045840317107313913;2021-10;0.02429107879567306
6722781660631652440;2021-09;0.008504806685250233
531805620371082364;2021-09;0.06791657560700486
531805620371082364;2021-09;0.06464939752812789
531805620371082364;2021-10;0.0239348812433685
531805620371082364;2021-10;0.04159100603627776
531805620371082364;2021-10;0.021088049288847065
2619109825960703851;2021-09;0.05098603856155457
2619109825960703851;2021-09;0.037103477874495895
2619109825960703851;2021-10;0.021285520452538346
2382123267535341265;2021-09;0.004744609164420485
2382123267535341265;2021-09;0.004744609164420485
2382123267535341265;2021-10;0.003742921492921493
4043546053926060305;2021-09;0.2552476857594789
4043546053926060305;2021-10;0.29861863788910553
4043546053926060305;2021-10;0.2925202790375367
5786895437851445408;2021-09;0.031286304087161106
5786895437851445408;2021-09;0.06343015813150851
5786895437851445408;2021-09;0.06366619484354011
5786895437851445408;2021-10;0.07314468818875956
5786895437851445408;2021-10;0.05966040985016227
5786895437851445408;2021-10;0.0738871780706218
4365965554261111250;2021-09;0.33406034562179676
4365965554261111250;2021-09;0.35598665100476184
4365965554261111250;2021-10;0.3426637744957473
5577659616907513811;2021-09;0.4259771762620258
5577659616907513811;2021-09;0.4196118759369336
5577659616907513811;2021-09;0.45105087543501227
5577659616907513811;2021-09;0.44195721015231654
5577659616907513811;2021-10;0.5491307330373001
5577659616907513811;2021-10;0.28868564826882265
5577659616907513811;2021-10;0.2862455785714553
4635578010631860111;2021-09;0.005909904807222106
4635578010631860111;2021-10;0.024271617905928144
4635578010631860111;2021-10;0.01720167842035853
7289435138601868544;2021-09;0.003432320820174657
7289435138601868544;2021-09;0.005985762889622825
7289435138601868544;2021-10;0.006012469873081079
7289435138601868544;2021-10;0.018572943908201155
7289435138601868544;2021-10;0.006541041301652507
7289435138601868544;2021-10;0.006541041301652507
7289435138601868544;2021-10;0.011436039815873404
5794903898038236832;2021-09;0.07572049103893666
5794903898038236832;2021-10;0.11567403439706077
5794903898038236832;2021-10;0.1133385080812713
5794903898038236832;2021-10;0.13397895767724985
3829967475074118757;2021-09;0.3024847077434389
3829967475074118757;2021-09;0.6582956037452182
3829967475074118757;2021-09;0.3000423626475789
3829967475074118757;2021-10;0.4303396235042058
3829967475074118757;2021-10;0.41587834679728053
3829967475074118757;2021-10;0.4168979546404178
3829967475074118757;2021-10;0.41869207832197297
710593997981520423;2021-09;0.0028807459876326446
710593997981520423;2021-10;0.0012794612794612794
710593997981520423;2021-10;0.001704855456790441
2371917341091102894;2021-09;0.09320449523492673
2371917341091102894;2021-09;0.09721467223491548
2645324649046215594;2021-09;0.0006256109481915934
2645324649046215594;2021-09;0.0024053983505203016
2645324649046215594;2021-10;0.0037028467205493165
8729164666041467296;2021-09;0.12484840813801493
8729164666041467296;2021-09;0.12484840813801493
8729164666041467296;2021-10;0.1256048020349114
8729164666041467296;2021-10;0.14430129947542403
8729164666041467296;2021-10;0.1373266785911664
1616952665234409442;2021-09;0.03612291692032085
1616952665234409442;2021-09;0.028018457662641678
1616952665234409442;2021-10;0.13788157185564348
1616952665234409442;2021-10;0.24276574136298434
1616952665234409442;2021-10;0.13003313979989436
1616952665234409442;2021-10;0.4410136015696161
1616952665234409442;2021-10;0.4380726201497428
1616952665234409442;2021-10;0.43292173546671037
1616952665234409442;2021-10;0.11327925120613275
1616952665234409442;2021-10;0.15621976108293997
1616952665234409442;2021-10;0.12202944020840162
1616952665234409442;2021-10;0.16050389027658923
1616952665234409442;2021-10;0.13932602683789203
1616952665234409442;2021-10;0.13211310193471307
1616952665234409442;2021-10;0.12151745763759553
1616952665234409442;2021-10;0.14692670178927067
1616952665234409442;2021-10;0.12370777674752516
1616952665234409442;2021-10;0.12881510672641316
1616952665234409442;2021-10;0.1500981677966635
6198047969028248384;2021-09;0.005477416430763287
6198047969028248384;2021-09;0.003712421375285262
8994944800097997361;2021-09;0.04878198964725554
8994944800097997361;2021-09;0.04878198964725554
8994944800097997361;2021-10;0.031628707405635274
8994944800097997361;2021-10;0.030477325832786124
2772135008486239291;2021-09;0.02301907686416134
2772135008486239291;2021-10;0.014886506315418036
2772135008486239291;2021-10;0.026981109374008688
2772135008486239291;2021-10;0.012388706577805992
4785355632922927313;2021-09;0.10589065675858161
4785355632922927313;2021-09;0.09139609843090976
4785355632922927313;2021-10;0.09366581808340063
1104269683367198574;2021-09;0.018000965807992677
1104269683367198574;2021-10;0.01634140838902877
1104269683367198574;2021-10;0.027354096267757075
1104269683367198574;2021-10;0.010696113310649886
8859064595603380512;2021-09;0.025582019986131632
9156666134024889730;2021-09;0.01357723754520746
9156666134024889730;2021-09;0.013255786638390698
9156666134024889730;2021-10;0.009070176943107099
8049805689946244047;2021-09;0.10716689511705908
8049805689946244047;2021-09;0.08796918839456108
8049805689946244047;2021-09;0.08344569245698566
8049805689946244047;2021-10;0.03623338086452661
8049805689946244047;2021-10;0.051816919690123184
8049805689946244047;2021-10;0.038910864321615335
4414438591613884911;2021-09;0.012214568367186773
4414438591613884911;2021-09;0.002904064779064779
4414438591613884911;2021-10;0.0048074221678592035
4414438591613884911;2021-10;0.002965830713508732
4414438591613884911;2021-10;0.0026159174688586456
8385636129786687263;2021-09;0.07667157997555546
8385636129786687263;2021-10;0.10553004061713789
8385636129786687263;2021-10;0.10469971462332404
8385636129786687263;2021-10;0.08680464815593765
4717717003637613480;2021-09;0.0020746449611855618
4717717003637613480;2021-09;0.0007407407407407407
4717717003637613480;2021-10;0.003192553748727275
4717717003637613480;2021-10;0.0021556873892802702
4874157215501489741;2021-09;0.026513409530732314
4874157215501489741;2021-09;0.02292949005431796
4874157215501489741;2021-09;0.02271368458319334
4874157215501489741;2021-10;0.020631665164860653
4874157215501489741;2021-10;0.01603922904488646
4874157215501489741;2021-10;0.015371981868666203
3357976326879346012;2021-09;0.14356117670284305
3357976326879346012;2021-09;0.13530175458304824
3357976326879346012;2021-10;0.17531565095636253
3357976326879346012;2021-10;0.18154518584203688
6217788509719675691;2021-09;0.005122661126200276
6217788509719675691;2021-09;0.0075703099411825485
6217788509719675691;2021-10;0.006852338875166052
621182491555347581;2021-09;0.016042490228131704
621182491555347581;2021-09;0.4796106511318565
621182491555347581;2021-10;0.010551471076807014
621182491555347581;2021-10;0.013335301679808752
621182491555347581;2021-10;0.008427828527492581
621182491555347581;2021-10;0.014849111724052712
5465001651966355821;2021-09;0.08028968739778404
5465001651966355821;2021-09;0.08608304260899968
5465001651966355821;2021-10;0.07366304926780538
5465001651966355821;2021-10;0.13038294187605032
5465001651966355821;2021-10;0.11310309356679862
3025708129948185495;2021-09;0.007966131387965255
3025708129948185495;2021-10;0.003387407346210578
3812760626052898456;2021-09;0.004266142099434633
3812760626052898456;2021-10;0.0005714285714285714
3812760626052898456;2021-10;0.0007984496124031007
8463871205935856285;2021-09;0.006387596679410385
8463871205935856285;2021-10;0.011519336839787874
682352428813668634;2021-09;0.03165754872144245
682352428813668634;2021-09;0.03455319142296749
682352428813668634;2021-09;0.027553012792268024
682352428813668634;2021-10;0.031032212311711452
682352428813668634;2021-10;0.031032212311711452
682352428813668634;2021-10;0.031032212311711452
3838562409581494430;2021-09;0.0028572778221293287
5856610998569876318;2021-09;0.008258699571031598
5856610998569876318;2021-09;0.008258699571031598
2308217045093677129;2021-09;0.0036413785441617857
3036967290595689189;2021-09;0.004298873113358278
3036967290595689189;2021-10;0.004068758099525244
7722287846688771887;2021-09;0.015107983513058842
7722287846688771887;2021-10;0.007844176844809037
7722287846688771887;2021-10;0.5934465370348878
4717593620120611957;2021-09;0.0023324850732528474
4717593620120611957;2021-10;0.004037998857714001
9052787288251876909;2021-09;0.0035728687426538363
9052787288251876909;2021-10;0.00413814907939592
9052787288251876909;2021-10;0.0037709373230753575
3386019519917828299;2021-09;0.001683068783068783
3386019519917828299;2021-10;0.00943274976224577
510795635145114083;2021-09;0.013949286103726278
510795635145114083;2021-09;0.00987731487224189
510795635145114083;2021-10;0.011885902052088069
510795635145114083;2021-10;0.014102099917214363
510795635145114083;2021-10;0.014094614488992392
5974858472822751652;2021-09;0.005491462119652613
5974858472822751652;2021-10;0.0027693331580977082
5974858472822751652;2021-10;0.00332929298683907
5974858472822751652;2021-10;0.0033178481716122743
5974858472822751652;2021-10;0.0024914355038202964
5958664040344043635;2021-09;0.017454820811425086
5958664040344043635;2021-10;0.014281872971936685
3391123212703223634;2021-09;0.014325800994322522
6528158819463595826;2021-09;0.00407717434439687
8548612698724688238;2021-09;0.05632204039051751
8548612698724688238;2021-10;0.053234749293211106
5522764880180045081;2021-09;0.0077728121581554736
5522764880180045081;2021-10;0.00840328142307039
5522764880180045081;2021-10;0.00456030987452909
5522764880180045081;2021-10;0.15286412830914098
5522764880180045081;2021-10;0.00840328142307039
5522764880180045081;2021-10;0.007045409822611277
8004409125524742779;2021-09;0.0034017237862097103
8004409125524742779;2021-09;0.050471528593337096
8004409125524742779;2021-10;0.0034047619047619044
8004409125524742779;2021-10;0.016280738483344947
8343941262792249232;2021-09;0.07198296820015425
8343941262792249232;2021-09;0.07198296820015425
8343941262792249232;2021-09;0.07354381492015516
8343941262792249232;2021-10;0.09917788747409684
7031913170099381454;2021-09;0.15485877958013913
7031913170099381454;2021-10;0.13090125332595365
6030285068945261052;2021-09;0.005007671876418116
6030285068945261052;2021-09;0.0046575318203957074
6030285068945261052;2021-10;0.005427198051830993
665505091521986356;2021-09;0.0032117684804767914
665505091521986356;2021-10;0.0017201784478348531
665505091521986356;2021-10;0.0011436925647451961
665505091521986356;2021-10;0.00044570886676149836
6828316696355015040;2021-09;0.004070646565262261
4202876623878743806;2021-09;0.05710860238583645
4202876623878743806;2021-10;0.2576262534892946
4202876623878743806;2021-10;0.04352297779090913
4202876623878743806;2021-10;0.07307584288361413
4202876623878743806;2021-10;0.07948263069954392
6352592240901579272;2021-09;0.007166280821246049
2819054834565698513;2021-09;0.018233681581494653
2819054834565698513;2021-10;0.06467515574076638
2819054834565698513;2021-10;0.051582585992572885
988707525807573448;2021-09;0.00945054328219627
988707525807573448;2021-10;0.013918946019420666
988707525807573448;2021-10;0.010527891207876356
988707525807573448;2021-10;0.012204027571512718
4512887927067894301;2021-09;0.07202210785460911
3204108603682323936;2021-09;0.00668250145513575
3204108603682323936;2021-09;0.008909052681686975
3204108603682323936;2021-10;0.01441643920633734
3204108603682323936;2021-10;0.00617541932058061
2493305884832539159;2021-09;0.08445106087172398
7920896580423665241;2021-09;0.0042886231415643185
7920896580423665241;2021-09;0.003351648351648352
7920896580423665241;2021-10;0.002414141414141414
7920896580423665241;2021-10;0.0019101731601731604
5078307295214858596;2021-09;0.0384208284832929
5078307295214858596;2021-10;0.022045399935206256
5078307295214858596;2021-10;0.0299508916338014
5078307295214858596;2021-10;0.032890930318520945
295375823203017296;2021-09;0.0034406987632794083
295375823203017296;2021-10;0.0019142642803558032
295375823203017296;2021-10;0.0020236932273820806
6968106554514688300;2021-09;0.33348734969341365
6968106554514688300;2021-10;0.07583066280897437
6968106554514688300;2021-10;0.01712079499425979
6968106554514688300;2021-10;0.010769391772694084
51762959302415533;2021-09;0.07650653222711166
1611146298923153842;2021-09;0.005237694759902271
1611146298923153842;2021-09;0.007820173012476419
1611146298923153842;2021-10;0.016794490114166474
1611146298923153842;2021-10;0.019608354388810548
8185063234515056194;2021-09;0.009089613877125029
8185063234515056194;2021-09;0.008426152338663489
8185063234515056194;2021-10;0.007086274807558759
8185063234515056194;2021-10;0.00924592802032289
1414132620714431952;2021-09;0.13899104416736413
465309249432033993;2021-09;0.0008858330668372242
465309249432033993;2021-09;0.004708909292705075
465309249432033993;2021-10;0.0023894269572235674
2423599281313969582;2021-09;0.018563851334992096
2762573180349093009;2021-09;0.03723689316533457
7637066986811047950;2021-09;0.012392721503187518
7637066986811047950;2021-10;0.011327565218365872
7637066986811047950;2021-10;0.012276528535750245
7637066986811047950;2021-10;0.01342937331393455
7637066986811047950;2021-10;0.020802052518663475
4444330375740387073;2021-09;0.08210668195103565
4444330375740387073;2021-10;0.127639061463179
4444330375740387073;2021-10;0.15935958124613658
2763141362035716801;2021-09;0.018162477734003063
2763141362035716801;2021-09;0.018763564127309573
4569866309119931805;2021-09;0.20412727902833006
4569866309119931805;2021-10;0.1372131658760844
4569866309119931805;2021-10;0.021516049484463805
4569866309119931805;2021-10;0.024909928401258195
1507697130807703164;2021-09;0.009249109129027993
665854826624598350;2021-09;0.09694929586386554
665854826624598350;2021-10;0.043427545932187235
665854826624598350;2021-10;0.043427545932187235
7692330898726665144;2021-09;0.01585664396716058
7692330898726665144;2021-09;0.03652085744900041
7692330898726665144;2021-10;0.023667740162498646
7692330898726665144;2021-10;0.04197219255051616
7692330898726665144;2021-10;0.015322940723333527
1717812527056208209;2021-09;0.34130648246788303
1717812527056208209;2021-10;0.34920581824574143
2535803443850893368;2021-09;0.5032606476441779
2535803443850893368;2021-10;0.033855700734145476
2535803443850893368;2021-10;0.03227884947363139
2535803443850893368;2021-10;0.037569986448431195
6681781879793693802;2021-09;0.005792220963868016
6681781879793693802;2021-10;0.0024638380053126595
4210463673385510745;2021-09;0.23976207237655806
4210463673385510745;2021-10;0.16563261100836235
4210463673385510745;2021-10;0.16729927767502903
1951407691087813358;2021-09;0.006229976601292182
1951407691087813358;2021-09;0.0042109113684574515
1951407691087813358;2021-10;0.08289351074813346
7451017400765373278;2021-09;0.010676701662153785
7451017400765373278;2021-10;0.006121490991201325
6795467882769787169;2021-09;0.008584403733751227
6795467882769787169;2021-10;0.005170483638225574
6795467882769787169;2021-10;0.005520417556283967
2347028805684088098;2021-09;0.0179349889710083
2347028805684088098;2021-09;0.011282640971944188
2347028805684088098;2021-10;0.015235846913278908
2347028805684088098;2021-10;0.017309579632172917
2900002014851776114;2021-09;0.20202356069463612
2900002014851776114;2021-10;0.14275005454085085
2900002014851776114;2021-10;0.14275005454085085
2900002014851776114;2021-10;0.3311140300555184
1698828605814171242;2021-09;0.0022934491400916084
1698828605814171242;2021-10;0.013456273255909756
1698828605814171242;2021-10;0.001564838670101828
1698828605814171242;2021-10;0.011646333541152555
5893903674205161232;2021-09;0.01050090608661963
4862285428951244424;2021-09;0.0019444444444444442
4862285428951244424;2021-09;0.0035981274230122155
4862285428951244424;2021-09;0.0029699993633817163
4862285428951244424;2021-10;0.0011111111111111111
4862285428951244424;2021-10;0.003779171020550331
4862285428951244424;2021-10;0.0011111111111111111
4862285428951244424;2021-10;0.0027779133982141504
5606267905834401873;2021-09;0.026701859116007566
5606267905834401873;2021-09;0.020057345466354043
5606267905834401873;2021-10;0.07827824945111306
4982042089827666585;2021-09;0.1266945980649052
8854680481766219396;2021-09;0.1668483163759385
8854680481766219396;2021-10;0.16351153416327813
8854680481766219396;2021-10;0.16520124519441087
6204723742351094322;2021-09;0.0196672962477438
6204723742351094322;2021-10;0.004177208954610433
6204723742351094322;2021-10;0.011431701440912816
3713742318997880410;2021-09;0.0038176264967923466
3713742318997880410;2021-10;0.008065697929481194
3713742318997880410;2021-10;0.015403568387276707
1106971614386004604;2021-09;0.10600980772975246
1368430815953333691;2021-09;0.07732985563147554
1368430815953333691;2021-10;0.07623312562367505
1368430815953333691;2021-10;0.08162684883241252
662944582644865942;2021-09;0.07357061183219384
662944582644865942;2021-10;0.1205273348097846
940214356651040716;2021-09;0.0739654043842709
3192341047315717823;2021-09;0.07570473873776534
5198904647759787695;2021-09;0.19521161551928465
5198904647759787695;2021-09;0.1911972083581692
1420529738304793615;2021-09;0.01499348432843705
1420529738304793615;2021-10;0.032116622614928064
1420529738304793615;2021-10;0.03329278487383023
4898797487317475277;2021-09;0.03481673351173366
7200509200540839533;2021-09;0.009441611296204255
7200509200540839533;2021-10;0.0011483516483516483
7200509200540839533;2021-10;0.0044334941112835645
7200509200540839533;2021-10;0.00313537851037851
7492389223353246125;2021-09;0.10564714347555461
287529573188507001;2021-09;0.004290069509135606
7395696797140470088;2021-09;0.0053541055718475065
7395696797140470088;2021-10;0.00359956325710934
6532139198609901627;2021-09;0.0009419755362960231
6532139198609901627;2021-10;0.01710500778291835
8255085612985072878;2021-09;0.06014037655817954
8255085612985072878;2021-10;0.06193311231773135
8255085612985072878;2021-10;0.047709779570887505
4675067298171588603;2021-09;0.04555690322965357
4675067298171588603;2021-10;0.13052856828246542
4675067298171588603;2021-10;0.08282546416406036
4675067298171588603;2021-10;0.059511455606039584
1210783884008131648;2021-09;0.00950916159188807
7968118679747232249;2021-09;0.22308095305060568
7968118679747232249;2021-10;0.3757538633402824
7968118679747232249;2021-10;0.24234249646067663
3472934456083131714;2021-09;0.0038663419913419913
3156852928909455203;2021-09;0.005540066494542365
3156852928909455203;2021-10;0.002723856344157096
3156852928909455203;2021-10;0.07478219114558882
3156852928909455203;2021-10;0.00737587951716779
6486277549325701534;2021-09;0.010928071830062079
6486277549325701534;2021-09;0.010928071830062079
6486277549325701534;2021-10;0.006880818023397596
6486277549325701534;2021-10;0.0036428009441384734
6486277549325701534;2021-10;0.0036428009441384734
1003144834589372198;2021-09;0.011731303745124497
1003144834589372198;2021-09;0.01035181679990104
1003144834589372198;2021-10;0.009055630664860523
1003144834589372198;2021-10;0.023803478209506335
1003144834589372198;2021-10;0.0137184763368165
1003144834589372198;2021-10;0.011560206514795206
1003144834589372198;2021-10;0.037273157933747816
410843023337872279;2021-09;0.015857066923192536
410843023337872279;2021-10;0.34175841715446814
410843023337872279;2021-10;0.014377655714012172
410843023337872279;2021-10;0.03305861736112558
1430896989654626045;2021-09;0.13146717591015109
4986060939759481610;2021-09;0.1513870750749076
6394935036014530592;2021-09;0.004534988682971767
6394935036014530592;2021-10;0.0
6394935036014530592;2021-10;0.0
6394935036014530592;2021-10;0.0
6394935036014530592;2021-10;0.0
6394935036014530592;2021-10;0.005779531324725012
7848910047105468475;2021-09;0.23910457241608854
5795100045494475994;2021-09;0.007598563076940726
7818340804682162328;2021-09;0.0016613588564808076
7818340804682162328;2021-10;0.16691069420015822
5271966906483787417;2021-09;0.01839345694601145
5383359512938607117;2021-09;0.01945044227424094
2106875407768047316;2021-09;0.004192350433729744
2106875407768047316;2021-10;0.13464927493999393
2106875407768047316;2021-10;0.0016483886483886483
798425422240919854;2021-09;0.006920694117061224
798425422240919854;2021-10;0.00928512236520617
798425422240919854;2021-10;0.003519211763714368
3685376304786338340;2021-09;0.02148579466544009
3965955331400146488;2021-09;0.08786363679046769
7442192566700924647;2021-09;0.0014483406881720107
7442192566700924647;2021-10;0.002789728852228852
7442192566700924647;2021-10;0.0028358354096059014
7442192566700924647;2021-10;0.002141182314952807
7442192566700924647;2021-10;0.0031900950880035107
7442192566700924647;2021-10;0.005970888462504317
7442192566700924647;2021-10;0.006342178837728156
2988042199057874759;2021-09;0.014405858486122629
2988042199057874759;2021-09;0.017358077949458244
2988042199057874759;2021-10;0.01962132597471246
2988042199057874759;2021-10;0.0144350167579983
521351744568531135;2021-09;0.0014773618957940992
521351744568531135;2021-10;0.0019328703703703704
6462952350255736003;2021-09;0.0027823125913324174
6462952350255736003;2021-10;0.00202048463434317
8245393384938410770;2021-09;0.017966450452433093
8245393384938410770;2021-10;0.0018060971286777737
8245393384938410770;2021-10;0.0023224103224103224
8245393384938410770;2021-10;0.010312065510200374
8245393384938410770;2021-10;0.003937183830171636
7889351655716537527;2021-10;0.005550429444787769
3218226066162129945;2021-10;0.02009374660937148
3218226066162129945;2021-10;0.6896137767606649
3750579377644235511;2021-10;0.32215254222409184
1617695035450525647;2021-10;0.0025269623252889683
1617695035450525647;2021-10;0.04039484801032935
1617695035450525647;2021-10;0.006179036058007862
1617695035450525647;2021-10;0.0012903225806451613
5448628641564935127;2021-10;0.03347260791798484
5448628641564935127;2021-10;0.03644446425154242
4935929591787890253;2021-10;0.011781641547928452
4935929591787890253;2021-10;0.07707254189966634
6337915293429442229;2021-10;0.05238339789229817
15070048310374146;2021-10;0.3673916005512548
15070048310374146;2021-10;0.3673916005512548
2088532321693492263;2021-10;0.03236365061787779
5477900120643078645;2021-10;0.03531114568635016
5477900120643078645;2021-10;0.03673971711492158
2209806355660046187;2021-10;0.005546344545640895
2209806355660046187;2021-10;0.006747244268345889
5791518044186095039;2021-10;0.00896882375004032
1661240395903230676;2021-10;0.046270642539632624
1661240395903230676;2021-10;0.031162001622748178
843896882208504179;2021-10;0.4346330269836637
3682570285558758138;2021-10;0.002531889592677785
1667173444642500307;2021-10;0.06606383863440922
1998941557906036376;2021-10;0.008151715142348992
1998941557906036376;2021-10;0.005731545989610506
1998941557906036376;2021-10;0.004873463403267761
2290083177086946553;2021-10;0.002196454519035164
2290083177086946553;2021-10;0.0055253349824778385
2290083177086946553;2021-10;0.0025120889748549325
3632378524835692731;2021-10;0.005047417043740573
3632378524835692731;2021-10;0.05292734083582818
6330043096034525408;2021-10;0.2629825207796371
6330043096034525408;2021-10;0.1997616979854593
6330043096034525408;2021-10;0.20233471330754882
6330043096034525408;2021-10;0.6998845580573889
6330043096034525408;2021-10;0.25392188741567007
6330043096034525408;2021-10;0.5263049107803386
6330043096034525408;2021-10;0.20341539567132233
6330043096034525408;2021-10;0.2741246299934682
1235244772550233980;2021-10;0.005901937942435296
7176848230239877915;2021-10;0.002522988505747127
7176848230239877915;2021-10;0.002522988505747127
7176848230239877915;2021-10;0.0034083566324945636
4183921942053157552;2021-10;0.038762314038058465
4183921942053157552;2021-10;0.027435776243035642
4183921942053157552;2021-10;0.028835776243035648
4110562609148185966;2021-10;0.21413724722131847
8733525963966339207;2021-10;0.3022091151963134
5029701292539093910;2021-10;0.0045020457448092435
5029701292539093910;2021-10;0.012466813955472906
2025898153078562640;2021-10;0.0053439961006193125
1115703227712697214;2021-10;0.041047980939448114
1115703227712697214;2021-10;0.025313859442142875
1115703227712697214;2021-10;0.04554824203153752
1115703227712697214;2021-10;0.04360467028185175
3724562776372632620;2021-10;0.1209092111928489
4537982850248578883;2021-10;0.0059590059175462454
8843432852270832388;2021-10;0.012859899096719894
8843432852270832388;2021-10;0.03955780525026928
8464809590757561185;2021-10;0.00037037037037037035
8464809590757561185;2021-10;0.003022097727980081
3421433989501830226;2021-10;0.06527301886155468
6810366761249506182;2021-10;0.00863479006741375
851897122328714307;2021-10;0.002811714429361488
6784879562354696650;2021-10;0.1368789764849726
6784879562354696650;2021-10;0.10443996350641079
93982185886107798;2021-10;0.004810621876028852
93982185886107798;2021-10;0.007636111639479269
121658372387044248;2021-10;0.0009070464767616192
121658372387044248;2021-10;0.0029064977914959288
121658372387044248;2021-10;0.02924267076812922
5931905128207886847;2021-10;0.08281600749720704
1953058402621337677;2021-10;0.011467272753698503
1953058402621337677;2021-10;0.1581930824843623
1953058402621337677;2021-10;0.1603731591127148
8090492548102964782;2021-10;0.12747513934757115
5735794880899687600;2021-10;0.07002123696938184
5735794880899687600;2021-10;0.035792005072154826
5735794880899687600;2021-10;0.02711366065715461
7828430488099134389;2021-10;0.0502207174009322
7828430488099134389;2021-10;0.05301235771935994
7485107528960607346;2021-10;0.05119221591009501
7485107528960607346;2021-10;0.037064882230194475
7485107528960607346;2021-10;0.11909287083773544
7485107528960607346;2021-10;0.028755024100886647
3156580765759568020;2021-10;0.08859827843469706
6643358471662528195;2021-10;0.0032404992757483543
5489089370448387505;2021-10;0.6382716524805456
7719877724419004325;2021-10;0.034152458746489256
4858887739802767402;2021-10;0.002795387024014091
1069093308328204542;2021-10;0.0046381986617940905
1069093308328204542;2021-10;0.008272868663983843
8292458529987016717;2021-10;0.004126764794329258
3423512048884192208;2021-10;0.07088998373390853
3423512048884192208;2021-10;0.060257046490845435
8918635099296971351;2021-10;0.0905682909564495
4187591029730357479;2021-10;0.14075923018588252
4187591029730357479;2021-10;0.14075923018588252
1129657311668961746;2021-10;0.03755705348358847
6122719618012473549;2021-10;0.26551180982510375
7236776406341522879;2021-10;0.004754922449648616
6547707428090179960;2021-10;0.004638826590625459
6547707428090179960;2021-10;0.005441856893655762
6547707428090179960;2021-10;0.006955233171761209
8248484932270772248;2021-10;0.1096513065714582
8248484932270772248;2021-10;0.0568486043063581
5752688018135006198;2021-10;0.26713339314961526
5752688018135006198;2021-10;0.017661484738329302
2191990606593345695;2021-10;0.026539925096364703
2191990606593345695;2021-10;0.0270877097879788
2191990606593345695;2021-10;0.013373770452964786
4641659186059167709;2021-10;0.31825808005333733
8400764778654490278;2021-10;0.11220865745982907
8400764778654490278;2021-10;0.1005415854506839
2759416556905651870;2021-10;0.3018218334853545
7206599058451025691;2021-10;0.01121535243962225
1036256411320325774;2021-10;0.030234912187235268
1036256411320325774;2021-10;0.025154116057207666
5162621729453966204;2021-10;0.05672506055790214
5162621729453966204;2021-10;0.07583315652860358
3660744270380078352;2021-10;0.624998034368145
3660744270380078352;2021-10;0.08047114917987923
1273229638516517354;2021-10;0.010903803392722575
1467843186411742274;2021-10;0.02234352391748868
1467843186411742274;2021-10;0.017595063587401483
3571198145319411787;2021-10;0.010008012256310952
2310272650667756227;2021-10;0.41597616662632625
3161361581909316305;2021-10;0.2700705338660267
3161361581909316305;2021-10;0.012399070355986187
5855956854975734380;2021-10;0.15699651485663335
5855956854975734380;2021-10;0.008770092076333441
4556737702757145073;2021-10;0.0743508708670846
5799279645678609726;2021-10;0.05372467776052066
5732713959930509093;2021-10;0.057121148447370367
1002362614649347438;2021-10;0.06415877872483976
1002362614649347438;2021-10;0.056726833150176514
8163895533020293251;2021-10;0.6916935130709106
8163895533020293251;2021-10;0.39651509682400027
8163895533020293251;2021-10;0.434461690804709
2768068015169423097;2021-10;0.04143331012830786
2768068015169423097;2021-10;0.03850055798358447
3195023578711095555;2021-10;0.03284269554660711
5369576709077493659;2021-10;0.10824770232198183
5369576709077493659;2021-10;0.12136282097333029
1997130697107291654;2021-10;0.0399256766498313
7665801401860589626;2021-10;0.0029037972038348714
1028630885537616736;2021-10;0.002020704944885273
1028630885537616736;2021-10;0.0011207604663487016
1269153452773908541;2021-10;0.00808235831283285
6100972975033180377;2021-10;0.006339752567693745
8080988579391900405;2021-10;0.008507081366550017
8080988579391900405;2021-10;0.008824541684010334
8080988579391900405;2021-10;0.002967120907073618
7719481195372677540;2021-10;0.004189880448069327
2032592272238235730;2021-10;0.03489504345163089
2032592272238235730;2021-10;0.046380513136017786
89342157110910412;2021-10;0.04244976905134646
6012031176108922616;2021-10;0.021892441368211647
6012031176108922616;2021-10;0.022807906845658827
6012031176108922616;2021-10;0.023539220396051323
7501763663852779083;2021-10;0.005418266402786527
503021894071666233;2021-10;0.1066338181283228
503021894071666233;2021-10;0.09345253892448428
503021894071666233;2021-10;0.0953079573416651
3118683330911759410;2021-10;0.17021581013740472
3118683330911759410;2021-10;0.23097180374412343
7779268298304613772;2021-10;0.003249194261430079
7779268298304613772;2021-10;0.002770935960591133
7779268298304613772;2021-10;0.014170537836857995
7779268298304613772;2021-10;0.005268133853499707
7779268298304613772;2021-10;0.004676976085907686
5303720405946805990;2021-10;0.004984359378882705
6521201759558790083;2021-10;0.02241400812697519
6521201759558790083;2021-10;0.0018421052631578947
717981637594591016;2021-10;0.004392821085073596
2973474340148068982;2021-10;0.3325663505087699
8684964138237894839;2021-10;0.06671632456174276
7041489327620930099;2021-10;0.014306880978278216
3447213159487287154;2021-10;0.0036494602321215223
3447213159487287154;2021-10;0.005952775290777819
5225029212547588718;2021-10;0.0052567340067340065
1735718258017802778;2021-10;0.025630595659950083
1735718258017802778;2021-10;0.05299291154113521
2550506309527280168;2021-10;0.039343504619423146
2550506309527280168;2021-10;0.04172052970612565
5376084855227654309;2021-10;0.139660518139919
5376084855227654309;2021-10;0.12510595080006506
165658847908185334;2021-10;0.01619373447689654
4527499691197377217;2021-10;0.017186620613414888
8535586342375301953;2021-10;0.012501388443742276
3970572142453508637;2021-10;0.09395136667276063
5200455618694210402;2021-10;0.006412760498460296
7595945751692012281;2021-10;0.0003333333333333333
3283662016127058429;2021-10;0.005458298438453984
3248432590399829766;2021-10;0.002950891108741513
9108733472015251498;2021-10;0.0008879385964912282
9108733472015251498;2021-10;0.001954906727412847
7710364735942975505;2021-10;0.006148651378951987
6143250120040658989;2021-10;0.391364268349938
8967780934636007142;2021-10;0.01613309509777946
3027683745465216663;2021-10;0.004352250286469797
5758033363847724111;2021-10;0.004308928571428571
5758033363847724111;2021-10;0.0
5758033363847724111;2021-10;0.000625
5758033363847724111;2021-10;0.0027904351395730705
6985631100944640910;2021-10;0.028755024425875013
8536980239903840341;2021-10;0.002765873015873016
7330131219998265639;2021-10;0.04543594783163895
7628167057144760589;2021-10;0.0536350370533314
8559143756893267192;2021-10;0.12576128263672495
5055200744384119654;2021-10;0.007903753850555629
3970610368027129821;2021-10;0.004360240030971738
66220087398241662;2021-10;0.0005405405405405405
66220087398241662;2021-10;0.0008435708435708436
2598475569074240783;2021-10;0.0011970694710632791
4562495119288161876;2021-10;0.015287320602099096
6338963608593807081;2021-10;0.004054713446709456
644457054514416604;2021-10;0.33919585025063
644457054514416604;2021-10;0.3210860846833086
4566920105008626302;2021-10;0.0025379641909814322
4566920105008626302;2021-10;0.0025379641909814322
8570963260597299378;2021-10;0.005909867874842632
8313765100460016738;2021-10;0.46088850455082797
8313765100460016738;2021-10;0.49206288999791864
8012945665375811304;2021-10;0.1222990818132223
8012016968380185372;2021-10;0.07191532738057088
3361278050140871809;2021-10;0.17120411288876278
5122095358293179297;2021-10;0.0006274509803921569
670573866376512619;2021-10;0.0321323705740201
670573866376512619;2021-10;0.034032632578599696
4831939798545673038;2021-10;0.08118792996389237
1219954496802643881;2021-10;0.12853839364837102
8680213253228719510;2021-10;0.01775684664163956
8680213253228719510;2021-10;0.03642063989605738
2785178201607654410;2021-10;0.0853477887101492
4997308257850209705;2021-10;0.056217027696072515
5986344948775572227;2021-10;0.4690012596383734
4723919748432185874;2021-10;0.004939901300035571
4723919748432185874;2021-10;0.007948551139958878
4723919748432185874;2021-10;0.0030891487029594445
6080407793834027692;2021-10;0.002666532989113634
922040072471333951;2021-10;0.1886873124342444
6598561842700412652;2021-10;0.6864510603147645
1874387298050692165;2021-10;0.008822155312839645
8991419601067014006;2021-10;0.005141288794779123
1748142500108801439;2021-10;0.07719623986822231
1311488706225587300;2021-10;0.0916002096693898
3275327267689584006;2021-10;0.4421589647126887
3275327267689584006;2021-10;0.4421589647126887
2208316821038817776;2021-10;0.21307396700300335
1963239178085807816;2021-10;0.009279588285970648
2467590416042313927;2021-10;0.01207711433170043
345033315379741874;2021-10;0.009754541165669919
4237135112070444140;2021-10;0.09484110216895442
8222831719332844924;2021-10;0.1497399993170517
8278233100278581012;2021-10;0.10217696912727148
8480109508191086169;2021-10;0.011122947702076504
8480109508191086169;2021-10;0.012802934727022885
3536704882799524586;2021-10;0.045659605606112603
8398000036517692656;2021-10;0.22062814156702143
2003221759676247813;2021-10;0.005432873474000471
2322847438374159400;2021-10;0.0018313377682559818
866011924076225884;2021-10;0.029912813203905445
4570863207041489270;2021-10;0.03976596715466434
2439954154030259398;2021-10;0.005598618800489269
2439954154030259398;2021-10;0.005598618800489269
4104959289203999917;2021-10;0.012428753736540465
5499433941404698208;2021-10;0.010244811253386958
271068078606473697;2021-10;0.019395309820176176
8706851346184249504;2021-10;0.002116645941530734
1423952977138155129;2021-10;0.001248040248040248
3906045000005838812;2021-10;0.20801682025912502
4225765667813563302;2021-10;0.11136485558336819
8737605759444448951;2021-10;0.035151447263132914
8915958534285799867;2021-10;0.1981707966001314
8013668117699219722;2021-10;0.023101695757538752
3979129042322937623;2021-10;0.12226575738369946
4900073965147412482;2021-10;0.007937721978254441
2179772649873197365;2021-10;0.27538025831519036
6053752047545474051;2021-10;0.004142356446235757
6053752047545474051;2021-10;0.006546181787561099
6053752047545474051;2021-10;0.0020296717171717172
6053752047545474051;2021-10;0.001423611111111111
6053752047545474051;2021-10;0.0003125
6053752047545474051;2021-10;0.004195532436911747
6053752047545474051;2021-11;0.007492632985772717
6053752047545474051;2021-11;0.007492632985772717
6053752047545474051;2021-11;0.015237285549759883
6053752047545474051;2021-11;0.0040583284832651
6053752047545474051;2021-11;0.007492632985772717
6053752047545474051;2021-11;0.0037357478381038088
6053752047545474051;2021-11;0.18636137082097193
6053752047545474051;2021-11;0.0037357478381038088
2772135008486239291;2021-10;0.010923003241252336
2772135008486239291;2021-10;0.010923003241252336
7031913170099381454;2021-10;0.14585737456586453
7031913170099381454;2021-11;0.12148492123928245
5373371196946859811;2021-10;0.014077044906046275
5373371196946859811;2021-10;0.01660645762545639
5373371196946859811;2021-11;0.0020971022562947038
5373371196946859811;2021-11;0.007319892279819395
5373371196946859811;2021-11;0.0019895166099217114
2201150681962815877;2021-10;0.05917119716884009
2201150681962815877;2021-10;0.06220815144847711
2201150681962815877;2021-10;0.06875271511902366
2201150681962815877;2021-11;0.4333157130702687
2201150681962815877;2021-11;0.030441753537067448
2201150681962815877;2021-11;0.03269058354767643
4717717003637613480;2021-10;0.004406808134692187
4717717003637613480;2021-11;0.0023703597030209933
4717717003637613480;2021-11;0.0024873433738839745
7692330898726665144;2021-10;0.037835651326469134
7692330898726665144;2021-10;0.039261384063677275
7692330898726665144;2021-10;0.03083562689494141
7692330898726665144;2021-10;0.03277142728629217
7692330898726665144;2021-11;0.014560744422752767
7692330898726665144;2021-11;0.012020714475607071
7692330898726665144;2021-11;0.022554325601488973
7692330898726665144;2021-11;0.019445799843839005
4327694790333781288;2021-10;0.008625564623548495
4327694790333781288;2021-10;0.009246733247246198
4327694790333781288;2021-10;0.0029032258064516127
4327694790333781288;2021-11;0.00811511357360624
4327694790333781288;2021-11;0.0019183265510102094
7930644815080409701;2021-10;0.024713505753818085
5029701292539093910;2021-10;0.005916744902024773
5029701292539093910;2021-11;0.0061232362695211
5029701292539093910;2021-11;0.003176068911348782
5029701292539093910;2021-11;0.022727741984692705
6784879562354696650;2021-10;0.12333654923174145
6784879562354696650;2021-10;0.12833654923174145
6784879562354696650;2021-11;0.05350255695298749
6784879562354696650;2021-11;0.05576131595732371
1958660709350677213;2021-10;0.1144320747326452
1958660709350677213;2021-10;0.05768296570008525
1958660709350677213;2021-11;0.0624330995926506
7613717984547031729;2021-10;0.006257723310262306
7613717984547031729;2021-10;0.0030014831294030405
7613717984547031729;2021-10;0.0024553743799934657
7613717984547031729;2021-10;0.014104142692536535
7613717984547031729;2021-11;0.005218846889714839
7613717984547031729;2021-11;0.0008802660753880264
7613717984547031729;2021-11;0.00588542651042651
7613717984547031729;2021-11;0.028373072153107245
7613717984547031729;2021-11;0.010460927930060298
7613717984547031729;2021-11;0.002776369971491923
5897410907783139228;2021-10;0.0025222540245029
5897410907783139228;2021-10;0.004269070643147755
5897410907783139228;2021-10;0.013901927666235088
5897410907783139228;2021-11;0.0030433313994894552
5897410907783139228;2021-11;0.3872195233835027
5897410907783139228;2021-11;0.003989614683795895
5897410907783139228;2021-11;0.0037531614818254516
6715993871935527857;2021-10;0.4271560909074251
5176940320835464459;2021-10;0.004630902454178316
5176940320835464459;2021-10;0.0
5176940320835464459;2021-10;0.0020618207324512236
5176940320835464459;2021-10;0.0
5176940320835464459;2021-10;0.0005787037037037037
5176940320835464459;2021-10;0.003422472437250762
5176940320835464459;2021-10;0.005777441507453997
5176940320835464459;2021-10;0.0009899888765294773
5176940320835464459;2021-10;0.0
5176940320835464459;2021-10;0.001153846153846154
5176940320835464459;2021-10;0.0
5176940320835464459;2021-11;0.002549019607843137
5176940320835464459;2021-11;0.002287820512820513
5176940320835464459;2021-11;0.0015151515151515152
5176940320835464459;2021-11;0.0035633625633625632
5176940320835464459;2021-11;0.002287820512820513
5176940320835464459;2021-11;0.003406250669408564
5176940320835464459;2021-11;0.002287820512820513
5176940320835464459;2021-11;0.001755621693121693
5176940320835464459;2021-11;0.002455678868776755
5176940320835464459;2021-11;0.0039337329337329335
5176940320835464459;2021-11;0.0027747033425920675
5176940320835464459;2021-11;0.003406250669408564
2128970218770090704;2021-10;0.0
2128970218770090704;2021-10;0.002136158882993601
2128970218770090704;2021-10;0.0006623931623931624
1156053485989336481;2021-10;0.40688366711784435
1156053485989336481;2021-10;0.4053421136875386
1156053485989336481;2021-10;0.4053421136875386
1156053485989336481;2021-10;0.4053421136875386
1156053485989336481;2021-10;0.417988686377144
1156053485989336481;2021-10;0.2853955531122239
1156053485989336481;2021-10;0.40931844972653997
1156053485989336481;2021-10;0.3030675145505423
1156053485989336481;2021-10;0.417988686377144
1156053485989336481;2021-10;0.40024687559230043
1156053485989336481;2021-10;0.4017884290226062
1156053485989336481;2021-10;0.3786209919521311
1156053485989336481;2021-10;0.40024687559230043
1156053485989336481;2021-10;0.40024687559230043
1156053485989336481;2021-10;0.3927892375732513
1156053485989336481;2021-10;0.40688366711784435
1156053485989336481;2021-10;0.28864883302769057
1156053485989336481;2021-10;0.40688366711784435
1156053485989336481;2021-10;0.4053421136875386
1156053485989336481;2021-10;0.3823625453824368
1156053485989336481;2021-10;0.36215623512289263
1156053485989336481;2021-10;0.28864883302769057
1156053485989336481;2021-11;0.35851428124626644
1156053485989336481;2021-11;0.35910868684067204
1156053485989336481;2021-11;0.3337389924375841
1156053485989336481;2021-11;0.38214875449962576
1156053485989336481;2021-11;0.3324928129831543
1156053485989336481;2021-11;0.39450829231287393
1156053485989336481;2021-11;0.37494977039670085
1156053485989336481;2021-11;0.3668895375261231
1156053485989336481;2021-11;0.38765876532213667
1156053485989336481;2021-11;0.35184723131506557
1156053485989336481;2021-11;0.387243992594864
1156053485989336481;2021-11;0.35184723131506557
1156053485989336481;2021-11;0.35184723131506557
1156053485989336481;2021-11;0.3076593058357339
1156053485989336481;2021-11;0.5722544440805941
1156053485989336481;2021-11;0.3512528257206599
1156053485989336481;2021-11;0.38214875449962576
1156053485989336481;2021-11;0.3784845798584775
1156053485989336481;2021-11;0.3512528257206599
1156053485989336481;2021-11;0.4165230778396197
1156053485989336481;2021-11;0.35184723131506557
1156053485989336481;2021-11;0.3681845530053964
1156053485989336481;2021-11;0.3370580303744586
1156053485989336481;2021-11;0.32523135745754794
1156053485989336481;2021-11;0.3967754403616566
3118152790263512426;2021-10;0.000967741935483871
3118152790263512426;2021-10;0.002228993077146292
3118152790263512426;2021-10;0.0024990527139042208
3118152790263512426;2021-10;0.0026799110327336132
3118152790263512426;2021-11;0.009108037204228163
3118152790263512426;2021-11;0.007844413071914504
3118152790263512426;2021-11;0.006631134109390444
3118152790263512426;2021-11;0.01170403010810257
2333404192508932057;2021-10;0.007116747524506145
2333404192508932057;2021-10;0.00864055704831567
2333404192508932057;2021-10;0.007960705797470503
2333404192508932057;2021-11;0.008078071232109785
5761480994209806499;2021-10;0.0015757575757575758
5761480994209806499;2021-10;0.005431258396775638
5761480994209806499;2021-10;0.006457110424931815
5761480994209806499;2021-10;0.0048140422795595215
5761480994209806499;2021-10;0.005076419687098219
5761480994209806499;2021-10;0.00636625590007943
5761480994209806499;2021-10;0.006076419687098218
5761480994209806499;2021-10;0.02887006494648137
5761480994209806499;2021-10;0.004237119202636444
5761480994209806499;2021-10;0.0021401454930866696
5761480994209806499;2021-10;0.005576714647761648
5761480994209806499;2021-10;0.00844701372357919
5761480994209806499;2021-10;0.0015757575757575758
5761480994209806499;2021-10;0.005878679052382794
5761480994209806499;2021-10;0.009454868605071444
5761480994209806499;2021-11;0.0023893178893178895
5761480994209806499;2021-11;0.0002702702702702703
5761480994209806499;2021-11;0.001243120949003302
5761480994209806499;2021-11;0.0023893178893178895
5761480994209806499;2021-11;0.0014369369369369369
5761480994209806499;2021-11;0.0023893178893178895
5761480994209806499;2021-11;0.0002702702702702703
5761480994209806499;2021-11;0.0014369369369369369
5761480994209806499;2021-11;0.00831539919498529
5761480994209806499;2021-11;0.002661361626878868
5761480994209806499;2021-11;0.0023893178893178895
5761480994209806499;2021-11;0.0016580041580041582
5761480994209806499;2021-11;0.0027893178893178892
5761480994209806499;2021-11;0.0014369369369369369
5761480994209806499;2021-11;0.0023893178893178895
5761480994209806499;2021-11;0.0023893178893178895
5761480994209806499;2021-11;0.0005643879173290938
984915269987074754;2021-10;0.012392284009667574
984915269987074754;2021-10;0.006045688220326707
984915269987074754;2021-10;0.010676081483956552
984915269987074754;2021-10;0.007628812953869152
984915269987074754;2021-11;0.02271175474495766
8698916565946744099;2021-10;0.30225803190201556
8015571584405428572;2021-10;0.02004391768452675
8015571584405428572;2021-11;0.03216583086062085
8529899700094903171;2021-10;0.0059238594707494985
8529899700094903171;2021-10;0.00969339890644801
8529899700094903171;2021-10;0.008175258316878847
8529899700094903171;2021-10;0.0059238594707494985
8529899700094903171;2021-10;0.0019246485779666558
8529899700094903171;2021-10;0.0059238594707494985
8529899700094903171;2021-10;0.00332438238453276
8529899700094903171;2021-10;0.0059238594707494985
8529899700094903171;2021-10;0.00332438238453276
8529899700094903171;2021-11;0.016998299085739414
8529899700094903171;2021-11;0.023902434112825256
8529899700094903171;2021-11;0.021759576969968112
8529899700094903171;2021-11;0.021759576969968112
8529899700094903171;2021-11;0.020373718521855287
8529899700094903171;2021-11;0.021759576969968112
8529899700094903171;2021-11;0.020373718521855287
8529899700094903171;2021-11;0.021759576969968112
8529899700094903171;2021-11;0.021759576969968112
8529899700094903171;2021-11;0.021759576969968112
8529899700094903171;2021-11;0.021759576969968112
2119292203323657032;2021-10;0.01051984107613086
2119292203323657032;2021-10;0.011864634929200861
5462970244186515758;2021-10;0.01316486157546174
5462970244186515758;2021-10;0.006413572060123784
5462970244186515758;2021-10;0.007035261979340925
5462970244186515758;2021-10;0.004348385057075387
5462970244186515758;2021-10;0.01013766992141828
5462970244186515758;2021-10;0.0
5462970244186515758;2021-10;0.0
5462970244186515758;2021-11;0.007718262836716926
5462970244186515758;2021-11;0.05269417529717775
5462970244186515758;2021-11;0.0026114718614718615
5462970244186515758;2021-11;0.0050092745232064115
5462970244186515758;2021-11;0.007830187465553319
6964108750473070287;2021-10;0.04797475015689738
6964108750473070287;2021-10;0.03459715692733046
6964108750473070287;2021-10;0.03459715692733046
6964108750473070287;2021-10;0.04797475015689738
6964108750473070287;2021-10;0.03602165835183189
6964108750473070287;2021-10;0.03602165835183189
6964108750473070287;2021-10;0.03602165835183189
6964108750473070287;2021-10;0.03602165835183189
6964108750473070287;2021-10;0.03602165835183189
6964108750473070287;2021-10;0.04794171848268924
6964108750473070287;2021-10;0.18502915646064683
6964108750473070287;2021-10;0.18502915646064683
6964108750473070287;2021-11;0.013835052328510743
6964108750473070287;2021-11;0.012244119176665616
6964108750473070287;2021-11;0.020506356291657254
6964108750473070287;2021-11;0.012244119176665616
6964108750473070287;2021-11;0.013835052328510743
6964108750473070287;2021-11;0.17664599955604016
6964108750473070287;2021-11;0.13654798765569226
6964108750473070287;2021-11;0.012244119176665616
6964108750473070287;2021-11;0.17664599955604016
6964108750473070287;2021-11;0.013835052328510743
6964108750473070287;2021-11;0.018815547748094186
6964108750473070287;2021-11;0.013835052328510743
6964108750473070287;2021-11;0.018815547748094186
6964108750473070287;2021-11;0.013835052328510743
6964108750473070287;2021-11;0.013144262854826535
6964108750473070287;2021-11;0.013835052328510743
6964108750473070287;2021-11;0.012244119176665616
6964108750473070287;2021-11;0.013144262854826535
6964108750473070287;2021-11;0.012244119176665616
6828316696355015040;2021-10;0.02237803789096842
7206599058451025691;2021-10;0.009539961805129775
682352428813668634;2021-10;0.027361515208833488
682352428813668634;2021-10;0.031032212311711452
682352428813668634;2021-10;0.02001015033976602
682352428813668634;2021-10;0.027361515208833488
682352428813668634;2021-10;0.03289343010245052
682352428813668634;2021-11;0.032630471958246955
682352428813668634;2021-11;0.032630471958246955
682352428813668634;2021-11;0.03260377295109124
682352428813668634;2021-11;0.032630471958246955
682352428813668634;2021-11;0.0331575869531811
682352428813668634;2021-11;0.03689080659982701
682352428813668634;2021-11;0.021209609508628685
3829967475074118757;2021-10;0.34282131804051524
3829967475074118757;2021-10;0.31168825509960124
3829967475074118757;2021-10;0.2754044838642652
3829967475074118757;2021-11;0.20261089736367446
2726314736140152277;2021-10;0.6174012130518602
2726314736140152277;2021-10;0.6100793183633487
459290606780222306;2021-10;0.00849284296606168
459290606780222306;2021-10;0.0011090860597439544
459290606780222306;2021-10;0.004527914740641601
459290606780222306;2021-10;0.009674927197311847
459290606780222306;2021-10;0.011949768296653724
459290606780222306;2021-10;0.0016263274390542993
459290606780222306;2021-11;0.003823225935294901
459290606780222306;2021-11;0.0035465860597439546
459290606780222306;2021-11;0.0022091229737343566
459290606780222306;2021-11;0.010040157572491064
459290606780222306;2021-11;0.0030202702702702704
7141263195360679278;2021-10;0.24514637317130286
7141263195360679278;2021-10;0.15620003653881345
7141263195360679278;2021-10;0.16078279781416746
7141263195360679278;2021-10;0.14250970117440404
7141263195360679278;2021-10;0.13877085841193315
7141263195360679278;2021-10;0.16497213549481132
7141263195360679278;2021-11;0.13326452472571515
7141263195360679278;2021-11;0.13281938465780344
7141263195360679278;2021-11;0.13281938465780344
7141263195360679278;2021-11;0.13774562409627283
7910340581026492945;2021-10;0.005999686860283601
7910340581026492945;2021-10;0.0021417436245022453
7910340581026492945;2021-10;0.0037487410141083307
7910340581026492945;2021-10;0.004743695754163734
7910340581026492945;2021-10;0.0012452107279693487
7910340581026492945;2021-11;0.01181974983976215
7910340581026492945;2021-11;0.007776481468635824
3690886209682028027;2021-10;0.004099183083176985
3690886209682028027;2021-10;0.004344017094017094
3690886209682028027;2021-11;0.024944917244120342
1579681122696922043;2021-10;0.06022633761779412
5057726374207815794;2021-10;0.11117957273401444
1661240395903230676;2021-10;0.041834906217610435
1661240395903230676;2021-11;0.05223051412674792
1661240395903230676;2021-11;0.055669668546507935
1661240395903230676;2021-11;0.0511278185914966
1661240395903230676;2021-11;0.057589294641779476
1661240395903230676;2021-11;0.0511278185914966
8079157452200263869;2021-10;0.5121776519883873
1253437108265925705;2021-10;0.0032238831711448347
1253437108265925705;2021-10;0.010374995967995777
1253437108265925705;2021-10;0.011385184863451041
1253437108265925705;2021-10;0.017695946880185557
1253437108265925705;2021-11;0.0139230213436835
1253437108265925705;2021-11;0.013046792130661525
4874157215501489741;2021-10;0.026814218760706977
4874157215501489741;2021-10;0.006326691845674654
4874157215501489741;2021-10;0.03510205199683939
4874157215501489741;2021-10;0.02226587747047255
4874157215501489741;2021-10;0.02226587747047255
4874157215501489741;2021-11;0.029723645975680054
4874157215501489741;2021-11;0.03395300318091481
3511416927745338332;2021-10;0.002322758358662614
3511416927745338332;2021-10;0.006311827956989246
3511416927745338332;2021-11;0.007500748223945567
2773493808492482979;2021-10;0.0022063895552134425
2773493808492482979;2021-10;0.00825900081511643
7451017400765373278;2021-10;0.00630693894350327
7451017400765373278;2021-10;0.004488312209163669
7451017400765373278;2021-10;0.006306238509848591
7451017400765373278;2021-11;0.006183789530256754
7451017400765373278;2021-11;0.006962631480488623
7451017400765373278;2021-11;0.014487441285414055
3979129042322937623;2021-10;0.10981851550097858
3979129042322937623;2021-10;0.06223091242564478
3979129042322937623;2021-10;0.15427291911593824
170089315547146305;2021-10;0.08682041109766243
170089315547146305;2021-10;0.07714938729068613
170089315547146305;2021-10;0.08727711463657992
170089315547146305;2021-11;0.07433309548018242
170089315547146305;2021-11;0.07646758660387368
170089315547146305;2021-11;0.07724976214684909
7325545718770538459;2021-10;0.007337951734174144
7325545718770538459;2021-10;0.006738375199113739
7325545718770538459;2021-10;0.006738375199113739
7325545718770538459;2021-10;0.024546407102337246
7325545718770538459;2021-10;0.024546407102337246
7325545718770538459;2021-11;0.012540063318282542
7325545718770538459;2021-11;0.013888052725993227
7325545718770538459;2021-11;0.013318010860935963
7325545718770538459;2021-11;0.012540063318282542
7325545718770538459;2021-11;0.012540063318282542
7325545718770538459;2021-11;0.01267532257464415
7325545718770538459;2021-11;0.014016614544833765
4972567100282306577;2021-10;0.021828257539842803
4972567100282306577;2021-10;0.039415468554530694
4972567100282306577;2021-10;0.021828257539842803
4972567100282306577;2021-10;0.021828257539842803
4972567100282306577;2021-11;0.012624744354571423
4972567100282306577;2021-11;0.013212176374241897
175003104385133396;2021-10;0.018667321285693907
175003104385133396;2021-11;0.0069483728721016855
7398738404146260251;2021-10;0.014304581482793557
7398738404146260251;2021-11;0.02269255683042971
2658946240987854807;2021-10;0.006486201365581232
2658946240987854807;2021-11;0.009921538513323502
2658946240987854807;2021-11;0.02669685790331148
2658946240987854807;2021-11;0.010207252799037787
2658946240987854807;2021-11;0.00906974128410692
326257359176916767;2021-10;0.00295544702948763
8785648114090695180;2021-10;0.006444864280945251
8785648114090695180;2021-11;0.015966493728905587
8785648114090695180;2021-11;0.01802736410651402
8784237149961904;2021-10;0.0018800773694390715
8784237149961904;2021-10;0.0013662239089184062
8784237149961904;2021-10;0.0002380952380952381
8784237149961904;2021-10;0.0017286821705426356
8784237149961904;2021-11;0.003580592223855981
8784237149961904;2021-11;0.001938180469882361
8784237149961904;2021-11;0.001938180469882361
8784237149961904;2021-11;0.007469011030113662
6759864637454708017;2021-10;0.02379988303483769
6759864637454708017;2021-10;0.025870907657646255
6759864637454708017;2021-10;0.024144710621044584
6759864637454708017;2021-10;0.02632111754745151
6759864637454708017;2021-10;0.02169573102920785
6759864637454708017;2021-11;0.008257565974427207
6759864637454708017;2021-11;0.008068886729144189
5694881483989656694;2021-10;0.019530551162235094
5694881483989656694;2021-10;0.015111990152132881
5694881483989656694;2021-11;0.022279609906869672
5694881483989656694;2021-11;0.0128209765854684
209314261782935157;2021-10;0.5685586910497772
2759416556905651870;2021-10;0.2199417545817984
2759416556905651870;2021-11;0.24285382785202914
2022367282554149730;2021-10;0.006953535353535354
2022367282554149730;2021-10;0.009754381654381654
2022367282554149730;2021-10;0.0112428512560588
2022367282554149730;2021-10;0.014324254904037997
2022367282554149730;2021-10;0.009822055460263006
2022367282554149730;2021-11;0.010996441218471893
2022367282554149730;2021-11;0.013005247841896455
2022367282554149730;2021-11;0.015548753074731485
2022367282554149730;2021-11;0.013118289957967693
2022367282554149730;2021-11;0.010996441218471893
2022367282554149730;2021-11;0.012754567886783
8173830874846355280;2021-10;0.01817521975360694
8173830874846355280;2021-10;0.015399902353505501
8173830874846355280;2021-10;0.019757130769173292
8173830874846355280;2021-10;0.02198269498250447
8173830874846355280;2021-10;0.013692585280334768
8173830874846355280;2021-10;0.019757130769173292
8173830874846355280;2021-10;0.021227719004467408
8173830874846355280;2021-10;0.02198269498250447
8173830874846355280;2021-10;0.013692585280334768
8173830874846355280;2021-10;0.011513158926360878
8173830874846355280;2021-11;0.005506882450059
8173830874846355280;2021-11;0.004337810337810338
8173830874846355280;2021-11;0.0069774706853531175
8173830874846355280;2021-11;0.07622740934224875
8173830874846355280;2021-11;0.00090486390123194
8173830874846355280;2021-11;0.007698996245826602
8173830874846355280;2021-11;0.004337810337810338
8173830874846355280;2021-11;0.00483655277972933
8173830874846355280;2021-11;0.0032715517369600235
8173830874846355280;2021-11;0.004337810337810338
8173830874846355280;2021-11;0.0012620067583747972
8173830874846355280;2021-11;0.0040935085898766285
8173830874846355280;2021-11;0.0013992042440318304
8173830874846355280;2021-11;0.001057925125721736
8173830874846355280;2021-11;0.0019071680486973776
8173830874846355280;2021-11;0.00588783483101138
3382624494518753363;2021-10;0.15634719267996228
3382624494518753363;2021-10;0.15019274481225636
3382624494518753363;2021-11;0.12486661188708824
3382624494518753363;2021-11;0.14390031359909658
3382624494518753363;2021-11;0.2782138673225901
2123312420728961012;2021-10;0.06492068890148475
2123312420728961012;2021-10;0.07432012771638243
2123312420728961012;2021-10;0.0703793945540051
5082813456193598086;2021-10;0.010224116540734437
5082813456193598086;2021-10;0.0035449129749546026
5082813456193598086;2021-10;0.004634739343837298
3279078057358159966;2021-10;0.0898477597848556
4334472256949955221;2021-10;0.012250220161520508
4334472256949955221;2021-10;0.0038075837458558027
4334472256949955221;2021-10;0.0009090909090909091
4334472256949955221;2021-10;0.0024953652206154988
4334472256949955221;2021-11;0.03783233953256851
4334472256949955221;2021-11;0.007307378252564276
4347826483121154490;2021-10;0.001605086733006644
4347826483121154490;2021-10;0.0045443522074011655
4347826483121154490;2021-10;0.0027461944475341642
4347826483121154490;2021-10;0.0040401900846921465
4347826483121154490;2021-11;0.0064907030734521285
4347826483121154490;2021-11;0.0032523543946501826
4347826483121154490;2021-11;0.0007412008281573498
4347826483121154490;2021-11;0.003555384697680486
4347826483121154490;2021-11;0.0072187936999466296
819552547620904652;2021-10;0.18200714942107607
819552547620904652;2021-10;0.21940584863858384
819552547620904652;2021-10;0.19317528501281353
819552547620904652;2021-10;0.22009634666467495
819552547620904652;2021-11;0.09422481275346004
8596605705893456305;2021-10;0.31144304329699535
8596605705893456305;2021-10;0.30929876555657815
8596605705893456305;2021-10;0.3211412022951011
8596605705893456305;2021-11;0.4658697701256933
8596605705893456305;2021-11;0.07492737952687405
8919892162361650175;2021-10;0.14718375483507432
8919892162361650175;2021-10;0.13955026829502926
8919892162361650175;2021-10;0.11967897953541035
8919892162361650175;2021-11;0.06777218907244181
8919892162361650175;2021-11;0.06777218907244181
2033394215069562776;2021-10;0.017425883362500533
2033394215069562776;2021-10;0.07150182136741288
2033394215069562776;2021-11;0.04139614671827414
2033394215069562776;2021-11;0.04178830358101924
2033394215069562776;2021-11;0.034695805014086194
1069093308328204542;2021-10;0.005500528160174516
1069093308328204542;2021-10;0.003653879104833423
3941676647656952109;2021-10;0.47838666197241486
3941676647656952109;2021-10;0.5086479897030052
3941676647656952109;2021-11;0.346639836533868
3941676647656952109;2021-11;0.29591191118871807
3941676647656952109;2021-11;0.27489645853248595
2451708306555441014;2021-10;0.01017907435973632
2451708306555441014;2021-11;0.02130720617742887
3812760626052898456;2021-10;0.0016121212121212123
3812760626052898456;2021-11;0.00604528109982139
1366416810235233769;2021-10;0.008865084473604519
1366416810235233769;2021-10;0.021990714784142128
1366416810235233769;2021-10;0.006901458768860458
1366416810235233769;2021-11;0.09852164026039356
1366416810235233769;2021-11;0.017556486536791455
2302464746243069589;2021-10;0.003729792132860582
2302464746243069589;2021-10;0.0037784834175238536
2302464746243069589;2021-11;0.004675439818730899
4850722092974676955;2021-10;0.028788999408858956
6367769402148499693;2021-10;0.007905427112832418
6367769402148499693;2021-10;0.007905427112832418
6367769402148499693;2021-11;0.007175105134226379
4935929591787890253;2021-10;0.02226129463319286
4935929591787890253;2021-10;0.0041146654099240305
4935929591787890253;2021-11;0.003984988130149421
4935929591787890253;2021-11;0.004318321463482754
314309872114206760;2021-10;0.17077011274322607
5369576709077493659;2021-10;0.11179575653011091
5369576709077493659;2021-10;0.15136124906411683
5369576709077493659;2021-11;0.33628119805952844
5369576709077493659;2021-11;0.11231901675318062
5369576709077493659;2021-11;0.11225002835512639
5810778736737569699;2021-10;0.02712303633673969
5810778736737569699;2021-10;0.02712303633673969
5810778736737569699;2021-11;0.026201218133048484
5810778736737569699;2021-11;0.04315816537180091
1088521227159442264;2021-10;0.07927762674170842
1088521227159442264;2021-10;0.09801212628157357
1088521227159442264;2021-10;0.07821771890760704
1088521227159442264;2021-10;0.08372080704689995
1088521227159442264;2021-11;0.074018293095232
1088521227159442264;2021-11;0.093066704192603
1088521227159442264;2021-11;0.31378401883621654
1088521227159442264;2021-11;0.07356374764068656
6518776090651183119;2021-10;0.574695542164492
1551531256789550891;2021-10;0.0031342014002486425
1551531256789550891;2021-10;0.001687219422812643
1551531256789550891;2021-11;0.0023653174400876764
2083323809219952960;2021-10;0.013322242271443139
2083323809219952960;2021-10;0.004973457378790178
2083323809219952960;2021-10;0.013971051795252662
2083323809219952960;2021-10;0.013971051795252662
2083323809219952960;2021-11;0.01038397330847542
2083323809219952960;2021-11;0.009707836944839057
2083323809219952960;2021-11;0.02169478402547514
2083323809219952960;2021-11;0.009430963554758118
1292049196559782171;2021-10;0.002354516806722689
1292049196559782171;2021-10;0.0015903904665314403
1292049196559782171;2021-10;0.004036181897858069
1292049196559782171;2021-10;0.004774197558667847
1292049196559782171;2021-10;0.0063775551267288445
1292049196559782171;2021-10;0.004036181897858069
1292049196559782171;2021-11;0.0006066176470588236
1292049196559782171;2021-11;0.0006066176470588236
1292049196559782171;2021-11;0.0006066176470588236
1292049196559782171;2021-11;0.0006066176470588236
1292049196559782171;2021-11;0.0006066176470588236
3591324331706630867;2021-10;0.05113358444054982
3591324331706630867;2021-10;0.16629997147411507
3591324331706630867;2021-11;0.04850087680488253
2382123267535341265;2021-10;0.0042012548262548265
8609938720215175911;2021-10;0.015207839025537106
8609938720215175911;2021-10;0.019518246154249186
8609938720215175911;2021-10;0.03083213870039222
8609938720215175911;2021-10;0.07071611180792843
8609938720215175911;2021-11;0.013701435179510613
8609938720215175911;2021-11;0.0207951692284502
8609938720215175911;2021-11;0.024099606202068698
8609938720215175911;2021-11;0.15968186724231806
8609938720215175911;2021-11;0.021746239193369172
2808145376905474927;2021-10;0.12849482462029901
2808145376905474927;2021-11;0.12539431796987902
2808145376905474927;2021-11;0.125920432861892
7750874287225529604;2021-10;0.040650567644457326
7750874287225529604;2021-10;0.13964455996820543
7750874287225529604;2021-10;0.060105520903629236
7750874287225529604;2021-11;0.02497613174483493
7750874287225529604;2021-11;0.020473078252109037
6969348581033924947;2021-10;0.008820722104614239
6969348581033924947;2021-10;0.007717194901588117
6969348581033924947;2021-10;0.007717194901588117
6969348581033924947;2021-10;0.019788634595039746
6969348581033924947;2021-10;0.024730046240909364
6969348581033924947;2021-11;0.01080912443520992
6969348581033924947;2021-11;0.00951177971163946
6969348581033924947;2021-11;0.007677797690675631
6969348581033924947;2021-11;0.018614721870434732
6969348581033924947;2021-11;0.008678446378306125
5931905128207886847;2021-10;0.08643209405079358
8252215766413781202;2021-10;0.0315291726549247
2645324649046215594;2021-10;0.004080207806190249
2645324649046215594;2021-10;0.003566523779809544
2645324649046215594;2021-10;0.004760317984917133
2645324649046215594;2021-10;0.01025810197915143
2645324649046215594;2021-11;0.0006060606060606061
2645324649046215594;2021-11;0.0021083346909959813
2645324649046215594;2021-11;0.0018932510905504151
2645324649046215594;2021-11;0.0002631578947368421
2645324649046215594;2021-11;0.0018932510905504151
6916556752218696485;2021-10;0.013468516105531085
6916556752218696485;2021-10;0.0067099778958867595
6916556752218696485;2021-10;0.008061329247238111
6916556752218696485;2021-10;0.0067099778958867595
6916556752218696485;2021-10;0.011831166280578209
6916556752218696485;2021-10;0.010720096076357035
6916556752218696485;2021-10;0.02963934067266901
6916556752218696485;2021-10;0.03221593466286176
6916556752218696485;2021-10;0.013276208413223394
6916556752218696485;2021-10;0.005629723371102682
6916556752218696485;2021-11;0.30639108393533704
6916556752218696485;2021-11;0.0008148148148148149
6916556752218696485;2021-11;0.0043661151489482915
6916556752218696485;2021-11;0.0043661151489482915
6916556752218696485;2021-11;0.008626916484971488
6916556752218696485;2021-11;0.012678714754430729
6916556752218696485;2021-11;0.006278536173945382
6916556752218696485;2021-11;0.0034970144797731007
4210463673385510745;2021-10;0.27984363022953745
4210463673385510745;2021-10;0.17819368423775309
4210463673385510745;2021-11;0.7543571330510188
4210463673385510745;2021-11;0.13703050336616907
4210463673385510745;2021-11;0.12900301470820424
4679462479444735708;2021-10;0.0030861459774988464
4679462479444735708;2021-10;0.30343648728427336
4679462479444735708;2021-10;0.004100120222141971
4679462479444735708;2021-11;0.008443803824214705
4679462479444735708;2021-11;0.008361800278115415
4237135112070444140;2021-10;0.09661241863060663
4237135112070444140;2021-10;0.09484110216895442
4237135112070444140;2021-11;0.08523587422604026
7177785309735471560;2021-10;0.0054847785741384434
7177785309735471560;2021-10;0.003461790068391317
7177785309735471560;2021-10;0.0038189329255341746
7177785309735471560;2021-10;0.004949894853208211
7177785309735471560;2021-11;0.009786553531358115
7177785309735471560;2021-11;0.008522944930892706
7177785309735471560;2021-11;0.010268990647618761
1097345589386012260;2021-10;0.004566960405416913
1097345589386012260;2021-10;0.004566960405416913
1097345589386012260;2021-11;0.017199120912416842
1097345589386012260;2021-11;0.01850805033616276
8385636129786687263;2021-10;0.09780452084980094
8385636129786687263;2021-10;0.09780452084980094
8385636129786687263;2021-11;0.0606619735961337
873223039957991123;2021-10;0.1401043352356845
8313765100460016738;2021-10;0.473885985639258
8313765100460016738;2021-10;0.43975442309826845
8313765100460016738;2021-10;0.7934578910530342
8313765100460016738;2021-10;0.5459657514072344
8313765100460016738;2021-11;0.4341984421165072
8163895533020293251;2021-10;0.2361889408571257
8163895533020293251;2021-10;0.2555404769170943
8163895533020293251;2021-11;0.32437324179330423
8163895533020293251;2021-11;0.37367983890342943
7930925883736021864;2021-10;0.009516665695413467
7930925883736021864;2021-10;0.0014112888398602685
7930925883736021864;2021-10;0.005376623376623376
7930925883736021864;2021-10;0.0022596371882086168
7930925883736021864;2021-10;0.001388888888888889
7930925883736021864;2021-10;0.004442460317460317
7930925883736021864;2021-10;0.004421313364055299
7930925883736021864;2021-10;0.0020823926738279892
7930925883736021864;2021-10;0.002795036351988909
7930925883736021864;2021-11;0.1287176969603363
7930925883736021864;2021-11;0.0018790526058764482
7930925883736021864;2021-11;0.0037664899824619734
7930925883736021864;2021-11;0.0005664830841856806
7930925883736021864;2021-11;0.0015380200860832139
7930925883736021864;2021-11;0.0004
7930925883736021864;2021-11;0.0016703511286811556
7930925883736021864;2021-11;0.0009113106703925772
7930925883736021864;2021-11;0.0007125
5577659616907513811;2021-10;0.2880231870408074
5577659616907513811;2021-11;0.2139205431113672
5577659616907513811;2021-11;0.2947798079960847
2771214050521171719;2021-10;0.003462049727372308
2771214050521171719;2021-11;0.0003636363636363636
2771214050521171719;2021-11;0.0009422077922077922
2771214050521171719;2021-11;0.002404894541428675
824632039241482307;2021-10;0.016886323641330324
4071158585850879204;2021-10;0.005317170924313781
4071158585850879204;2021-10;0.05422323345551511
4071158585850879204;2021-11;0.11024843095366235
4071158585850879204;2021-11;0.07334685853319278
4071158585850879204;2021-11;0.07406302885712174
4071158585850879204;2021-11;0.06867099997343329
6486277549325701534;2021-10;0.0022803114571746386
6486277549325701534;2021-11;0.0026973059497002096
4995217181024687397;2021-10;0.00884715658061617
4995217181024687397;2021-10;0.011824168074869044
4995217181024687397;2021-11;0.0073096640224885705
4995217181024687397;2021-11;0.008448209722900397
2870813069335519467;2021-10;0.005035110300324533
340285351737204923;2021-10;0.016281524813836632
340285351737204923;2021-10;0.04209804736864904
340285351737204923;2021-10;0.03505395979448774
8287608084245946173;2021-10;0.0034363722130776103
8287608084245946173;2021-10;0.005567641646101256
8287608084245946173;2021-10;0.007934353115635307
8287608084245946173;2021-10;0.008066996786377073
8287608084245946173;2021-11;0.0028187722510587456
8287608084245946173;2021-11;0.004118114356321903
8287608084245946173;2021-11;0.003508427423472538
8287608084245946173;2021-11;0.0028187722510587456
1977574645216036803;2021-10;0.27697738416271245
1977574645216036803;2021-11;0.4446307419919047
1977574645216036803;2021-11;0.45952236771972516
4571290108043699959;2021-10;0.0050427566714331415
4571290108043699959;2021-10;0.007108213173710995
4571290108043699959;2021-11;0.0009576612903225806
4571290108043699959;2021-11;0.048671545771948044
4571290108043699959;2021-11;0.0036297905525846702
4571290108043699959;2021-11;0.0016473164627363738
4571290108043699959;2021-11;0.0036297905525846702
3095686599956852697;2021-10;0.0036740517321298015
3095686599956852697;2021-10;0.0022636889254536315
3095686599956852697;2021-11;0.0033150048875855327
3095686599956852697;2021-11;0.0032025904203323557
4593070249039532001;2021-10;0.010020135477240595
4593070249039532001;2021-11;0.003254939350601197
4593070249039532001;2021-11;0.0033263679220297683
4045739494965095560;2021-10;0.002318190551595366
4045739494965095560;2021-10;0.001200716845878136
4045739494965095560;2021-10;0.005832606673678009
4045739494965095560;2021-10;0.0058185329378321595
4045739494965095560;2021-10;0.0018029916346290076
4045739494965095560;2021-11;0.0010344827586206897
4045739494965095560;2021-11;0.002261983263076757
4045739494965095560;2021-11;0.0033938493107439753
4045739494965095560;2021-11;0.005678316844696155
4045739494965095560;2021-11;0.004322794073887568
4045739494965095560;2021-11;0.006239173173161119
4045739494965095560;2021-11;0.005250506438006438
7085295800541340563;2021-10;0.003924428310297876
7085295800541340563;2021-10;0.1629283778673945
7085295800541340563;2021-10;0.01613769708182122
7085295800541340563;2021-10;0.004489350737796368
7085295800541340563;2021-10;0.012143039527284656
7085295800541340563;2021-10;0.005482239272520602
7085295800541340563;2021-11;0.007649546266737021
7085295800541340563;2021-11;0.002698879551820728
7085295800541340563;2021-11;0.001627450980392157
6238903426443761049;2021-10;0.003152746765904661
6238903426443761049;2021-10;0.004743512481337379
6238903426443761049;2021-10;0.0029712585626378734
6238903426443761049;2021-10;0.0029712585626378734
6238903426443761049;2021-10;0.0029712585626378734
6238903426443761049;2021-10;0.003152746765904661
6238903426443761049;2021-10;0.003211758803138113
6238903426443761049;2021-11;0.0017092490842490842
6238903426443761049;2021-11;0.0021070749195200465
6238903426443761049;2021-11;0.0014155405405405406
8826489829259520138;2021-10;0.00899949760436022
8826489829259520138;2021-11;0.005506421289971368
8826489829259520138;2021-11;0.0789136857034709
8826489829259520138;2021-11;0.009394785654081729
5166128847048245697;2021-10;0.11881700469281849
5166128847048245697;2021-10;0.07642645098258029
5166128847048245697;2021-10;0.1224295043854981
5166128847048245697;2021-11;0.07748496379950151
5166128847048245697;2021-11;0.07748496379950151
4465150716052427320;2021-10;0.005277798519150064
4465150716052427320;2021-11;0.008410309475373167
4465150716052427320;2021-11;0.00712259994278226
4465150716052427320;2021-11;0.009296605517468798
7595945751692012281;2021-10;0.0004761904761904762
7595945751692012281;2021-10;0.0002
2493305884832539159;2021-10;0.08194332227860118
2493305884832539159;2021-10;0.12350811831116483
324916756972236008;2021-10;0.04973545715628897
324916756972236008;2021-10;0.009577319704928812
324916756972236008;2021-10;0.014751748488138589
324916756972236008;2021-10;0.006494365869365869
324916756972236008;2021-10;0.015014906382875434
324916756972236008;2021-11;0.012040560187854462
324916756972236008;2021-11;0.02169814386135709
8994944800097997361;2021-10;0.03053846312037595
8994944800097997361;2021-11;0.04420570700324137
8994944800097997361;2021-11;0.042596709011402646
8706851346184249504;2021-10;0.005089327690998197
8706851346184249504;2021-10;0.003961614647917098
8706851346184249504;2021-11;0.01681966327879263
8706851346184249504;2021-11;0.020714449977708327
3713742318997880410;2021-10;0.014866885178012854
3713742318997880410;2021-10;0.013559421808049484
1708019696828098378;2021-10;0.45358765604176254
1708019696828098378;2021-10;0.45358765604176254
1708019696828098378;2021-11;0.27375815512789214
3022528659032597047;2021-10;0.0002631578947368421
3022528659032597047;2021-10;0.0029305511060729273
3022528659032597047;2021-11;0.0061546281782212595
3022528659032597047;2021-11;0.009151485182390012
7708030042671632236;2021-10;0.00965608211705449
7708030042671632236;2021-10;0.004156673421814509
7708030042671632236;2021-10;0.00544043800754198
5440313607363845188;2021-10;0.009933910735186773
5440313607363845188;2021-11;0.010711300116340187
5383359512938607117;2021-10;0.006705233615158199
3263212305228307743;2021-10;0.016462742895131485
3263212305228307743;2021-11;0.0075899885555057965
3263212305228307743;2021-11;0.003528620143709658
2598475569074240783;2021-10;0.005139273114240007
2598475569074240783;2021-10;0.002977428937558248
2598475569074240783;2021-11;0.006941884062479817
1617695035450525647;2021-10;0.003759897248741062
1617695035450525647;2021-10;0.0015750232991612301
1617695035450525647;2021-10;0.0013953488372093023
1617695035450525647;2021-10;0.0019229055258467023
1617695035450525647;2021-10;0.1529992054574931
1617695035450525647;2021-10;0.018805969311072153
1617695035450525647;2021-11;0.009973318376462393
3634047863995720708;2021-10;0.005450565641466621
3634047863995720708;2021-10;0.00416752778186535
1951407691087813358;2021-10;0.01398375507416287
1951407691087813358;2021-11;0.002968487126033209
1951407691087813358;2021-11;0.00693718657033054
6817075905797098547;2021-10;0.18297769362694524
6817075905797098547;2021-10;0.19567634880386126
6817075905797098547;2021-10;0.17100185213858832
6817075905797098547;2021-11;0.1412808025474085
644457054514416604;2021-10;0.12711856352303352
472772897496154354;2021-10;0.005265688557953254
472772897496154354;2021-11;0.0016539773490993003
2550506309527280168;2021-10;0.045251406721368806
6681781879793693802;2021-10;0.001773529445734151
6681781879793693802;2021-11;0.001
4008627434689715639;2021-10;0.22606591931533873
4008627434689715639;2021-11;0.1667690851439866
5753677550753111444;2021-10;0.003645902855024101
5753677550753111444;2021-10;0.0034855900495500054
5753677550753111444;2021-10;0.0027019704433497538
5753677550753111444;2021-10;0.004496342737722048
5753677550753111444;2021-11;0.00796711824469791
6198047969028248384;2021-10;0.0029414401916323983
6198047969028248384;2021-10;0.0020904841552632576
6198047969028248384;2021-11;0.00433213206231109
924957821424248698;2021-10;0.0023971143798730003
924957821424248698;2021-10;0.002821744921744922
924957821424248698;2021-10;0.0014646464646464645
924957821424248698;2021-11;0.0022650474525474527
924957821424248698;2021-11;0.0022650474525474527
1003144834589372198;2021-10;0.0076530143857907575
1003144834589372198;2021-10;0.016445199684517596
1003144834589372198;2021-10;0.00876130654063611
1003144834589372198;2021-10;0.0233864388385489
1003144834589372198;2021-10;0.010629078498389002
1003144834589372198;2021-10;0.016891353554554095
1003144834589372198;2021-11;0.009995997937712428
1003144834589372198;2021-11;0.006668300392438323
1003144834589372198;2021-11;0.006062075530766233
1003144834589372198;2021-11;0.014200794569683046
1003144834589372198;2021-11;0.0048520216167274996
1003144834589372198;2021-11;0.0064617950976977355
1003144834589372198;2021-11;0.0048520216167274996
1003144834589372198;2021-11;0.006642045566183497
6858769421191999702;2021-10;0.012230633831947174
6858769421191999702;2021-11;0.009071388077641991
7707459425750676368;2021-10;0.6113380576542258
1467843186411742274;2021-10;0.01896125307912866
1467843186411742274;2021-11;0.00860357650465632
1467843186411742274;2021-11;0.006532545486949265
2006188298374001315;2021-10;0.005159499014751621
2006188298374001315;2021-11;0.0014372294372294373
8512214463586144353;2021-10;0.005910912705307271
8512214463586144353;2021-10;0.026250443079113582
8512214463586144353;2021-11;0.009964550489734714
8512214463586144353;2021-11;0.0022310167310167313
1477629972594346481;2021-10;0.05466345138950971
1477629972594346481;2021-11;0.057225210719274645
1477629972594346481;2021-11;0.05446325522127513
3660744270380078352;2021-10;0.061450918836175476
3660744270380078352;2021-10;0.05908041611195663
3660744270380078352;2021-11;0.04826797630406787
3660744270380078352;2021-11;0.054979371519034516
3660744270380078352;2021-11;0.08908257970188117
3660744270380078352;2021-11;0.24320953109032284
417157680860985231;2021-10;0.008412203769991874
417157680860985231;2021-10;0.4147425254029043
417157680860985231;2021-10;0.0005982142857142857
417157680860985231;2021-10;0.008412203769991874
417157680860985231;2021-10;0.006290730415759898
417157680860985231;2021-10;0.005210107838027749
417157680860985231;2021-11;0.003286261206131628
417157680860985231;2021-11;0.0034665194371812837
417157680860985231;2021-11;0.00420775412762455
417157680860985231;2021-11;0.00703083640833187
524026009392362402;2021-10;0.4400325231641799
8348574220426911086;2021-10;0.030040825582221525
8348574220426911086;2021-10;0.0445633926284888
8348574220426911086;2021-10;0.05830097133247957
8348574220426911086;2021-10;0.08370709411141763
8348574220426911086;2021-11;0.012494504785713704
187117706370645370;2021-10;0.020961181242440455
187117706370645370;2021-10;0.0709299972342265
187117706370645370;2021-10;0.03762757077310077
187117706370645370;2021-11;0.03459263119997624
187117706370645370;2021-11;0.19543653737977876
187117706370645370;2021-11;0.027917551563204725
187117706370645370;2021-11;0.020370519457513066
8255085612985072878;2021-10;0.11656870585874676
8255085612985072878;2021-11;0.12396226632127273
8255085612985072878;2021-11;0.11710550239554329
8343941262792249232;2021-10;0.06636371998844325
8343941262792249232;2021-10;0.06636371998844325
8343941262792249232;2021-10;0.06636371998844325
8343941262792249232;2021-10;0.06636371998844325
8343941262792249232;2021-11;0.09056180470308192
3977861004707764824;2021-10;0.097134164649078
3977861004707764824;2021-10;0.07736570757752462
3977861004707764824;2021-10;0.14819122416028152
3977861004707764824;2021-10;0.1425083572579024
3977861004707764824;2021-10;0.06257332044784021
3977861004707764824;2021-10;0.04349107340109068
3977861004707764824;2021-10;0.08862478370186393
3977861004707764824;2021-10;0.12666561231205514
3977861004707764824;2021-10;0.14067062509758962
3977861004707764824;2021-11;0.03903968514262101
3977861004707764824;2021-11;0.04024352498967757
3977861004707764824;2021-11;0.13285642182540763
3977861004707764824;2021-11;0.06951588748556686
3977861004707764824;2021-11;0.06635716809697775
3977861004707764824;2021-11;0.03903968514262101
3977861004707764824;2021-11;0.07089251086219026
7458891296671174680;2021-10;0.2743039973837507
7458891296671174680;2021-10;0.2743039973837507
2371917341091102894;2021-10;0.037239700830219255
2371917341091102894;2021-10;0.03569172159760505
2371917341091102894;2021-10;0.02323519196124518
465309249432033993;2021-10;0.008122076421059745
465309249432033993;2021-10;0.007488468114518534
465309249432033993;2021-10;0.008625723016479318
465309249432033993;2021-11;0.02124256325275058
465309249432033993;2021-11;0.021087764491140675
465309249432033993;2021-11;0.016374443744810733
465309249432033993;2021-11;0.02124256325275058
1717812527056208209;2021-10;0.34012874142987426
1717812527056208209;2021-11;0.33657897900455713
3629889536335411116;2021-10;0.00475318152450957
2408009918678280470;2021-10;0.008990522527892088
2408009918678280470;2021-10;0.010582048107122585
2408009918678280470;2021-10;0.010582048107122585
2408009918678280470;2021-10;0.010664162244270605
2408009918678280470;2021-10;0.011619655602951105
2408009918678280470;2021-10;0.019094355056929534
2408009918678280470;2021-11;0.0038428908256494467
2408009918678280470;2021-11;0.009324468557227178
2408009918678280470;2021-11;0.009249519422250654
2408009918678280470;2021-11;0.00694619742895605
5883155883105348987;2021-10;0.10937897412869717
5883155883105348987;2021-10;0.04938048310908395
5883155883105348987;2021-10;0.06945540534281473
5883155883105348987;2021-10;0.26205506000951284
5883155883105348987;2021-10;0.03907992380336783
5883155883105348987;2021-10;0.08540561559885042
5883155883105348987;2021-10;0.07235863114926634
5883155883105348987;2021-10;0.11375319766201875
5883155883105348987;2021-11;0.2856224012275183
5883155883105348987;2021-11;0.05182613425344131
5883155883105348987;2021-11;0.041275663385687195
5883155883105348987;2021-11;0.1950989571615828
5883155883105348987;2021-11;0.011740547000858595
5883155883105348987;2021-11;0.006424017216586877
5883155883105348987;2021-11;0.05209735851377161
5883155883105348987;2021-11;0.0322951669360035
5883155883105348987;2021-11;0.29546514905378846
2619109825960703851;2021-10;0.021635931398049108
2619109825960703851;2021-10;0.021863204125321837
2619109825960703851;2021-11;0.05432298614676797
2619109825960703851;2021-11;0.03668017296526167
2619109825960703851;2021-11;0.03288017296526167
2619109825960703851;2021-11;0.05432298614676797
8729164666041467296;2021-10;0.1617370391784051
3472934456083131714;2021-10;0.4344697305211613
3472934456083131714;2021-10;0.021083499598484847
3472934456083131714;2021-11;0.007203224528882423
6546850858912852316;2021-10;0.0682424021537331
6546850858912852316;2021-10;0.029938886363004312
2397171153213063761;2021-10;0.003423514233361432
2397171153213063761;2021-10;0.010222301476062512
2397171153213063761;2021-10;0.010687199173170528
2397171153213063761;2021-11;0.0036489183727555817
2397171153213063761;2021-11;0.008346167156605385
2397171153213063761;2021-11;0.002169431875314228
2397171153213063761;2021-11;0.001660721670802316
2397171153213063761;2021-11;0.0036207357932477352
2397171153213063761;2021-11;0.001748221670802316
1044568737046072781;2021-10;0.028420191106600844
1044568737046072781;2021-10;0.031393463293614546
1044568737046072781;2021-10;0.03345719329711715
1044568737046072781;2021-11;0.03570924200988315
1044568737046072781;2021-11;0.05519643426973102
5306165689101138983;2021-10;0.005188800365233005
8733525963966339207;2021-10;0.34582860946771027
8733525963966339207;2021-10;0.26770882705585747
8733525963966339207;2021-10;0.34582860946771027
8733525963966339207;2021-11;0.7362541899463965
3137879241768961145;2021-10;0.003178574965339671
3137879241768961145;2021-10;0.0037191155058802117
3137879241768961145;2021-10;0.006003284354677543
3137879241768961145;2021-11;0.0063737906278582114
3137879241768961145;2021-11;0.007620995406709692
6122719618012473549;2021-10;0.013797891755126246
6122719618012473549;2021-11;0.012290184508445639
6122719618012473549;2021-11;0.013725163309515035
8901696535927078963;2021-10;0.003977323466466829
8901696535927078963;2021-10;0.004458303103464394
8901696535927078963;2021-10;0.003299930559414805
8901696535927078963;2021-11;0.14942182417907982
8901696535927078963;2021-11;0.0026942640692640698
8901696535927078963;2021-11;0.0011101553829078804
8724731934863284019;2021-10;0.014967303325008213
8724731934863284019;2021-10;0.006927119484740698
8724731934863284019;2021-10;0.007645771243263147
8724731934863284019;2021-11;0.013330125167512483
8724731934863284019;2021-11;0.26866509792410287
8724731934863284019;2021-11;0.012271353957879205
8724731934863284019;2021-11;0.012271353957879205
4335865859049992260;2021-10;0.006079959390701505
4335865859049992260;2021-10;0.005649320824370423
4335865859049992260;2021-10;0.007567902456615538
4335865859049992260;2021-10;0.00542300876046103
4335865859049992260;2021-11;0.00732033565768115
4335865859049992260;2021-11;0.00732033565768115
4335865859049992260;2021-11;0.006112553915949066
5999145415800242177;2021-10;0.02512268046463441
5999145415800242177;2021-10;0.027012455354018874
5999145415800242177;2021-11;0.023967665946764808
5999145415800242177;2021-11;0.014467583827387205
5999145415800242177;2021-11;0.0272942665884223
8213533889694327948;2021-10;0.007555809205488881
8213533889694327948;2021-10;0.009043410678537278
8213533889694327948;2021-10;0.011976729846472547
8213533889694327948;2021-10;0.007880619980862862
8213533889694327948;2021-11;0.00332106910162184
8213533889694327948;2021-11;0.004758324854987016
8213533889694327948;2021-11;0.00332106910162184
8213533889694327948;2021-11;0.005514277235939395
8213533889694327948;2021-11;0.011892338931517065
6721448955097663572;2021-10;0.012736359702721136
6721448955097663572;2021-10;0.012515536427174356
6721448955097663572;2021-10;0.012736359702721136
6721448955097663572;2021-10;0.007308380463622399
6721448955097663572;2021-10;0.0243400377135783
6721448955097663572;2021-11;0.002657008270215817
5263285038415073073;2021-10;0.03163530432795962
5263285038415073073;2021-10;0.019186861186468125
3036967290595689189;2021-10;0.0040586774543639546
1192891347324061812;2021-10;0.024824640225150768
1192891347324061812;2021-10;0.018314024826942873
1192891347324061812;2021-10;0.023856898289666896
1192891347324061812;2021-10;0.023856898289666896
1192891347324061812;2021-10;0.023856898289666896
1192891347324061812;2021-10;0.023856898289666896
1192891347324061812;2021-11;0.022495095790784
1192891347324061812;2021-11;0.022495095790784
1192891347324061812;2021-11;0.023991337785378142
1192891347324061812;2021-11;0.0259803898918083
1192891347324061812;2021-11;0.023991337785378142
1192891347324061812;2021-11;0.022727653930318885
1192891347324061812;2021-11;0.023991337785378142
5048392903148444335;2021-10;0.09061155755853083
5048392903148444335;2021-11;0.10222236310100113
1276604410881911401;2021-10;0.1515656822385239
1276604410881911401;2021-10;0.15099425366709535
1276604410881911401;2021-10;0.27942848358853467
1276604410881911401;2021-10;0.13685821694610306
1276604410881911401;2021-10;0.1515656822385239
1276604410881911401;2021-11;0.10984082805931919
1276604410881911401;2021-11;0.12701737026507595
1276604410881911401;2021-11;0.12504908908367562
1329553496073467331;2021-10;0.01014093165006353
8779038337925278543;2021-10;0.0017932587760173969
761746217261797478;2021-10;0.004935660244462509
761746217261797478;2021-10;0.0032691293615523154
761746217261797478;2021-11;0.004946424304488821
761746217261797478;2021-11;0.0031453490356716162
2983174282784691273;2021-10;0.006610636331135748
2983174282784691273;2021-10;0.006337909058408475
2983174282784691273;2021-10;0.005669844747641439
2983174282784691273;2021-11;0.13660515067474996
5122095358293179297;2021-10;0.007038323382636614
5122095358293179297;2021-10;0.005201362946355295
5122095358293179297;2021-11;0.0014499937725744177
5122095358293179297;2021-11;0.0328221464895157
5122095358293179297;2021-11;0.0032185997224573764
3480297543931395935;2021-10;0.34702840326693135
3480297543931395935;2021-10;0.281150429952925
5058298901476893676;2021-10;0.0390036031503152
5058298901476893676;2021-11;0.019132158317671465
5058298901476893676;2021-11;0.027726713901929566
8464809590757561185;2021-10;0.001983273596176822
8464809590757561185;2021-10;0.003359617682198327
8464809590757561185;2021-10;0.00037037037037037035
8464809590757561185;2021-10;0.00037037037037037035
8464809590757561185;2021-11;0.003307500290258911
8464809590757561185;2021-11;0.090625932287667
8464809590757561185;2021-11;0.009025759506620594
8464809590757561185;2021-11;0.0022658336235922443
6941381638534728190;2021-10;0.010765781289253215
6941381638534728190;2021-11;0.039632427689406176
6941381638534728190;2021-11;0.003503079436902966
6941381638534728190;2021-11;0.0058671062113349335
6941381638534728190;2021-11;0.005369277079682273
3355881107559250653;2021-10;0.006965008722482204
3355881107559250653;2021-10;0.004364990653329388
3355881107559250653;2021-10;0.013491465373122593
3355881107559250653;2021-10;0.012376886117118218
3355881107559250653;2021-10;0.006965008722482204
3355881107559250653;2021-10;0.006965008722482204
3355881107559250653;2021-11;0.008941749954637045
3355881107559250653;2021-11;0.09457643339539892
3355881107559250653;2021-11;0.017223618600514842
3355881107559250653;2021-11;0.017719834222626595
6118873739225005756;2021-10;0.024747961391166924
6118873739225005756;2021-10;0.011343630637458713
8067924767167570288;2021-10;0.003159468496979297
8067924767167570288;2021-10;0.003647273375028077
6826420906256954294;2021-10;0.13022800783323596
8536980239903840341;2021-10;0.0027654374758033294
8536980239903840341;2021-10;0.0005689102564102564
8536980239903840341;2021-10;0.0053275139192839474
8536980239903840341;2021-11;0.0038665223665223666
8536980239903840341;2021-11;0.0
1192810733461560329;2021-10;0.0025523235613990006
1192810733461560329;2021-10;0.01914870980911528
1192810733461560329;2021-10;0.0003333333333333333
1192810733461560329;2021-10;0.0003333333333333333
1192810733461560329;2021-10;0.012630464297511136
1192810733461560329;2021-11;0.009393334031488667
1192810733461560329;2021-11;0.003091842181518706
1192810733461560329;2021-11;0.0074509861641727715
1192810733461560329;2021-11;0.006654815236874048
4489904752023469353;2021-10;0.09158638196753048
4489904752023469353;2021-10;0.09836072565986037
4489904752023469353;2021-11;0.2380401790633273
4489904752023469353;2021-11;0.09619219329696914
5880041582322293710;2021-10;0.004021052380611782
5880041582322293710;2021-10;0.0200842361990286
5880041582322293710;2021-10;0.0200842361990286
5880041582322293710;2021-10;0.03104150546956448
5880041582322293710;2021-10;0.004963499707337123
5880041582322293710;2021-10;0.03459591163738598
5108407319813072955;2021-10;0.014045436493954273
5108407319813072955;2021-10;0.01499944183820352
5108407319813072955;2021-10;0.01641610850487019
5108407319813072955;2021-10;0.014159072857590637
5108407319813072955;2021-11;0.016255992895161154
5108407319813072955;2021-11;0.020647215105353146
4740535838297269949;2021-10;0.013068705886389344
4740535838297269949;2021-11;0.03447134628761664
4740535838297269949;2021-11;0.003208526923149565
2467590416042313927;2021-10;0.007358920552694754
2467590416042313927;2021-11;0.009003897140711098
8909740532547211288;2021-10;0.011657302269108119
8909740532547211288;2021-10;0.015281877144669642
8909740532547211288;2021-10;0.01391946359915738
8909740532547211288;2021-11;0.009845951267604423
8909740532547211288;2021-11;0.009845951267604423
7963861799566207637;2021-10;0.00589713372577727
7963861799566207637;2021-10;0.005314313018070654
7963861799566207637;2021-10;0.00401897502273266
7963861799566207637;2021-11;0.011582677233468402
274692171162531764;2021-10;0.08232159429139871
274692171162531764;2021-10;0.07940596444054346
5499433941404698208;2021-10;0.010244811253386958
5499433941404698208;2021-10;0.032079174629749185
5499433941404698208;2021-11;0.021853800704289134
660382477567765256;2021-10;0.014033937210119503
660382477567765256;2021-10;0.012178551988115452
660382477567765256;2021-11;0.004736752482166382
660382477567765256;2021-11;0.042103127150353366
5993765508162121762;2021-10;0.01661028025758833
5993765508162121762;2021-10;0.01768990733427423
5993765508162121762;2021-11;0.08414652548338783
5993765508162121762;2021-11;0.032415352246682995
5993765508162121762;2021-11;0.03709763195833057
1536087798470875922;2021-10;0.04544515489787072
1536087798470875922;2021-10;0.0459109495730308
1536087798470875922;2021-11;0.09732702395002994
8564920972266217847;2021-10;0.012948939751339981
8564920972266217847;2021-11;0.020287598926071713
8564920972266217847;2021-11;0.015325902414456034
6330043096034525408;2021-10;0.5637560955252486
6330043096034525408;2021-10;0.31994830220121295
6330043096034525408;2021-10;0.8079345435634978
6330043096034525408;2021-10;0.19693074929209786
6330043096034525408;2021-10;0.2645158142287281
6330043096034525408;2021-11;0.07893592969417197
2432667449154431819;2021-10;0.3758911244386418
521351744568531135;2021-10;0.00125
521351744568531135;2021-11;0.0024138207608624847
521351744568531135;2021-11;0.002510953127332438
4414438591613884911;2021-10;0.008250211402791065
4414438591613884911;2021-11;0.005906770248092343
4414438591613884911;2021-11;0.0035994987673450764
4414438591613884911;2021-11;0.006730653451440936
8961924617442201922;2021-10;0.00041666666666666664
8961924617442201922;2021-10;0.0010925039872408293
8961924617442201922;2021-11;0.001677885123007074
8961924617442201922;2021-11;0.1608513197891252
8961924617442201922;2021-11;0.00602876899783523
8961924617442201922;2021-11;0.003899737785963455
717981637594591016;2021-10;0.39204804628458795
717981637594591016;2021-10;0.004392821085073596
717981637594591016;2021-10;0.0036520803443328555
717981637594591016;2021-10;0.0036520803443328555
5225029212547588718;2021-10;0.011056837790500196
5225029212547588718;2021-10;0.006541254437928152
5225029212547588718;2021-10;0.013733317973533707
5225029212547588718;2021-11;0.0005564024390243903
1310335287370721834;2021-10;0.10074367573464847
2455576782104041698;2021-10;0.07763388384828962
2455576782104041698;2021-10;0.08000540649655251
2455576782104041698;2021-11;0.30289134453425703
5078307295214858596;2021-10;0.0330485347314445
5078307295214858596;2021-10;0.03504853473144451
5078307295214858596;2021-10;0.03504853473144451
5078307295214858596;2021-10;0.0330485347314445
7710364735942975505;2021-10;0.04014889448233033
7710364735942975505;2021-10;0.06339880443651542
7710364735942975505;2021-11;0.15385152338549143
7710364735942975505;2021-11;0.0036758507529621367
7710364735942975505;2021-11;0.0036758507529621367
6532139198609901627;2021-10;0.015720350003099282
6532139198609901627;2021-11;0.01829225464203066
2677901391425651891;2021-10;0.004272638833251872
2677901391425651891;2021-10;0.0045739859980713695
2677901391425651891;2021-11;0.00870777469082916
6457349126437565385;2021-10;0.13009388704586372
6457349126437565385;2021-10;0.1514504304577766
7686361238195690925;2021-10;0.020806780609846195
7686361238195690925;2021-11;0.01812928640806465
8080988579391900405;2021-10;0.004855785964668335
8080988579391900405;2021-10;0.003873227825133451
8080988579391900405;2021-10;0.0011407298714708838
8080988579391900405;2021-10;0.003873227825133451
5303720405946805990;2021-10;0.006457903630948906
5303720405946805990;2021-11;0.003158304853041695
5303720405946805990;2021-11;0.007145370902966841
4187591029730357479;2021-10;0.17040384519676788
8874257794774679816;2021-10;0.058750070487260844
8874257794774679816;2021-10;0.058750070487260844
8874257794774679816;2021-10;0.07455965057624861
8874257794774679816;2021-10;0.058750070487260844
8874257794774679816;2021-11;0.05775381936829427
8874257794774679816;2021-11;0.07136394921878254
8874257794774679816;2021-11;0.01502850743911052
8874257794774679816;2021-11;0.05775381936829427
9184785003280841216;2021-10;0.03864017435284494
9184785003280841216;2021-10;0.04882701580674936
9184785003280841216;2021-11;0.022969971044316636
9184785003280841216;2021-11;0.02417324743906881
7403979270048469991;2021-10;0.011010757711053419
2819054834565698513;2021-10;0.04638186097856633
2819054834565698513;2021-10;0.07316364503892467
2819054834565698513;2021-11;0.1115450660178486
2819054834565698513;2021-11;0.05066548361874483
5611787644735474299;2021-10;0.016824686469337415
5611787644735474299;2021-10;0.005383064516129033
5611787644735474299;2021-10;0.0031274509803921567
5611787644735474299;2021-10;0.020545593174590766
5611787644735474299;2021-10;0.004407020872865275
5611787644735474299;2021-10;0.0027941176470588237
5611787644735474299;2021-10;0.006065509464521941
5611787644735474299;2021-10;0.02750953175913405
5611787644735474299;2021-11;0.015501791924265063
5611787644735474299;2021-11;0.025119798693836282
5611787644735474299;2021-11;0.006311013523908424
5611787644735474299;2021-11;0.009655147270323874
5611787644735474299;2021-11;0.0050908892932869905
8090492548102964782;2021-10;0.12055584832904159
662944582644865942;2021-10;0.08755556813526148
662944582644865942;2021-10;0.08761175686289584
662944582644865942;2021-10;0.08755556813526148
662944582644865942;2021-10;0.10543856318020868
662944582644865942;2021-11;0.08099351764969481
662944582644865942;2021-11;0.07710181538657494
662944582644865942;2021-11;0.07699351764969481
662944582644865942;2021-11;0.06796384568435586
662944582644865942;2021-11;0.06780551041348862
257162352336759783;2021-10;0.0002564102564102564
257162352336759783;2021-10;0.0002564102564102564
257162352336759783;2021-10;0.0009706959706959706
257162352336759783;2021-11;0.0
257162352336759783;2021-11;0.0003333333333333333
257162352336759783;2021-11;0.0003333333333333333
9205015186723569289;2021-10;0.21073809457090323
9205015186723569289;2021-11;0.07272718601779553
4661684997487171886;2021-10;0.015858080825724836
4661684997487171886;2021-10;0.0278343669470616
4661684997487171886;2021-10;0.00925832961130798
4661684997487171886;2021-11;0.014810367885069266
4661684997487171886;2021-11;0.013329672644840385
4661684997487171886;2021-11;0.01772280558078067
4661684997487171886;2021-11;0.01772280558078067
4661684997487171886;2021-11;0.015155195471276164
4661684997487171886;2021-11;0.01822328023947034
4365965554261111250;2021-10;0.2996872234987308
4365965554261111250;2021-10;0.42735749736837747
6885171468891031140;2021-10;0.0037093277460540693
5067621068959932809;2021-10;0.046307330705755885
5067621068959932809;2021-10;0.04094373550077414
5067621068959932809;2021-10;0.04094373550077414
5067621068959932809;2021-10;0.04005889441265562
5067621068959932809;2021-10;0.04094373550077414
5067621068959932809;2021-10;0.049304611636618825
5067621068959932809;2021-11;0.085634855982217
8505870778358741102;2021-10;0.009160200112931205
8505870778358741102;2021-10;0.008427876880607971
8505870778358741102;2021-10;0.013472222410861151
8505870778358741102;2021-11;0.006340397350361012
8505870778358741102;2021-11;0.007409994606446497
8505870778358741102;2021-11;0.004960117728689048
5042877476420217533;2021-10;0.0027089285714285718
5042877476420217533;2021-10;0.0012872628726287262
5042877476420217533;2021-10;0.002836151990949742
5042877476420217533;2021-11;0.0003333333333333333
5042877476420217533;2021-11;0.003078507915853394
1454789421854453615;2021-10;0.03211771739132143
1454789421854453615;2021-10;0.031206629174406107
1454789421854453615;2021-10;0.055679763813708295
1454789421854453615;2021-10;0.055679763813708295
1454789421854453615;2021-11;0.018227521720603133
1454789421854453615;2021-11;0.043492948435394405
1454789421854453615;2021-11;0.3554881080143813
1454789421854453615;2021-11;0.05938863983939184
1454789421854453615;2021-11;0.04947517593106377
3807130563335796378;2021-10;0.043439592148378586
4424973922927242822;2021-10;0.11374077620947379
4424973922927242822;2021-10;0.11374077620947379
4424973922927242822;2021-10;0.10753233708974433
1234611356650812259;2021-10;0.07772478235325117
6545052034269841737;2021-10;0.004077346440368262
6545052034269841737;2021-10;0.004996831797235023
6545052034269841737;2021-10;0.0057746095750128
312543480920432545;2021-10;0.009335901616104212
312543480920432545;2021-10;0.01762726223388265
312543480920432545;2021-10;0.020514533955819945
312543480920432545;2021-11;0.01680221016995349
312543480920432545;2021-11;0.14313788181423936
312543480920432545;2021-11;0.017791087033830352
312543480920432545;2021-11;0.010056628111830708
312543480920432545;2021-11;0.012410299783283656
312543480920432545;2021-11;0.012410299783283656
3204108603682323936;2021-10;0.007001674146835437
3204108603682323936;2021-10;0.012166718061454904
3204108603682323936;2021-10;0.010514856482173969
3204108603682323936;2021-11;0.009604312370329018
3204108603682323936;2021-11;0.006669590148106795
6927178425683104769;2021-10;0.003579390054390055
6927178425683104769;2021-10;0.01269582688274187
6927178425683104769;2021-10;0.023938601703742943
6927178425683104769;2021-10;0.019136320681808882
4862285428951244424;2021-10;0.001746031746031746
4862285428951244424;2021-10;0.00266805990943922
4862285428951244424;2021-11;0.0037997927114306424
4850936440093751199;2021-10;0.0002777777777777778
4850936440093751199;2021-10;0.0006256109481915934
4850936440093751199;2021-10;0.0003225806451612903
4850936440093751199;2021-10;0.0
4850936440093751199;2021-10;0.0012157287157287158
4850936440093751199;2021-10;0.001636903273437407
4850936440093751199;2021-11;0.00117265538290788
4850936440093751199;2021-11;0.00086015538290788
8716163053080758848;2021-10;0.0031565656565656565
8716163053080758848;2021-10;0.003799422799422799
8716163053080758848;2021-10;0.0037164502164502167
8716163053080758848;2021-10;0.003839436026936027
8716163053080758848;2021-11;0.004313579476079476
8716163053080758848;2021-11;0.0035150446775446776
8716163053080758848;2021-11;0.003353386809269162
8716163053080758848;2021-11;0.0035833822334567123
7289435138601868544;2021-10;0.005165848511986033
7462607259426026440;2021-10;0.007543465963724585
7462607259426026440;2021-10;0.011749349455986912
7462607259426026440;2021-10;0.009156369189531034
7462607259426026440;2021-10;0.008844577940239786
7535160686416710323;2021-10;0.007022886399584193
7535160686416710323;2021-10;0.004659161344220767
3156580765759568020;2021-10;0.0851287296573223
3156580765759568020;2021-11;0.08433550493314008
3156580765759568020;2021-11;0.10011903211663879
8609211777002937758;2021-10;0.0014393939393939391
8609211777002937758;2021-10;0.006617759316147669
8609211777002937758;2021-11;0.002188346883468835
3285246914299291124;2021-10;0.0036292435280308416
3285246914299291124;2021-10;0.005666280565067878
3285246914299291124;2021-10;0.007232269386829285
3285246914299291124;2021-10;0.013310520131164133
3285246914299291124;2021-11;0.006873996348548159
3285246914299291124;2021-11;0.0076397459295908495
3285246914299291124;2021-11;0.0054158067925325175
837142477962609471;2021-10;0.005984032160502749
837142477962609471;2021-10;0.015577221996365985
837142477962609471;2021-11;0.001904100971897582
837142477962609471;2021-11;0.005158082507612864
837142477962609471;2021-11;0.0027812939543537226
1667173444642500307;2021-10;0.05607280805975961
6394935036014530592;2021-10;0.0
6394935036014530592;2021-10;0.0
6394935036014530592;2021-10;0.0
6394935036014530592;2021-10;0.003333333333333333
6394935036014530592;2021-11;0.0038137458725694025
6394935036014530592;2021-11;0.0003333333333333333
6394935036014530592;2021-11;0.08265367750286394
6394935036014530592;2021-11;0.0
6394935036014530592;2021-11;0.0
6368582840625614207;2021-10;0.000689655172413793
6368582840625614207;2021-10;0.0012900135953528612
7920896580423665241;2021-10;0.0012113494880897258
7920896580423665241;2021-10;0.001303030303030303
7920896580423665241;2021-10;0.0290408215467213
7920896580423665241;2021-10;0.070992862016855
7920896580423665241;2021-11;0.008115989150431291
7920896580423665241;2021-11;0.005742588451559327
8041261093764417881;2021-10;0.002305764411027569
8041261093764417881;2021-10;0.000689655172413793
8041261093764417881;2021-10;0.002651612903225806
1182975716201409626;2021-10;0.0014433183183183184
1182975716201409626;2021-10;0.0014433183183183184
1182975716201409626;2021-10;0.0014433183183183184
1182975716201409626;2021-10;0.4778332926186036
1182975716201409626;2021-10;0.0015681003584229391
1182975716201409626;2021-11;0.007541797826919855
1182975716201409626;2021-11;0.011148471818355508
4717593620120611957;2021-10;0.006222605358427367
4795152981525833467;2021-10;0.009267415024311576
4795152981525833467;2021-10;0.017485905538160065
4795152981525833467;2021-11;0.012182043489586274
4795152981525833467;2021-11;0.013438987934030717
4795152981525833467;2021-11;0.019059413187157016
4795152981525833467;2021-11;0.01738586513632986
6448580780254847411;2021-10;0.003106060606060606
6448580780254847411;2021-10;0.0003225806451612903
6448580780254847411;2021-11;0.006763371894995107
4724876423989598202;2021-10;0.040702388804027885
4724876423989598202;2021-10;0.04111247711239784
4724876423989598202;2021-10;0.04584350298328919
4724876423989598202;2021-10;0.01237163525525369
4724876423989598202;2021-11;0.03308683723958995
4724876423989598202;2021-11;0.010443859811803579
4724876423989598202;2021-11;0.04488183049893796
4724876423989598202;2021-11;0.012567809645374427
1637960623843047520;2021-10;0.08438052623386325
8045116560666679751;2021-10;0.025010159912607084
4018182555897034052;2021-10;0.0
4018182555897034052;2021-10;0.0
4018182555897034052;2021-10;0.0
4018182555897034052;2021-10;0.0
4018182555897034052;2021-10;0.0
4018182555897034052;2021-10;0.0
3970572142453508637;2021-10;0.07705600213479445
3970572142453508637;2021-11;0.17014324263533287
7590999900861381526;2021-10;0.0
7590999900861381526;2021-10;0.0
7590999900861381526;2021-11;0.003464256780922474
6985631100944640910;2021-10;0.023132165438717073
6985631100944640910;2021-10;0.025107141434505403
4541506527938763361;2021-10;0.060604881572941735
4541506527938763361;2021-11;0.05143286016555664
5758033363847724111;2021-10;0.0
5758033363847724111;2021-11;0.004877777777777778
5758033363847724111;2021-11;0.006445140638461735
5758033363847724111;2021-11;0.00241035763779711
5758033363847724111;2021-11;0.003529581529581529
7770458886439606839;2021-10;0.12063827122203585
7770458886439606839;2021-10;0.15396713383444227
7770458886439606839;2021-11;0.1294907436732412
7770458886439606839;2021-11;0.15490664224444753
7770458886439606839;2021-11;0.12592658689045308
7770458886439606839;2021-11;0.1294907436732412
7770458886439606839;2021-11;0.15323198030367746
7770458886439606839;2021-11;0.17394582159609884
4604807967654337091;2021-10;0.01563961350854945
8570963260597299378;2021-10;0.0033167652383077916
8570963260597299378;2021-10;0.0023763234568112616
8570963260597299378;2021-10;0.003746753246753247
8570963260597299378;2021-11;0.03260652775362202
968199235777440720;2021-10;0.00037037037037037035
968199235777440720;2021-10;0.00437062207931241
968199235777440720;2021-11;0.004097592215819713
968199235777440720;2021-11;0.0013491742500842602
5511113649464808344;2021-10;0.04811953248216511
5511113649464808344;2021-11;0.04661562050663993
3248432590399829766;2021-10;0.00787796560202993
3248432590399829766;2021-11;0.0016898584905660377
3248432590399829766;2021-11;0.04004998650802307
3248432590399829766;2021-11;0.003150982612345897
3248432590399829766;2021-11;0.0072595246734397665
6582676833651678345;2021-10;0.017834699478081827
6582676833651678345;2021-10;0.060838064935197986
6582676833651678345;2021-10;0.019150907748971432
6582676833651678345;2021-10;0.010918114916217383
6582676833651678345;2021-10;0.017834699478081827
6582676833651678345;2021-11;0.017150718283264726
6582676833651678345;2021-11;0.021307393504595113
6582676833651678345;2021-11;0.05785835791621077
6582676833651678345;2021-11;0.018738819836883518
6582676833651678345;2021-11;0.017668863376199218
6582676833651678345;2021-11;0.019502714307876232
5487870288449327165;2021-10;0.04673136057180075
5487870288449327165;2021-11;0.04538811547500081
7269781193318890653;2021-10;0.004005327158522647
7269781193318890653;2021-11;0.005425335378934093
2634859679238614382;2021-10;0.005565553096583952
2634859679238614382;2021-10;0.008893349711340091
2634859679238614382;2021-10;0.005915496797056018
2634859679238614382;2021-10;0.004702060493064766
2634859679238614382;2021-11;0.007967571529002687
2634859679238614382;2021-11;0.007967571529002687
3543162424793477785;2021-10;0.008923681008232952
3543162424793477785;2021-11;0.003864506300373946
3543162424793477785;2021-11;0.08886624349241451
3543162424793477785;2021-11;0.004841719636207971
3543162424793477785;2021-11;0.0018283010297438708
3543162424793477785;2021-11;0.029811872036702707
940214356651040716;2021-10;0.10380864342496823
940214356651040716;2021-11;0.07936823538046867
940214356651040716;2021-11;0.08137428376756545
7848910047105468475;2021-10;0.23963927321345047
2763141362035716801;2021-10;0.010832279889798867
2763141362035716801;2021-10;0.017792575670147324
2763141362035716801;2021-10;0.01826027183180384
2763141362035716801;2021-11;0.01601834638059729
5574997762710520717;2021-10;0.007804353491040798
5574997762710520717;2021-11;0.09368079973163125
5574997762710520717;2021-11;0.06736526057833019
2508429106201166689;2021-10;0.0
2508429106201166689;2021-10;0.0
2508429106201166689;2021-11;0.0010451612903225806
1953058402621337677;2021-10;0.0072146240136923
9052787288251876909;2021-10;0.003482493223872535
9052787288251876909;2021-11;0.006244776275921994
287529573188507001;2021-10;0.007870248068261513
5044097686733078536;2021-10;0.25492255522355256
7751080728852739823;2021-10;0.014854595231440913
7751080728852739823;2021-10;0.007713937264951572
7751080728852739823;2021-11;0.01016924777378394
7751080728852739823;2021-11;0.0026974154596341392
7485107528960607346;2021-10;0.04041198539608356
7485107528960607346;2021-11;0.024265097103669378
7485107528960607346;2021-11;0.023229032264639536
8536031856585966123;2021-10;0.02646118468911994
8536031856585966123;2021-10;0.025102983926412886
8536031856585966123;2021-10;0.028473151941647262
8536031856585966123;2021-10;0.018145743204960894
8536031856585966123;2021-10;0.02646118468911994
8536031856585966123;2021-11;0.03575204654560508
8536031856585966123;2021-11;0.025687044820277272
8536031856585966123;2021-11;0.0188858853580517
3605652314611460806;2021-10;0.002587301587301587
234898976850399181;2021-10;0.03708455211532257
234898976850399181;2021-11;0.014079383169626362
234898976850399181;2021-11;0.013645434300835283
7231408738455755015;2021-10;0.6038859775576878
7231408738455755015;2021-10;0.6641309697193498
7231408738455755015;2021-10;0.5974791606207077
7231408738455755015;2021-11;0.5792111342758467
7231408738455755015;2021-11;0.6145536588164635
3668905663669864663;2021-10;0.0033782435551052577
3668905663669864663;2021-11;0.24661568918997254
6164364689409425900;2021-10;0.0077838633960062575
6164364689409425900;2021-11;0.004167563559109721
5606267905834401873;2021-10;0.0594132938381935
5606267905834401873;2021-10;0.06133842752803307
5606267905834401873;2021-11;0.022213485552720087
5606267905834401873;2021-11;0.024433527600478268
5606267905834401873;2021-11;0.022213485552720087
7970976988071755401;2021-10;0.07175881699554738
7970976988071755401;2021-10;0.022146842296560096
7970976988071755401;2021-11;0.021861614074952303
7268895973869107930;2021-10;0.010007301005186018
7268895973869107930;2021-10;0.008729143892659372
7268895973869107930;2021-10;0.009225067345413944
7268895973869107930;2021-10;0.008586977660671114
7268895973869107930;2021-10;0.012880028903090422
7268895973869107930;2021-11;0.008256152035754532
7268895973869107930;2021-11;0.010682081444442562
7268895973869107930;2021-11;0.012222000108134765
3997247264680905799;2021-10;0.007402491983216265
3997247264680905799;2021-10;0.001781818181818182
3997247264680905799;2021-10;0.003919525572466749
3997247264680905799;2021-10;0.008560004513828786
3997247264680905799;2021-10;0.005574345210045007
3997247264680905799;2021-10;0.004650597933356554
3997247264680905799;2021-11;0.002669431831863774
8123515208041701633;2021-10;0.06278507893204938
8123515208041701633;2021-10;0.07389463582932693
8123515208041701633;2021-11;0.05782088618831174
8123515208041701633;2021-11;0.05812003125921571
8123515208041701633;2021-11;0.06427471687212599
6547872039250784411;2021-10;0.709959410219807
3931892303497206092;2021-10;0.015192082805598493
3931892303497206092;2021-10;0.015192082805598493
3931892303497206092;2021-11;0.288820187551219
3931892303497206092;2021-11;0.06148268323628954
6271697692808086495;2021-10;0.007535788136594588
6271697692808086495;2021-10;0.005676378699608012
6271697692808086495;2021-10;0.004806813482216708
6271697692808086495;2021-11;0.01126285706107313
1616952665234409442;2021-10;0.12682944020840162
1616952665234409442;2021-10;0.14877989946368927
1616952665234409442;2021-11;0.17397081983313598
1616952665234409442;2021-11;0.036419028248334116
8548612698724688238;2021-10;0.05297751540952374
6633838062940819075;2021-10;0.019832432756137268
6633838062940819075;2021-10;0.03520001240417012
6633838062940819075;2021-11;0.01749877847719594
6633838062940819075;2021-11;0.008323197124414162
6633838062940819075;2021-11;0.0032645361174772937
3093415403379897112;2021-10;0.0012601078167115904
3093415403379897112;2021-10;0.0006902927580893683
3093415403379897112;2021-11;0.010202640705815471
3093415403379897112;2021-11;0.0039351547910290215
4785355632922927313;2021-10;0.09590183781022214
4785355632922927313;2021-10;0.06854167450901277
4785355632922927313;2021-10;0.809350495604187
4785355632922927313;2021-10;0.3229468109953563
4785355632922927313;2021-11;0.08835674125638153
4785355632922927313;2021-11;0.09649821607332874
8748106677402909629;2021-10;0.0639959232541844
1036256411320325774;2021-10;0.02462464162744165
1036256411320325774;2021-10;0.028679499550647233
1036256411320325774;2021-10;0.032238636610484636
1036256411320325774;2021-11;0.03942450127067294
1036256411320325774;2021-11;0.03942450127067294
1036256411320325774;2021-11;0.02900789874978814
1036256411320325774;2021-11;0.029149072941305584
1036256411320325774;2021-11;0.030873901839822762
8889055492416898333;2021-10;0.017093667640316237
8889055492416898333;2021-10;0.02255381173827501
8889055492416898333;2021-11;0.00834797591206467
8889055492416898333;2021-11;0.00748833628698387
8889055492416898333;2021-11;0.05666706295140353
5795100045494475994;2021-10;0.005983111228692595
5795100045494475994;2021-10;0.004893862300839044
5795100045494475994;2021-11;0.004809328347884039
5795100045494475994;2021-11;0.007592066443122134
5726178124659661019;2021-10;0.0013333333333333333
5726178124659661019;2021-10;0.002640842490842491
5726178124659661019;2021-10;0.002126984126984127
5726178124659661019;2021-10;0.00037037037037037035
5726178124659661019;2021-11;0.0007407407407407407
5726178124659661019;2021-11;0.0
5726178124659661019;2021-11;0.0
5726178124659661019;2021-11;0.0
1235244772550233980;2021-10;0.007777923119705657
1235244772550233980;2021-10;0.007777923119705657
1235244772550233980;2021-10;0.0064217632334925764
1235244772550233980;2021-11;0.0037881162995416925
1235244772550233980;2021-11;0.004402886894800093
7664272163315705419;2021-10;0.023198420944820594
7664272163315705419;2021-10;0.02585621434779656
7664272163315705419;2021-11;0.023992696050774122
7664272163315705419;2021-11;0.010988002731420664
7664272163315705419;2021-11;0.006692994312420308
7664272163315705419;2021-11;0.019839405792645155
7120090169052575663;2021-10;0.008999523980751644
864510931144626280;2021-10;0.015305180749746641
864510931144626280;2021-11;0.014826809391557843
2535803443850893368;2021-10;0.04104057468372531
2535803443850893368;2021-11;0.0444829340142949
4995679129936981612;2021-10;0.030050908620228224
4995679129936981612;2021-10;0.03270750822783586
4995679129936981612;2021-11;0.03734344369572835
7182085930008391174;2021-10;0.016639233302759536
1002362614649347438;2021-10;0.0592918293471761
1002362614649347438;2021-11;0.05121487002028173
1002362614649347438;2021-11;0.13059517350049749
1002362614649347438;2021-11;0.06440012071618174
5162636608292907782;2021-10;0.2765025548053749
5162636608292907782;2021-10;0.4043843472005104
7347715771145302549;2021-10;0.005100364692812588
7347715771145302549;2021-10;0.006690720711094226
7347715771145302549;2021-11;0.0012809139784946235
7347715771145302549;2021-11;0.000967741935483871
7347715771145302549;2021-11;0.0016729390681003583
6795467882769787169;2021-10;0.006591846127712537
6795467882769787169;2021-10;0.008480181369766809
6795467882769787169;2021-10;0.008480181369766809
6795467882769787169;2021-10;0.008617287419916337
6795467882769787169;2021-11;0.00703369004133011
6795467882769787169;2021-11;0.021296345204132656
6795467882769787169;2021-11;0.006843725883624014
6795467882769787169;2021-11;0.014858956688842398
621182491555347581;2021-10;0.013594607882912911
621182491555347581;2021-10;0.023181910869351858
621182491555347581;2021-10;0.010354102814694552
621182491555347581;2021-11;0.022159705876511032
6217788509719675691;2021-10;0.004533061777165551
6217788509719675691;2021-10;0.009510445291641306
6217788509719675691;2021-11;0.0019662739610604553
6217788509719675691;2021-11;0.007903377173327083
4858887739802767402;2021-10;0.004702191412436127
4858887739802767402;2021-11;0.008299202837874718
3750579377644235511;2021-10;0.3713302729198829
3750579377644235511;2021-10;0.31832006075207553
2532435113844289043;2021-10;0.002687185229456091
2532435113844289043;2021-10;0.0015843568196509375
2532435113844289043;2021-10;0.0024169149591858207
2532435113844289043;2021-11;0.006422509204678156
2532435113844289043;2021-11;0.005219458122853273
2929243640075785940;2021-10;0.011330500736346704
2929243640075785940;2021-10;0.004285916514399486
2929243640075785940;2021-10;0.018742869474460862
2929243640075785940;2021-10;0.0028403581741043037
2929243640075785940;2021-11;0.007884445956228248
4785077903451149834;2021-10;0.36210110244735105
3632378524835692731;2021-10;0.0016556776556776555
1119752495905732753;2021-10;0.18423672394253976
7347753999527316260;2021-10;0.5233928594129685
7347753999527316260;2021-11;0.5180330963083876
1998941557906036376;2021-10;0.006295500318392235
1998941557906036376;2021-11;0.02416078613918514
1998941557906036376;2021-11;0.0039341338864402105
7395696797140470088;2021-10;0.005443885601431684
7395696797140470088;2021-11;0.0024404179845283875
7395696797140470088;2021-11;0.0038053129605548964
4537982850248578883;2021-10;0.010635648726594995
4537982850248578883;2021-11;0.005411113666601472
51762959302415533;2021-10;0.059586963717418104
89342157110910412;2021-10;0.05499523674048042
4762256864594914240;2021-10;0.013895781102033966
4762256864594914240;2021-10;0.005307337357168969
4762256864594914240;2021-11;0.004240511204481792
4762256864594914240;2021-11;0.0037828961119085393
5888474320320735000;2021-10;0.48871606073155094
2346482557594782345;2021-10;0.05311384201058427
2346482557594782345;2021-10;0.053184414350264116
2346482557594782345;2021-10;0.06182488494274789
3408536439470975134;2021-10;0.009360385503174876
3408536439470975134;2021-10;0.009811945437493431
3408536439470975134;2021-10;0.015225993005044227
3408536439470975134;2021-10;0.0036026683841875527
3408536439470975134;2021-10;0.015225993005044227
3408536439470975134;2021-11;0.001976539589442815
3408536439470975134;2021-11;0.001976539589442815
3408536439470975134;2021-11;0.0029765395894428156
3408536439470975134;2021-11;0.0027172803301835557
5752688018135006198;2021-10;0.01886123658191633
5752688018135006198;2021-11;0.018523515573989374
5752688018135006198;2021-11;0.008951376731692752
9127318190908282126;2021-10;0.009725626001669558
5271966906483787417;2021-10;0.044714542313296086
1088268935649917461;2021-10;0.03423839208823365
622073912578471754;2021-10;0.14129747614510127
622073912578471754;2021-10;0.14290388586441424
3724562776372632620;2021-10;0.1209092111928489
3724562776372632620;2021-11;0.093409068419566
2780030912070252968;2021-10;0.0742058180367259
8107542605807471599;2021-10;0.6714669035960042
7468724002190465812;2021-10;0.014365876182296794
7468724002190465812;2021-11;0.025511434934719177
2290083177086946553;2021-10;0.0035004933504933504
2290083177086946553;2021-10;0.003331457431457431
2290083177086946553;2021-11;0.0019178212592005698
2290083177086946553;2021-11;0.0019178212592005698
2290083177086946553;2021-11;0.006567565962374071
3447213159487287154;2021-10;0.0047514503847993226
3447213159487287154;2021-11;0.0064614861476691085
1115703227712697214;2021-10;0.04476064676087112
1115703227712697214;2021-10;0.027236892968583934
1115703227712697214;2021-11;0.032151930903718956
1115703227712697214;2021-11;0.041157209272609824
2214132103234633622;2021-10;0.0825389475067356
2214132103234633622;2021-10;0.06865948849749501
2214132103234633622;2021-10;0.051582395493098614
2214132103234633622;2021-10;0.06434060428846196
2214132103234633622;2021-10;0.06559863905169298
2214132103234633622;2021-11;0.04595548882366091
2214132103234633622;2021-11;0.04615548882366091
2214132103234633622;2021-11;0.05822241685803504
2214132103234633622;2021-11;0.05983392712196465
4043546053926060305;2021-10;0.3076069957820144
5522764880180045081;2021-10;0.009048442713392972
5522764880180045081;2021-10;0.00840328142307039
5522764880180045081;2021-10;0.009048442713392972
5522764880180045081;2021-10;0.004182632718134018
5432443358006556295;2021-10;0.0014417989417989418
5432443358006556295;2021-10;0.002513227513227513
5432443358006556295;2021-11;0.009307630785808277
5432443358006556295;2021-11;0.012620063451182117
5432443358006556295;2021-11;0.003841206659003269
7818340804682162328;2021-10;0.006909806863577997
7818340804682162328;2021-10;0.008442430113951382
7818340804682162328;2021-11;0.1934310034127195
6731795019313479942;2021-10;0.010886902749712556
1118514612547157551;2021-10;0.11298830113719151
9206030810342980458;2021-10;0.024020332042047517
9206030810342980458;2021-10;0.011837913975773664
9206030810342980458;2021-11;0.016847554053484787
9206030810342980458;2021-11;0.0032370711725550434
9206030810342980458;2021-11;0.00921385809651352
2951563549197799278;2021-10;0.011032937427513703
2951563549197799278;2021-11;0.011443211357742112
5301988619224057921;2021-10;0.4313644376996145
5301988619224057921;2021-10;0.33676863242165256
5301988619224057921;2021-11;0.2526393586579114
5301988619224057921;2021-11;0.22526270114624605
5301988619224057921;2021-11;0.2634946622437534
4235078665660987689;2021-10;0.03627657149925551
4235078665660987689;2021-10;0.041784365304924125
4235078665660987689;2021-10;0.041784365304924125
4235078665660987689;2021-11;0.017268373598128
6276792736652545216;2021-10;0.0058070916054109335
6276792736652545216;2021-11;0.004699074074074074
1308019675417057675;2021-10;0.017274379149377263
1308019675417057675;2021-10;0.014318227959404429
1308019675417057675;2021-10;0.014210002851179319
1308019675417057675;2021-11;0.0030622020478381627
1308019675417057675;2021-11;0.008914968181802223
6662531979151878793;2021-10;0.002930574014256204
6662531979151878793;2021-11;0.004361627960993109
6662531979151878793;2021-11;0.0030092706408938537
5304536516981778801;2021-10;0.0018650793650793651
5304536516981778801;2021-11;0.0016068376068376067
5304536516981778801;2021-11;0.002415409932147607
5304536516981778801;2021-11;0.0016068376068376067
8083157716178259762;2021-10;0.0003448275862068965
8083157716178259762;2021-10;0.0033636117160961874
8083157716178259762;2021-10;0.0016366366366366368
8083157716178259762;2021-11;0.003961013845656913
5198904647759787695;2021-10;0.1665405378282226
1285245417998627607;2021-10;0.4337199746728384
5547032541615425352;2021-10;0.016675966359859292
5547032541615425352;2021-11;0.013134220734174466
4052557282157719526;2021-10;0.00678843768407193
3027683745465216663;2021-10;0.018125610830897133
3027683745465216663;2021-11;0.016327598869795353
3027683745465216663;2021-11;0.006538664204178992
6915663759082844184;2021-10;0.2113464660646377
7637066986811047950;2021-10;0.021390287812781125
7637066986811047950;2021-10;0.015582379936244128
6615694774618628402;2021-10;0.05487976188449997
6615694774618628402;2021-11;0.039674729164315005
6098833389547425063;2021-10;0.07249932864975256
6098833389547425063;2021-11;0.04677432178656755
3136129226228632675;2021-10;0.009740973307884843
4395946187332973749;2021-10;0.008306049556574767
4395946187332973749;2021-11;0.008302374106628272
6349142675790687765;2021-10;0.14482113427291213
1997130697107291654;2021-10;0.040160091786208156
1997130697107291654;2021-11;0.047546021528135786
3281617395243454427;2021-10;0.0145488319612905
3281617395243454427;2021-10;0.027641386638177775
3281617395243454427;2021-10;0.014183105733495308
3281617395243454427;2021-11;0.018575052215007347
3281617395243454427;2021-11;0.015519012535821662
3281617395243454427;2021-11;0.01585136835204845
1874361799315286610;2021-10;0.006767864543908396
1874361799315286610;2021-11;0.010620331188875847
7471183491728700531;2021-10;0.21537633209251625
6987942592445950913;2021-10;0.001109848484848485
6987942592445950913;2021-11;0.005305073804211735
6987942592445950913;2021-11;0.09537303205172121
6987942592445950913;2021-11;0.0032909323900703214
6987942592445950913;2021-11;0.0032909323900703214
4495596792165551705;2021-10;0.030189181188110162
7571271990906543121;2021-10;0.00543369745656331
2092588065958607289;2021-10;0.0020002756564107
2092588065958607289;2021-10;0.0013221147368704697
2092588065958607289;2021-10;0.0013966720528070958
2092588065958607289;2021-11;0.0029243237296629953
2092588065958607289;2021-11;0.0029243237296629953
2092588065958607289;2021-11;0.0029243237296629953
2092588065958607289;2021-11;0.008502003960968398
6204723742351094322;2021-10;0.005823946749660778
6204723742351094322;2021-11;0.08973204204561164
6020593949794792044;2021-10;0.21364203345836863
6020593949794792044;2021-10;0.2165721713996778
6020593949794792044;2021-10;0.20197101727694858
6020593949794792044;2021-10;0.1425919781981194
511305041047444825;2021-10;0.04771145852512314
511305041047444825;2021-11;0.06127199235859717
835441927760881602;2021-10;0.20020697461598594
835441927760881602;2021-10;0.20020697461598594
835441927760881602;2021-10;0.12821925283442995
835441927760881602;2021-11;0.11607980767732354
2407532237672094312;2021-10;0.0014667247893054344
2407532237672094312;2021-11;0.0035772574730375244
2407532237672094312;2021-11;0.002937505920242493
2735662700719640627;2021-10;0.0237981795378379
2735662700719640627;2021-11;0.04876359438482354
2735662700719640627;2021-11;0.05372084154026508
8409181491723988567;2021-10;0.03554214512586133
4090195792518021727;2021-10;0.006554215747340222
4090195792518021727;2021-11;0.01693156106987513
410843023337872279;2021-10;0.021077726518660647
410843023337872279;2021-11;0.00886409865437743
8926565682509268383;2021-10;0.007099741335169588
8926565682509268383;2021-10;0.003589068100358423
8926565682509268383;2021-10;0.0037214253389189584
8926565682509268383;2021-10;0.006238182084523548
8926565682509268383;2021-11;0.003175232160312805
8926565682509268383;2021-11;0.0011124708624708623
8926565682509268383;2021-11;0.003175232160312805
8926565682509268383;2021-11;0.0019754317367220594
8926565682509268383;2021-11;0.003175232160312805
8926565682509268383;2021-11;0.0030914444718998803
8926565682509268383;2021-11;0.0012346909959813186
963687627963462983;2021-10;0.0035331154139977674
963687627963462983;2021-10;0.003940504077965379
963687627963462983;2021-11;0.00702399052612258
963687627963462983;2021-11;0.004713976124881859
1078687383992817574;2021-10;0.27421967473163655
8376902089871279815;2021-10;0.004226615646258503
8376902089871279815;2021-10;0.009061317848229384
3682570285558758138;2021-10;0.005260106526777072
3682570285558758138;2021-11;0.005307274367486523
5799279645678609726;2021-10;0.05437564189383814
5799279645678609726;2021-11;0.09079119034490493
8503092146854371576;2021-10;0.01657241751005706
8503092146854371576;2021-11;0.3784183800593287
8503092146854371576;2021-11;0.03151118527545046
8503092146854371576;2021-11;0.015057508062247559
2012477868296377155;2021-10;0.10752188827701874
7215093571368368138;2021-10;0.13254639828058948
7215093571368368138;2021-10;0.08438887015116497
7215093571368368138;2021-11;0.12322048270358993
7215093571368368138;2021-11;0.11905381603692325
1678680306005074426;2021-10;0.008394363533054252
1678680306005074426;2021-10;0.008394363533054252
1678680306005074426;2021-11;0.00017543859649122806
1678680306005074426;2021-11;0.00017543859649122806
2943087245123311166;2021-10;0.015646295366726997
2943087245123311166;2021-11;0.03116001916948401
2943087245123311166;2021-11;0.02045381641859112
2943087245123311166;2021-11;0.01957403607819434
2943087245123311166;2021-11;0.01394392514710654
4165983075385227812;2021-10;0.004446610717298654
4165983075385227812;2021-10;0.0034473746592390657
4165983075385227812;2021-11;0.002371683310013481
5786895437851445408;2021-10;0.06776763325410241
5786895437851445408;2021-11;0.049621433623856605
5786895437851445408;2021-11;0.05306012576616392
503021894071666233;2021-10;0.09682380910050885
503021894071666233;2021-11;0.07623172393267529
6056959220685085102;2021-10;0.2958751883226548
5993832136957065909;2021-10;0.003953590957690562
4641659186059167709;2021-10;0.06441944540753254
4641659186059167709;2021-11;0.03205425208297211
4898797487317475277;2021-10;0.027893556342441287
1052398277967427422;2021-10;0.0018207781610474387
1052398277967427422;2021-11;0.0025160703035739074
1052398277967427422;2021-11;0.0018608283680900362
5528372913947954503;2021-10;0.07086510169934329
903093877129717133;2021-10;0.00841774203675176
903093877129717133;2021-10;0.005394753531004632
903093877129717133;2021-11;0.007693787909023831
7529137091657891207;2021-10;0.07953414547035959
3156852928909455203;2021-10;0.003007395240192828
3156852928909455203;2021-10;0.003007395240192828
3156852928909455203;2021-11;0.0020948020862203635
510795635145114083;2021-10;0.01435749296117898
510795635145114083;2021-11;0.01007204745042028
510795635145114083;2021-11;0.007592847265851252
510795635145114083;2021-11;0.00933467026324801
510795635145114083;2021-11;0.013595451626860185
6337915293429442229;2021-10;0.05609114953980057
7908414709866823255;2021-10;0.08833284445019102
7908414709866823255;2021-10;0.08246952369667061
7908414709866823255;2021-11;0.010564419011380779
7908414709866823255;2021-11;0.00867753303478995
7908414709866823255;2021-11;0.00867753303478995
7908414709866823255;2021-11;0.011408980640140868
2347028805684088098;2021-10;0.018130065597820173
2347028805684088098;2021-11;0.022994745584615024
2347028805684088098;2021-11;0.004759580665110619
5893903674205161232;2021-10;0.0012303810571262213
5893903674205161232;2021-11;0.012583582908021656
4061297388883391410;2021-10;0.004206326612441288
4061297388883391410;2021-11;0.004351133391455972
4061297388883391410;2021-11;0.0009583333333333333
7949169060790541229;2021-10;0.003715030904835052
6521201759558790083;2021-10;0.0020921052631578947
2209806355660046187;2021-10;0.006747244268345889
2209806355660046187;2021-11;0.003630831876774063
5358243820364010940;2021-10;0.009164845536520763
1683619849073499603;2021-10;0.009224757611704828
1683619849073499603;2021-11;0.004131553999393266
1683619849073499603;2021-11;0.060581873098081995
1683619849073499603;2021-11;0.006504362972104907
1683619849073499603;2021-11;0.007059918527660462
6462952350255736003;2021-10;0.00122048463434317
4675067298171588603;2021-10;0.037999270469625895
2250817603281429928;2021-10;0.0
3357976326879346012;2021-10;0.14658571605580156
3357976326879346012;2021-10;0.14658571605580156
5409960473983330744;2021-10;0.15686303142211694
5409960473983330744;2021-10;0.1645560547903452
5409960473983330744;2021-11;0.07020837445106408
1788369195969129749;2021-10;0.016789102139563517
5856610998569876318;2021-10;0.01645163424474745
5856610998569876318;2021-11;0.014580410325473137
3960251564708868781;2021-10;0.14915062720047467
3960251564708868781;2021-10;0.05036291061495428
3960251564708868781;2021-11;0.03939185805570197
3960251564708868781;2021-11;0.027737780435966752
8895160610329228780;2021-10;0.004676772539222756
2439954154030259398;2021-10;0.008420876483443054
2439954154030259398;2021-11;0.01422495775421936
2439954154030259398;2021-11;0.01422495775421936
6091519986999196884;2021-10;0.002136142576162173
7478791630746523220;2021-10;0.08677110425619311
7478791630746523220;2021-10;0.08522626565286898
7478791630746523220;2021-11;0.032726793937817286
8013668117699219722;2021-10;0.01566907023695048
8013668117699219722;2021-11;0.010070600296987102
8013668117699219722;2021-11;0.003923112976593452
1210783884008131648;2021-10;0.008486353608746503
1210783884008131648;2021-11;0.008575146834040884
1210783884008131648;2021-11;0.008664035722929772
2308217045093677129;2021-10;0.006311186517449194
2308217045093677129;2021-11;0.002959646200026772
69766362497027920;2021-10;0.06796450248208735
6754039979151386401;2021-10;0.012912899516544937
5860276371789140450;2021-10;0.0070573458491453266
5860276371789140450;2021-11;0.033252574861615924
5860276371789140450;2021-11;0.01416270823873391
1778014915038250584;2021-10;0.11402808645973662
5481711897502154955;2021-10;0.007367651105248656
5481711897502154955;2021-11;0.013856981399476354
5481711897502154955;2021-11;0.00560737078375062
6061850657256270336;2021-10;0.009456991319774857
6061850657256270336;2021-11;0.017366073130496176
6061850657256270336;2021-11;0.014319886234685221
8350724667410677464;2021-10;0.026693315597693775
8350724667410677464;2021-11;0.014512818679378783
3387580208304842365;2021-10;0.014082193068412033
3386019519917828299;2021-10;0.0016570881226053641
3386019519917828299;2021-10;0.002403316165175748
3045840317107313913;2021-10;0.020425838876448527
3045840317107313913;2021-11;0.014972233311827293
8680213253228719510;2021-10;0.029028618289796748
7754936094607992857;2021-10;0.008891479713250538
7754936094607992857;2021-11;0.009614711697991545
7754936094607992857;2021-11;0.010288161310394646
2768068015169423097;2021-10;0.03850055798358447
8292458529987016717;2021-10;0.00376984126984127
8292458529987016717;2021-11;0.0003846153846153846
1543875954928694094;2021-10;0.004422077922077923
1543875954928694094;2021-11;0.0013333333333333333
652740132671309295;2021-10;0.009935894928084778
652740132671309295;2021-11;0.011347592549459821
652740132671309295;2021-11;0.01170473540660268
5958664040344043635;2021-10;0.0177883711136849
3382609338395832683;2021-10;0.1614187486807409
2106875407768047316;2021-10;0.002967505762262721
2106875407768047316;2021-11;0.12601895283903816
2106875407768047316;2021-11;0.0039305194805194805
1334091158016312155;2021-10;0.006063005468247404
2554972344348383830;2021-10;0.001240530303030303
2554972344348383830;2021-11;0.0027440706012134587
2554972344348383830;2021-11;0.0024903680770553835
5558533999208199371;2021-10;0.34147675869360283
4524147234488547993;2021-10;0.0043412679645561565
4524147234488547993;2021-11;0.003651741504682682
4524147234488547993;2021-11;0.003636530136530136
4569866309119931805;2021-10;0.04486295923112134
4569866309119931805;2021-11;0.023788244568420203
3161361581909316305;2021-10;0.014473105925517715
3161361581909316305;2021-11;0.010292307743290185
4095739077267179172;2021-10;0.31786393360633186
4095739077267179172;2021-10;0.2562972219236277
4095739077267179172;2021-11;0.24727041362194616
4095739077267179172;2021-11;0.24772130380895827
8245393384938410770;2021-10;0.015554796266688244
8245393384938410770;2021-11;0.020999935570540938
8245393384938410770;2021-11;0.005380615133549065
8245393384938410770;2021-11;0.020999935570540938
8245393384938410770;2021-11;0.007608161410038612
8245393384938410770;2021-11;0.006279878032811964
1299146298565441811;2021-10;0.050374795389381104
1299146298565441811;2021-11;0.03169874677371738
1033361676287635885;2021-10;0.015630140571414115
7260748352873493818;2021-10;0.10110843930782981
7260748352873493818;2021-11;0.1046998005036242
2687720147676132707;2021-10;0.006802198388778936
2687720147676132707;2021-11;0.007203758715929101
2687720147676132707;2021-11;0.004405894172668986
7779268298304613772;2021-10;0.007594681904767291
7779268298304613772;2021-11;0.0017499999999999998
7779268298304613772;2021-11;0.00690381058704697
7779268298304613772;2021-11;0.0015428990311065782
7779268298304613772;2021-11;0.0
8185063234515056194;2021-10;0.0019675456389452333
8185063234515056194;2021-11;0.011697645179321793
8185063234515056194;2021-11;0.013332314154628225
4993499380140734678;2021-10;0.020965722978623435
5687511145009775604;2021-10;0.38819186567792807
5687511145009775604;2021-10;0.3925371558148433
8576047157867370630;2021-10;0.06982579965064128
8576047157867370630;2021-11;0.5225205344497348
3915426102465954493;2021-10;0.00044444444444444447
3915426102465954493;2021-11;0.0018675583530028848
8623308321032624474;2021-10;0.03541158386502161
8623308321032624474;2021-11;0.03828830537833093
180672270337706285;2021-10;0.2040629416288934
7236776406341522879;2021-10;0.005548694481917498
7236776406341522879;2021-11;0.005227836433718785
4532469127306079736;2021-10;0.01904764436938183
4532469127306079736;2021-11;0.008382724305603136
2903869860445366876;2021-10;0.002063570487483531
2903869860445366876;2021-11;0.008632185428735627
1343530446996409207;2021-10;0.007713517322862673
1343530446996409207;2021-11;0.008679267327541233
2573553293518763494;2021-10;0.003930976113428756
2573553293518763494;2021-11;0.005234135234135233
2573553293518763494;2021-11;0.004968471073734232
4635578010631860111;2021-10;0.014624832398660732
5465001651966355821;2021-10;0.07763624583861381
5465001651966355821;2021-10;0.07280834841310453
66220087398241662;2021-10;0.0005405405405405405
66220087398241662;2021-11;0.0011466011466011467
66220087398241662;2021-11;0.0014496314496314497
66220087398241662;2021-11;0.0011466011466011467
5706551050445880395;2021-10;0.303673285198283
5706551050445880395;2021-11;0.3127186207868458
5706551050445880395;2021-11;0.2979212322083545
6134696632487351445;2021-10;0.002286293827875978
6134696632487351445;2021-11;0.0014780405405405406
6134696632487351445;2021-11;0.002712710084033613
6134696632487351445;2021-11;0.006558566825227919
968400235888951633;2021-10;0.04384156959721484
968400235888951633;2021-11;0.0216210059976182
1891145854263312840;2021-10;0.24204091254932217
1891145854263312840;2021-11;0.0745851834921603
3283662016127058429;2021-10;0.006826161463012432
3283662016127058429;2021-11;0.01740049541596491
7692335720341018458;2021-10;0.006290262428161808
7692335720341018458;2021-11;0.009554967883464612
191536915328669008;2021-10;0.40774005679545405
2805743565496207618;2021-10;0.007422473038284645
6030285068945261052;2021-10;0.011622377770029755
6030285068945261052;2021-11;0.004557173631806572
6030285068945261052;2021-11;0.008217482712937067
3095408468798675621;2021-11;0.00035714285714285714
3095408468798675621;2021-11;0.0
3095408468798675621;2021-11;0.0
2678966409665050034;2021-11;0.0
2678966409665050034;2021-11;0.000588235294117647
2678966409665050034;2021-11;0.0011574074074074073
6528158819463595826;2021-11;0.005245581671996767
6528158819463595826;2021-11;0.004373691300852337
3970610368027129821;2021-11;0.005123220061693705
107343823625119033;2021-11;0.018274002963065937
107343823625119033;2021-11;0.018274002963065937
107343823625119033;2021-11;0.023473424445700726
7444686668183702737;2021-11;0.007584126762529666
7444686668183702737;2021-11;0.0068898742783030705
7444686668183702737;2021-11;0.003851612739112739
7444686668183702737;2021-11;0.006356056587091069
1028630885537616736;2021-11;0.005756087106185275
8559143756893267192;2021-11;0.048202196878030554
8559143756893267192;2021-11;0.04790103857687225
2191990606593345695;2021-11;0.023897667490509512
6100972975033180377;2021-11;0.0019573170731707317
6100972975033180377;2021-11;0.0010714285714285713
6100972975033180377;2021-11;0.00543207450074074
6100972975033180377;2021-11;0.002553135888501742
4980232475645447238;2021-11;0.002222141928024281
4980232475645447238;2021-11;0.0023000705353646528
4980232475645447238;2021-11;0.0016339066339066339
792560389712312178;2021-11;0.007813587695419821
792560389712312178;2021-11;0.0062105841376748835
6643358471662528195;2021-11;0.0033312468343612866
6643358471662528195;2021-11;0.0020163582176523074
271068078606473697;2021-11;0.0179842266089086
8027035272622701013;2021-11;0.3513513867418117
2522900990060384939;2021-11;0.041639243044917
2522900990060384939;2021-11;0.040570371459432444
2522900990060384939;2021-11;0.03675969679580369
8274986328479596038;2021-11;0.17806822137510495
5635781225931111684;2021-11;0.004779456364719311
5635781225931111684;2021-11;0.004051774137037083
5635781225931111684;2021-11;0.005674525581978262
5974858472822751652;2021-11;0.007151570186419554
5974858472822751652;2021-11;0.005937177382821353
5974858472822751652;2021-11;0.028291299644728728
5974858472822751652;2021-11;0.006849945902036648
8480109508191086169;2021-11;0.007835327767470625
8480109508191086169;2021-11;0.0018240740740740739
8480109508191086169;2021-11;0.007052813852813853
8480109508191086169;2021-11;0.007584917258439425
5477900120643078645;2021-11;0.027820773481522947
5477900120643078645;2021-11;0.03556848370920238
2278650548373578523;2021-11;0.08154102779438861
7895753719321668294;2021-11;0.007474611054283676
7895753719321668294;2021-11;0.0037611417657045843
7895753719321668294;2021-11;0.006665665302808213
4104959289203999917;2021-11;0.005198135390248107
4104959289203999917;2021-11;0.005198135390248107
7387419407817356825;2021-11;0.09754490383586308
7442192566700924647;2021-11;0.0038133354413526833
7442192566700924647;2021-11;0.004121668774686016
7442192566700924647;2021-11;0.1734012990518549
7442192566700924647;2021-11;0.004478658021997844
7442192566700924647;2021-11;0.0034133354413526827
5503073374822479037;2021-11;0.09750343201595082
5503073374822479037;2021-11;0.18208850106703303
7038761645302069945;2021-11;0.006275989926383154
8004409125524742779;2021-11;0.1382169256822662
8004409125524742779;2021-11;0.1382169256822662
460993244124061972;2021-11;0.027098361292774938
2003221759676247813;2021-11;0.0020394835050007464
2003221759676247813;2021-11;0.0016823406478578891
4704892067681576893;2021-11;0.0503993548403606
1420529738304793615;2021-11;0.035709566027544846
5371387005775513675;2021-11;0.037800793766462004
5371387005775513675;2021-11;0.6412881816903974
5371387005775513675;2021-11;0.026314725390196587
7968118679747232249;2021-11;0.26307316069758385
7968118679747232249;2021-11;0.22293390257564372
7968118679747232249;2021-11;0.2470762017279655
1956406515279457110;2021-11;0.07989175291321816
1956406515279457110;2021-11;0.07019634628076275
683445437387317282;2021-11;0.32719733346720764
1430896989654626045;2021-11;0.014481828150091906
1430896989654626045;2021-11;0.1565325836798671
1430896989654626045;2021-11;0.23033686495074035
1430896989654626045;2021-11;0.15579184293912637
1430896989654626045;2021-11;0.15576335291063634
7816319470107777265;2021-11;0.11243489708306288
7816319470107777265;2021-11;0.11742525214922798
7229721428946324455;2021-11;0.21391182325266928
6216982347344525048;2021-11;0.018160269269042142
5791518044186095039;2021-11;0.016288003061636108
5791518044186095039;2021-11;0.03692872973137245
7176848230239877915;2021-11;0.0006451612903225806
7176848230239877915;2021-11;0.43152166159385297
7176848230239877915;2021-11;0.0031829573934837093
904857901361577913;2021-11;0.1136996649561544
4956614249204803652;2021-11;0.32917827397425675
1767360303789815418;2021-11;0.0034335742256937905
4130617254899676131;2021-11;0.17630999810684606
3109771318936962520;2021-11;0.022892613587849997
3192341047315717823;2021-11;0.04887669236107209
4831988987853936627;2021-11;0.3005319480495663
1104269683367198574;2021-11;0.034327696617679634
1104269683367198574;2021-11;0.015306465916373023
6909701795322574613;2021-11;0.11292987312611835
4556737702757145073;2021-11;0.03694020330367934
4556737702757145073;2021-11;0.0038617301378015712
7367321179169390502;2021-11;0.6252251811550802
4769364850030443969;2021-11;0.06395439474199355
4769364850030443969;2021-11;0.05771277782469314
2032592272238235730;2021-11;0.5857698738303033
2032592272238235730;2021-11;0.013223713257957202
9016049685460415544;2021-11;0.4027003726823532
226405871752897670;2021-11;0.004627627465576139
295375823203017296;2021-11;0.002467745563075283
4820852183212661131;2021-11;0.5293722432852254
4820852183212661131;2021-11;0.04434191568725309
4820852183212661131;2021-11;0.02560090115861383
696014079855281037;2021-11;0.2941550642935763
696014079855281037;2021-11;0.07384484283459936
696014079855281037;2021-11;0.07588999549035055
93982185886107798;2021-11;0.11297373042926746
7041489327620930099;2021-11;0.011265286277644568
3258345688897172820;2021-11;0.4010751933414346
7889351655716537527;2021-11;0.0008467261904761905
3025708129948185495;2021-11;0.00220676532769556
3025708129948185495;2021-11;0.0016518322011206427
8646472172649019955;2021-11;0.6491991376506137
8646472172649019955;2021-11;0.11204634116547853
8646472172649019955;2021-11;0.10672034891060696
8646472172649019955;2021-11;0.11204634116547853
8646472172649019955;2021-11;0.10389928108953914
531805620371082364;2021-11;0.4928824992861008
8487807876567995441;2021-11;0.38157748599793456
8487807876567995441;2021-11;0.009292563377893429
8196449005061156808;2021-11;0.0012831736909323117
8196449005061156808;2021-11;0.005184821090239809
8196449005061156808;2021-11;0.00155632183908046
8196449005061156808;2021-11;0.00038518518518518524
8196449005061156808;2021-11;0.00155632183908046
8196449005061156808;2021-11;0.004920175264986586
5448628641564935127;2021-11;0.015030679965519685
6335613629467537085;2021-11;0.22771909113117966
1611146298923153842;2021-11;0.03125016418667489
8510653215962746781;2021-11;0.007691015158049208
7696655736121386405;2021-11;0.05032812733639509
8400764778654490278;2021-11;0.01969024821197421
8400764778654490278;2021-11;0.020866905730391083
6617479989097680138;2021-11;0.06760999067301281
2025898153078562640;2021-11;0.0053600812375767
4919908458022265747;2021-11;0.006314865096026353
1044946691507317745;2021-11;0.0027547263844358654
1246864346193559124;2021-11;0.1064653063901586
5489089370448387505;2021-11;0.062166272610423616
493667100055938118;2021-11;0.5154972805310254
8248484932270772248;2021-11;0.05272821706006452
3183208564139585182;2021-11;0.5984868081886804
4588313530969303734;2021-11;0.04974957399559796
4588313530969303734;2021-11;0.05635874157036462
4588313530969303734;2021-11;0.028572014215169465
2493688222671282470;2021-11;0.0038815185648727567
2493688222671282470;2021-11;0.005510701841690173
9108733472015251498;2021-11;0.0003393730227207363
9108733472015251498;2021-11;0.0003393730227207363
7646606457278894341;2021-11;0.003236605724069893
238894451665334246;2021-11;0.12824553070544456
1239032704486561936;2021-11;0.5750648532290914
1239032704486561936;2021-11;0.38296883760716016
2900002014851776114;2021-11;0.1652144498480244
8535586342375301953;2021-11;0.005838576143915409
8535586342375301953;2021-11;0.009166455055499297
8464769152264029983;2021-11;0.05101812468624403
7457803471605010846;2021-11;0.009434323356277675
5517114603826429870;2021-11;0.009265308502368896
5757271354816214865;2021-11;0.6897706108615477
7870373680211625064;2021-11;0.002243692395288424
7870373680211625064;2021-11;0.0009753694581280788
7870373680211625064;2021-11;0.0012
7870373680211625064;2021-11;0.00279142305203107
7870373680211625064;2021-11;0.004028273918009282
5082455700818638342;2021-11;0.03834315792870786
8374461419511631785;2021-11;0.1601949273995466
8374461419511631785;2021-11;0.002266949152542373
4202876623878743806;2021-11;0.053399065617358535
9156666134024889730;2021-11;0.008215630180784847
9156666134024889730;2021-11;0.008215630180784847
8828303152301461681;2021-11;0.06798964345512626
8828303152301461681;2021-11;0.05647252395835306
8511588642284189303;2021-11;0.009279015701228745
5460280878923715699;2021-11;0.047418672623943704
5714540197488862003;2021-11;0.5113943839106498
5714540197488862003;2021-11;0.5113943839106498
1963239178085807816;2021-11;0.004130183635721809
7221446976321358973;2021-11;0.007246768042460606
39547025441582855;2021-11;0.030420454234585156
4527499691197377217;2021-11;0.018796488776886337
6089029916190588614;2021-11;0.03414010294953734
1093053069479288753;2021-11;0.053802379882525446
6968106554514688300;2021-11;0.04138722659071341
7810985951121711480;2021-11;0.017988577979714527
5136739522477907100;2021-11;0.006990389060788168
1741049493106216406;2021-11;0.05791169143171849
1741049493106216406;2021-11;0.06166835183620579
1507697130807703164;2021-11;0.0048811851336805975
1507697130807703164;2021-11;0.004963535733272575
4530631557358349711;2021-11;0.011480917878160735
4530631557358349711;2021-11;0.01199594780559333
6547707428090179960;2021-11;0.016207176364039205
6547707428090179960;2021-11;0.004340010408121864
1117184216453911295;2021-11;0.004324162941635745
7722287846688771887;2021-11;0.0022611433010625167
7722287846688771887;2021-11;0.0054795923695115855
7722287846688771887;2021-11;0.003813757390561852
4166581859919473627;2021-11;0.026487340526938512
2369364892942408355;2021-11;0.01670345033140623
4723919748432185874;2021-11;0.0018042189917189919
4512887927067894301;2021-11;0.016932249238473557
4512887927067894301;2021-11;0.031008929210892933
6842075380768862290;2021-11;0.018728317094432942
6842075380768862290;2021-11;0.015842969985212528
665505091521986356;2021-11;0.0025907097288676234
665505091521986356;2021-11;0.004631520746138596
1533755281771668509;2021-11;0.007496428432772834
1533755281771668509;2021-11;0.005769726134155835
5855956854975734380;2021-11;0.006383615513377483
5855956854975734380;2021-11;0.005352467863206403
3431426889924624821;2021-11;0.013366911624033218
3431426889924624821;2021-11;0.021815054366391265
1269153452773908541;2021-11;0.005587051374416494
1696462947583294958;2021-11;0.010997382229808101
1696462947583294958;2021-11;0.010490130695855311
1738460583932152602;2021-11;0.3853928035208871
7492389223353246125;2021-11;0.11340624101802271
8174633018998080168;2021-11;0.00862998178325078
6926309382371178621;2021-11;0.0011111111111111111
5864443060004179363;2021-11;0.01563298551464615
5864443060004179363;2021-11;0.004343035237431789
5864443060004179363;2021-11;0.01563298551464615
7215053254854713098;2021-11;0.005940181335692172
1462395707491634845;2021-11;0.2383638581161084
1462395707491634845;2021-11;0.2383638581161084
8843432852270832388;2021-11;0.014758948073995465
5288503299611498087;2021-11;0.04918008447858817
6284433051333854194;2021-11;0.002688297541238718
6012031176108922616;2021-11;0.03222980378356149
6012031176108922616;2021-11;0.03500944482307676
993334998462320108;2021-11;0.47586235672180754
957773253650890560;2021-11;0.5316275179411856
5613825020130267729;2021-11;0.003637569368125785
3421433989501830226;2021-11;0.07059657682612597
8332840690177201182;2021-11;0.1430516839847473
6094038865287329652;2021-11;0.5315274788663368
1712483726555581515;2021-11;0.02920639912092471
1396078312562623766;2021-11;0.08746343405772318
2307201111381758912;2021-11;0.005296750483226506
1000372849175668062;2021-11;0.003311506727720649
1129657311668961746;2021-11;0.03755785444429896
780065359501679358;2021-11;0.01773562666200629
121658372387044248;2021-11;0.031019099188392504
798425422240919854;2021-11;0.01173127080640391
7828430488099134389;2021-11;0.0604890769269466
5726178124659661019;2021-11;0.0
5726178124659661019;2021-11;0.0
5726178124659661019;2021-11;0.00433942535958665
5726178124659661019;2021-11;0.0034677419354838712
2088532321693492263;2021-11;0.02482606980656016
4679462479444735708;2021-11;0.01293162818112531
4679462479444735708;2021-11;0.008935031894390143
4679462479444735708;2021-11;0.013085103084600216
621182491555347581;2021-11;0.027258186222708532
621182491555347581;2021-11;0.03496002311825151
8901696535927078963;2021-11;0.0011101553829078804
8901696535927078963;2021-11;0.0013958696686221658
8901696535927078963;2021-11;0.0008160377358490567
8901696535927078963;2021-11;0.001957525998905309
8901696535927078963;2021-11;0.006085462323887371
7444686668183702737;2021-11;0.0038660968660968664
7444686668183702737;2021-11;0.00576621992647401
2092588065958607289;2021-11;0.0029243237296629953
2092588065958607289;2021-11;0.0040133596542065095
2092588065958607289;2021-11;0.003590990396329662
2092588065958607289;2021-11;0.0029243237296629953
2092588065958607289;2021-11;0.0040133596542065095
2092588065958607289;2021-11;0.0029243237296629953
4334472256949955221;2021-11;0.009955971521989319
6893616200284527465;2021-11;0.03407402574693172
7779268298304613772;2021-11;0.007577225937881675
7779268298304613772;2021-11;0.0003773584905660377
7779268298304613772;2021-11;0.0017499999999999998
8213533889694327948;2021-11;0.011180777119478952
8213533889694327948;2021-11;0.0037972595778123165
8213533889694327948;2021-11;0.005276597280236185
7222128416864635362;2021-11;0.02784764363906272
5993765508162121762;2021-11;0.0339131970742692
5993765508162121762;2021-11;0.07796586894653805
5993765508162121762;2021-11;0.03678336228773218
8716163053080758848;2021-11;0.009174227845627441
8716163053080758848;2021-11;0.00402786519036519
8716163053080758848;2021-11;0.004880050505050505
1430896989654626045;2021-11;0.1565325836798671
1430896989654626045;2021-11;0.1565325836798671
1592581784061157609;2021-11;0.06451726951034455
8536031856585966123;2021-11;0.024991325399173533
8536031856585966123;2021-11;0.03443688920233177
8536031856585966123;2021-11;0.015102162112655984
8536031856585966123;2021-11;0.029485415527826284
7963861799566207637;2021-11;0.00904066042674571
8123515208041701633;2021-11;0.056600324165625535
8123515208041701633;2021-11;0.07435085590951122
5714540197488862003;2021-11;0.4562532374485938
5714540197488862003;2021-11;0.4766308480021575
5714540197488862003;2021-11;0.4840722926185069
7330131219998265639;2021-11;0.004863997987163641
7330131219998265639;2021-11;0.026333652207223134
1951407691087813358;2021-11;0.002968487126033209
6969348581033924947;2021-11;0.01716011259733322
6969348581033924947;2021-11;0.007677797690675631
6969348581033924947;2021-11;0.01716011259733322
8374461419511631785;2021-11;0.16369611019502778
8374461419511631785;2021-11;0.006008159986829287
5136739522477907100;2021-11;0.008966065463417699
8609938720215175911;2021-11;0.021707518374791897
8609938720215175911;2021-11;0.04321388887172751
5897410907783139228;2021-11;0.0030433313994894552
49632905576538927;2021-11;0.007849461573520452
3408536439470975134;2021-11;0.002858600025500446
3408536439470975134;2021-11;0.0026129032258064514
3408536439470975134;2021-11;0.0016129032258064516
3408536439470975134;2021-11;0.0022134387351778655
7664272163315705419;2021-11;0.006365737110163106
7664272163315705419;2021-11;0.019839405792645155
7664272163315705419;2021-11;0.0057829668398928355
7664272163315705419;2021-11;0.006692994312420308
8596605705893456305;2021-11;0.07225412238510187
8596605705893456305;2021-11;0.11624423498924133
1551531256789550891;2021-11;0.00237203847395013
792560389712312178;2021-11;0.0062105841376748835
7403979270048469991;2021-11;0.013463893254898742
1507697130807703164;2021-11;0.0048811851336805975
1507697130807703164;2021-11;0.004963535733272575
410843023337872279;2021-11;0.013606656147040127
7231408738455755015;2021-11;0.6013614155009384
7686361238195690925;2021-11;0.023103430339051708
4661684997487171886;2021-11;0.027673075124621853
4661684997487171886;2021-11;0.020445849154286825
4661684997487171886;2021-11;0.01655842474878795
4661684997487171886;2021-11;0.012875008821463953
4661684997487171886;2021-11;0.013366514324836399
8926565682509268383;2021-11;0.0016969530898666252
8926565682509268383;2021-11;0.003520059746519702
8013668117699219722;2021-11;0.006333477580832085
8173830874846355280;2021-11;0.00588783483101138
8173830874846355280;2021-11;0.0032715517369600235
8173830874846355280;2021-11;0.001057925125721736
8173830874846355280;2021-11;0.0037866302829983223
8173830874846355280;2021-11;0.006102202641389592
3977861004707764824;2021-11;0.03903968514262101
3977861004707764824;2021-11;0.052539884652356185
3977861004707764824;2021-11;0.04052923927539186
3977861004707764824;2021-11;0.06056944543224294
3977861004707764824;2021-11;0.03903968514262101
3977861004707764824;2021-11;0.052539884652356185
3812760626052898456;2021-11;0.007149103425851388
1106971614386004604;2021-11;0.12270210937547255
1106971614386004604;2021-11;0.12017666774610564
8348574220426911086;2021-11;0.013752659492144272
7268895973869107930;2021-11;0.00841238469198719
7268895973869107930;2021-11;0.012762540648675307
7268895973869107930;2021-11;0.012762540648675307
7268895973869107930;2021-11;0.009019527549130045
4831988987853936627;2021-11;0.0352488173478699
984915269987074754;2021-11;0.004137477368409572
984915269987074754;2021-11;0.001893581081081081
7269781193318890653;2021-11;0.008322165709884947
7269781193318890653;2021-11;0.0035753186905260635
7269781193318890653;2021-11;0.003954129964240091
7269781193318890653;2021-11;0.006845209183094531
7085295800541340563;2021-11;0.0023163720443132208
7085295800541340563;2021-11;0.00782498486322825
7930925883736021864;2021-11;0.0005664830841856806
7930925883736021864;2021-11;0.003095242992576392
7930925883736021864;2021-11;0.0005664830841856806
7930925883736021864;2021-11;0.0007125
1235244772550233980;2021-11;0.0032359741887788922
1235244772550233980;2021-11;0.0032359741887788922
3355881107559250653;2021-11;0.008941749954637045
3355881107559250653;2021-11;0.015017736247573665
3355881107559250653;2021-11;0.018057465699084382
3355881107559250653;2021-11;0.02509422863474866
3355881107559250653;2021-11;0.008941749954637045
3355881107559250653;2021-11;0.016117555473289025
5481711897502154955;2021-11;0.006570141346521182
5481711897502154955;2021-11;0.008334024416855866
2290083177086946553;2021-11;0.0032772423592946037
1366416810235233769;2021-11;0.01250942616872899
1156053485989336481;2021-11;0.3902089873702036
1156053485989336481;2021-11;0.30836710598267475
1156053485989336481;2021-11;0.387243992594864
1156053485989336481;2021-11;0.35184723131506557
1156053485989336481;2021-11;0.3337389924375841
1156053485989336481;2021-11;0.35184723131506557
1156053485989336481;2021-11;0.39530422546544164
1156053485989336481;2021-11;0.35910868684067204
1192891347324061812;2021-11;0.023991337785378142
1192891347324061812;2021-11;0.022505431708096664
1192891347324061812;2021-11;0.023991337785378142
1192891347324061812;2021-11;0.015858435874078005
5761480994209806499;2021-11;0.0036613616268788684
5761480994209806499;2021-11;0.0014369369369369369
5761480994209806499;2021-11;0.002661361626878868
5761480994209806499;2021-11;0.0023893178893178895
5761480994209806499;2021-11;0.0014369369369369369
5761480994209806499;2021-11;0.0005643879173290938
5761480994209806499;2021-11;0.007138928606749995
5761480994209806499;2021-11;0.0002702702702702703
5761480994209806499;2021-11;0.00392451952161571
2397171153213063761;2021-11;0.001748221670802316
2397171153213063761;2021-11;0.0019383394383394384
2397171153213063761;2021-11;0.001983302315963606
2397171153213063761;2021-11;0.001748221670802316
6858769421191999702;2021-11;0.009071388077641991
6858769421191999702;2021-11;0.009071388077641991
5409960473983330744;2021-11;0.06935956808501632
5409960473983330744;2021-11;0.06935956808501632
3543162424793477785;2021-11;0.00316335687508659
7908414709866823255;2021-11;0.012227310826400772
7908414709866823255;2021-11;0.04104939207494419
7908414709866823255;2021-11;0.011408980640140868
7120090169052575663;2021-11;0.012162051825045136
7120090169052575663;2021-11;0.011944364750215203
7665801401860589626;2021-11;0.0017708520686461865
6968106554514688300;2021-11;0.03188633725196847
8609211777002937758;2021-11;0.003213346883468835
4571290108043699959;2021-11;0.007762891478156868
6217788509719675691;2021-11;0.008688695587962324
6217788509719675691;2021-11;0.0044090306412420035
6217788509719675691;2021-11;0.0019662739610604553
6053752047545474051;2021-11;0.009917681649144592
6053752047545474051;2021-11;0.008573867021166345
8529899700094903171;2021-11;0.017748409352870628
8529899700094903171;2021-11;0.018952881235667633
8529899700094903171;2021-11;0.017748409352870628
8529899700094903171;2021-11;0.017868582994695743
8529899700094903171;2021-11;0.025263594115413394
8529899700094903171;2021-11;0.017868582994695743
8292458529987016717;2021-11;0.0
3045840317107313913;2021-11;0.0119675650830618
3045840317107313913;2021-11;0.012980468308868252
3045840317107313913;2021-11;0.021213938112096053
2347028805684088098;2021-11;0.006401653274263401
2347028805684088098;2021-11;0.008704051917808039
903093877129717133;2021-11;0.007693787909023831
903093877129717133;2021-11;0.004622079622109104
903093877129717133;2021-11;0.0036510267269042745
903093877129717133;2021-11;0.007693787909023831
7485107528960607346;2021-11;0.04670807546014641
7468724002190465812;2021-11;0.019920131092066976
6987942592445950913;2021-11;0.0032909323900703214
1044946691507317745;2021-11;0.0009869844489519947
4537982850248578883;2021-11;0.002584249084249084
1617695035450525647;2021-11;0.008508230258230259
1617695035450525647;2021-11;0.01030659637190435
1617695035450525647;2021-11;0.082876864605859
1617695035450525647;2021-11;0.0027439024390243905
5082813456193598086;2021-11;0.005904091891544628
5082813456193598086;2021-11;0.0037004151486910103
6349142675790687765;2021-11;0.1776859847980967
7751080728852739823;2021-11;0.0044705255999677816
257162352336759783;2021-11;0.00016949152542372882
257162352336759783;2021-11;0.0003333333333333333
1269153452773908541;2021-11;0.007928642427752852
8464809590757561185;2021-11;0.0015472022341587557
4045739494965095560;2021-11;0.0028668219727541766
4045739494965095560;2021-11;0.001616821972754176
8889055492416898333;2021-11;0.06233574623538056
8889055492416898333;2021-11;0.007469953934042693
8889055492416898333;2021-11;0.03485305810396591
6394935036014530592;2021-11;0.0
6394935036014530592;2021-11;0.0
6916556752218696485;2021-11;0.007232784603543782
6916556752218696485;2021-11;0.006380346128696514
6916556752218696485;2021-11;0.006887957017336885
6916556752218696485;2021-11;0.00044444444444444447
665505091521986356;2021-11;0.007463021073196276
8961924617442201922;2021-11;0.00639020310636236
312543480920432545;2021-11;0.01680221016995349
312543480920432545;2021-11;0.01690299013711277
312543480920432545;2021-11;0.014180767467309452
6927178425683104769;2021-11;0.0115449373502724
6927178425683104769;2021-11;0.012243127549862058
6927178425683104769;2021-11;0.009057598863811593
7613717984547031729;2021-11;0.0005469327420546933
7613717984547031729;2021-11;0.005699981022561668
7613717984547031729;2021-11;0.006116647689228335
5304536516981778801;2021-11;0.0009401709401709402
5304536516981778801;2021-11;0.002048026419602804
2780030912070252968;2021-11;0.05981977313888746
9205015186723569289;2021-11;0.07084327855301291
6330043096034525408;2021-11;0.06948309214787943
3137879241768961145;2021-11;0.003181025945731828
4414438591613884911;2021-11;0.005438516279838375
5373371196946859811;2021-11;0.007319892279819395
8874257794774679816;2021-11;0.05514730307756745
8874257794774679816;2021-11;0.05514730307756745
6784879562354696650;2021-11;0.05382513759814878
8195468623809753777;2021-11;0.02621999100000074
8195468623809753777;2021-11;0.02713268941269915
5225029212547588718;2021-11;0.07876120345517498
5225029212547588718;2021-11;0.08199690576500297
5225029212547588718;2021-11;0.08513898064177954
4724876423989598202;2021-11;0.03308683723958995
4724876423989598202;2021-11;0.011188499300546842
6284433051333854194;2021-11;0.002688297541238718
6284433051333854194;2021-11;0.0034155702685114454
417157680860985231;2021-11;0.004394085394114877
7395696797140470088;2021-11;0.007232672847253415
7395696797140470088;2021-11;0.0038586877720179426
2687720147676132707;2021-11;0.010803425332837095
3631603567749349715;2021-11;0.00396446608946609
2032592272238235730;2021-11;0.01678143295585547
2032592272238235730;2021-11;0.01732159274581813
6238903426443761049;2021-11;0.0012555418719211822
6238903426443761049;2021-11;0.0013227611940298506
6238903426443761049;2021-11;0.0021070749195200465
6471448246085839373;2021-11;0.004090342483919769
3472934456083131714;2021-11;0.010102238766808477
3472934456083131714;2021-11;0.009992971796504742
4740535838297269949;2021-11;0.001081081081081081
4740535838297269949;2021-11;0.003208526923149565
6582676833651678345;2021-11;0.01906140048204481
6582676833651678345;2021-11;0.018738819836883518
6582676833651678345;2021-11;0.01827303004286588
324916756972236008;2021-11;0.009547542733628322
324916756972236008;2021-11;0.008114595710261345
324916756972236008;2021-11;0.006045876117160946
2658946240987854807;2021-11;0.008385824227609218
2658946240987854807;2021-11;0.011423853838219476
5042877476420217533;2021-11;0.0005964912280701754
1003144834589372198;2021-11;0.0048520216167274996
4635578010631860111;2021-11;0.028301789640715655
5462970244186515758;2021-11;0.005522095036026924
5462970244186515758;2021-11;0.008687330322696177
5462970244186515758;2021-11;0.004817898115231515
7182085930008391174;2021-11;0.016566828874722894
6352592240901579272;2021-11;0.006028921736158579
7710364735942975505;2021-11;0.007862945486349741
5460280878923715699;2021-11;0.06851133983534476
5460280878923715699;2021-11;0.05828999783498203
93982185886107798;2021-11;0.000689655172413793
8080988579391900405;2021-11;0.005564015261276923
7397206777205091443;2021-11;0.014839720852853979
968199235777440720;2021-11;0.025562252555480055
968199235777440720;2021-11;0.006301973895947391
968199235777440720;2021-11;0.0
2771214050521171719;2021-11;0.0003636363636363636
2771214050521171719;2021-11;0.030666857925335644
6448580780254847411;2021-11;0.005273184152136143
8706851346184249504;2021-11;0.005194283352966195
6532139198609901627;2021-11;0.019012405287943398
3591324331706630867;2021-11;0.1291383105446688
1182975716201409626;2021-11;0.011061332587833926
1182975716201409626;2021-11;0.011148471818355508
1182975716201409626;2021-11;0.007445206917828946
4641659186059167709;2021-11;0.032317409977708954
5611787644735474299;2021-11;0.00550902235847888
5611787644735474299;2021-11;0.02451373808777568
5611787644735474299;2021-11;0.011992243421373514
5611787644735474299;2021-11;0.00962404035275384
5611787644735474299;2021-11;0.008302081731211823
2634859679238614382;2021-11;0.002915002560163851
2634859679238614382;2021-11;0.006553610490041648
2634859679238614382;2021-11;0.0012329922674373193
6486277549325701534;2021-11;0.0026973059497002096
6486277549325701534;2021-11;0.0023747253045389187
8623308321032624474;2021-11;0.030419221344051128
3668905663669864663;2021-11;0.0024912002536863803
3668905663669864663;2021-11;0.0027475045938291664
295375823203017296;2021-11;0.0
5271591321704178730;2021-11;0.015932733758613867
4762256864594914240;2021-11;0.0037828961119085393
2598475569074240783;2021-11;0.007236001709538642
4071158585850879204;2021-11;0.07456252096745103
4071158585850879204;2021-11;0.07406302885712174
5503073374822479037;2021-11;0.14841017547484894
5503073374822479037;2021-11;0.1243251623210063
1741049493106216406;2021-11;0.05561015071717855
2346482557594782345;2021-11;0.020838254684008545
2346482557594782345;2021-11;0.014953971910744783
2346482557594782345;2021-11;0.009620137889584752
2407532237672094312;2021-11;0.001437908496732026
2407532237672094312;2021-11;0.0018726911054276784
5048392903148444335;2021-11;0.1031408182086773
5048392903148444335;2021-11;0.09386275115662357
6198047969028248384;2021-11;0.0005399719495091164
3660744270380078352;2021-11;0.07248372966592785
3660744270380078352;2021-11;0.266269673278692
3660744270380078352;2021-11;0.060289686968065484
7215053254854713098;2021-11;0.003735294117647059
8015571584405428572;2021-11;0.03379264220048197
6118873739225005756;2021-11;0.001885549700297684
3386019519917828299;2021-11;0.0034841995841995844
3386019519917828299;2021-11;0.0019581229581229578
2900002014851776114;2021-11;0.1827723249685798
7398738404146260251;2021-11;0.009736440329525437
8313765100460016738;2021-11;0.3155387315177186
6547707428090179960;2021-11;0.0035992696673811226
710593997981520423;2021-11;0.004730310625047467
8409181491723988567;2021-11;0.012748210232889507
5108407319813072955;2021-11;0.020647215105353146
4335865859049992260;2021-11;0.004283589023227057
6122719618012473549;2021-11;0.013725163309515035
460993244124061972;2021-11;0.023721000202004468
459290606780222306;2021-11;0.03867530252257965
459290606780222306;2021-11;0.0019041052168320772
459290606780222306;2021-11;0.0022091229737343566
6276792736652545216;2021-11;0.002243716931216931
8487807876567995441;2021-11;0.004467631982863075
8487807876567995441;2021-11;0.004467631982863075
5522764880180045081;2021-11;0.006549987405683846
2191990606593345695;2021-11;0.02842979885397028
2903869860445366876;2021-11;0.0010530303030303028
7347715771145302549;2021-11;0.0003225806451612903
5057726374207815794;2021-11;0.037219194756406206
1616952665234409442;2021-11;0.06340871661888463
5706551050445880395;2021-11;0.290474645904853
1454789421854453615;2021-11;0.0539125185577147
3285246914299291124;2021-11;0.0033430735930735935
8733525963966339207;2021-11;0.13993605963483977
4717717003637613480;2021-11;0.002228414802455403
4717717003637613480;2021-11;0.0020746449611855618
3192341047315717823;2021-11;0.04501003428540197
8287608084245946173;2021-11;0.0028187722510587456
9184785003280841216;2021-11;0.025965819306525476
9184785003280841216;2021-11;0.0481908150760076
170089315547146305;2021-11;0.08347791268403829
8196449005061156808;2021-11;0.0019798609098811938
8196449005061156808;2021-11;0.0
8826489829259520138;2021-11;0.006625833398075145
8826489829259520138;2021-11;0.006069947277876322
8826489829259520138;2021-11;0.0018617511520737325
8350724667410677464;2021-11;0.016918191084751188
8784237149961904;2021-11;0.0025933528836754646
5635781225931111684;2021-11;0.003102090863624997
6842075380768862290;2021-11;0.014353608283084867
6842075380768862290;2021-11;0.015842969985212528
4995217181024687397;2021-11;0.0073096640224885705
4723919748432185874;2021-11;0.003492641436720384
4723919748432185874;2021-11;0.003492641436720384
4723919748432185874;2021-11;0.005460372055745355
1977574645216036803;2021-11;0.45761920191920535
1343530446996409207;2021-11;0.010291452703483724
9206030810342980458;2021-11;0.013150780772242137
9206030810342980458;2021-11;0.00921385809651352
9052787288251876909;2021-11;0.005516430627317725
9052787288251876909;2021-11;0.0014588405356055995
3156852928909455203;2021-11;0.0020948020862203635
3156852928909455203;2021-11;0.0020948020862203635
7595945751692012281;2021-11;0.00870657645467892
1678680306005074426;2021-11;0.0007019704433497537
4327694790333781288;2021-11;0.0048784547512476205
4593070249039532001;2021-11;0.004225046829329365
4593070249039532001;2021-11;0.005026803302804414
3118152790263512426;2021-11;0.013934380302934472
1788369195969129749;2021-11;0.006855567226890756
4342146186255136598;2021-11;0.027941832842467075
4342146186255136598;2021-11;0.0070613390440976646
2573553293518763494;2021-11;0.003466069428891377
2573553293518763494;2021-11;0.006465195840195839
5067621068959932809;2021-11;0.08430226078197474
5067621068959932809;2021-11;0.085634855982217
2123312420728961012;2021-11;0.031302173592881344
4018182555897034052;2021-11;0.007809751714366319
4018182555897034052;2021-11;0.00214126559714795
4018182555897034052;2021-11;0.00089126559714795
3248432590399829766;2021-11;0.0018898584905660376
4347826483121154490;2021-11;0.005738767254324687
4347826483121154490;2021-11;0.007238292023502977
4347826483121154490;2021-11;0.0037093954070304604
2128970218770090704;2021-11;0.015275997997156416
1052398277967427422;2021-11;0.0029327369702405737
8909740532547211288;2021-11;0.009893222346507023
2408009918678280470;2021-11;0.0045325459980632395
2408009918678280470;2021-11;0.00694619742895605
2408009918678280470;2021-11;0.005253147235905857
5166128847048245697;2021-11;0.09159675483207956
6615694774618628402;2021-11;0.03902218278723492
8049805689946244047;2021-11;0.026719975821538514
6950439982480713649;2021-11;0.11707885001078455
1683619849073499603;2021-11;0.0034324291300097754
5440313607363845188;2021-11;0.010529481934522007
9127318190908282126;2021-11;0.004245326295326295
1117184216453911295;2021-11;0.005334115427293606
1117184216453911295;2021-11;0.005334115427293606
1097345589386012260;2021-11;0.019421925637016245
8004409125524742779;2021-11;0.12372701863576509
4898797487317475277;2021-11;0.07278189231064788
4785355632922927313;2021-11;0.08835674125638153
5752688018135006198;2021-11;0.019462888579372298
1477629972594346481;2021-11;0.05393693943180145
1477629972594346481;2021-11;0.05446325522127513
5477900120643078645;2021-11;0.03288022820636298
2988042199057874759;2021-11;0.011758166562844284
2988042199057874759;2021-11;0.009214485842692976
2988042199057874759;2021-11;0.01145513625981398
4532469127306079736;2021-11;0.011750480318193274
4566920105008626302;2021-11;0.003735434722844484
4566920105008626302;2021-11;0.003735434722844484
4566920105008626302;2021-11;0.00247985347985348
4566920105008626302;2021-11;0.0006
5855956854975734380;2021-11;0.0029229936729936734
2929243640075785940;2021-11;0.006640543517203858
5122095358293179297;2021-11;0.002164279486860132
8255085612985072878;2021-11;0.12396226632127273
4817816966382229074;2021-11;0.024583470624510974
6528158819463595826;2021-11;0.005710228136643232
5287265869592025756;2021-11;0.012862153487983658
2532435113844289043;2021-11;0.012926335724749967
5606267905834401873;2021-11;0.012013202488840958
5606267905834401873;2021-11;0.019100897483965193
2033394215069562776;2021-11;0.033257825410127395
2033394215069562776;2021-11;0.05713679853907844
904857901361577913;2021-11;0.11669886303153533
3822753345985951756;2021-11;0.002498264498264498
3822753345985951756;2021-11;0.027549011226588312
8248484932270772248;2021-11;0.0386794911173098
7828430488099134389;2021-11;0.06370932816293673
682352428813668634;2021-11;0.030127495767770768
682352428813668634;2021-11;0.024542758741336823
510795635145114083;2021-11;0.013781095118063138
510795635145114083;2021-11;0.005719533701002472
4995679129936981612;2021-11;0.03412772811791504
5176940320835464459;2021-11;0.003714358515005861
5176940320835464459;2021-11;0.003406250669408564
5176940320835464459;2021-11;0.0009128205128205128
5176940320835464459;2021-11;0.001746153846153846
8512214463586144353;2021-11;0.01810341596867986
6721448955097663572;2021-11;0.006438474528543779
7451017400765373278;2021-11;0.005539321216615508
6681781879793693802;2021-11;0.00037037037037037035
7708030042671632236;2021-11;0.0209323488659789
3698481516392183789;2021-11;0.004495207073235023
7722287846688771887;2021-11;0.005301020940940157
7722287846688771887;2021-11;0.002954411398705824
7436628409157313756;2021-11;0.0490726880045573
5448628641564935127;2021-11;0.012606841820598765
2530707686830644666;2021-11;0.006531786782613573
8045116560666679751;2021-11;0.027863141737766335
5303720405946805990;2021-11;0.008843894663403502
1613152204777372951;2021-11;0.0346646565062704
2508429106201166689;2021-11;0.0010451612903225806
2951563549197799278;2021-11;0.011794838896869648
2022367282554149730;2021-11;0.012067869789900465
8570963260597299378;2021-11;0.0019646464646464645
8570963260597299378;2021-11;0.0019646464646464645
7895753719321668294;2021-11;0.003136141765704584
2819054834565698513;2021-11;0.06737455731217666
5757271354816214865;2021-11;0.680353430390457
1292049196559782171;2021-11;0.0006066176470588236
5753677550753111444;2021-11;0.0018744588744588745
8503092146854371576;2021-11;0.008271240735534395
113538242419211987;2021-11;0.007069920011729281
7692330898726665144;2021-11;0.02139223962544951
5810778736737569699;2021-11;0.035314497397217696
8559143756893267192;2021-11;0.048202196878030554
8536980239903840341;2021-11;0.004649157857856231
8536980239903840341;2021-11;0.0035738636363636367
6545052034269841737;2021-11;0.004184577677224736
5255460548789019114;2021-11;0.02609483288885704
7457803471605010846;2021-11;0.008551970415101206
3997247264680905799;2021-11;0.0021507640067911717
3997247264680905799;2021-11;0.003069305422246599
5732713959930509093;2021-11;0.03392465608631156
924957821424248698;2021-11;0.0066570685850097615
1210783884008131648;2021-11;0.0053434732510193325
3036967290595689189;2021-11;0.007280794995267074
2307201111381758912;2021-11;0.0038735011233232298
4235078665660987689;2021-11;0.016169108892245643
3605652314611460806;2021-11;0.004791532160831382
6722781660631652440;2021-11;0.013098988215115695
4237135112070444140;2021-11;0.07879193703800143
7442192566700924647;2021-11;0.005821628902277724
3915426102465954493;2021-11;0.0010638297872340426
1667173444642500307;2021-11;0.010048278803926981
1874361799315286610;2021-11;0.007862314310779167
5358243820364010940;2021-11;0.0007179487179487179
3682570285558758138;2021-11;0.0013523573200992555
3095686599956852697;2021-11;0.004689943753903709
692350198401528327;2021-11;0.005160296812272496
705648002974742140;2021-11;0.02031554870814916
4993499380140734678;2021-11;0.01384394779100701
4614484019183480654;2021-11;0.2785207988018927
1299146298565441811;2021-11;0.04257414229398562
4061297388883391410;2021-11;0.0012903225806451613
